Date,IQR,P75,P25,Median,Mean,Std
2012-05-21,,,,,,
2012-05-22,,,,,,
2012-05-23,,,,,,
2012-05-24,,,,,,
2012-05-25,,,,,,
2012-05-29,,,,,,
2012-05-30,,,,,,
2012-05-31,,,,,,
2012-06-01,,,,,,
2012-06-04,,,,,,
2012-06-05,,,,,,
2012-06-06,,,,,,
2012-06-07,,,,,,
2012-06-08,,,,,,
2012-06-11,,,,,,
2012-06-12,,,,,,
2012-06-13,,,,,,
2012-06-14,,,,,,
2012-06-15,,,,,,
2012-06-18,,,,,,
2012-06-19,,,,,,
2012-06-20,,,,,,
2012-06-21,,,,,,
2012-06-22,,,,,,
2012-06-25,,,,,,
2012-06-26,,,,,,
2012-06-27,,,,,,
2012-06-28,,,,,,
2012-06-29,,,,,,
2012-07-02,,,,,,
2012-07-03,,,,,,
2012-07-05,,,,,,
2012-07-06,,,,,,
2012-07-09,,,,,,
2012-07-10,,,,,,
2012-07-11,,,,,,
2012-07-12,,,,,,
2012-07-13,,,,,,
2012-07-16,,,,,,
2012-07-17,,,,,,
2012-07-18,,,,,,
2012-07-19,,,,,,
2012-07-20,,,,,,
2012-07-23,,,,,,
2012-07-24,,,,,,
2012-07-25,,,,,,
2012-07-26,,,,,,
2012-07-27,,,,,,
2012-07-30,,,,,,
2012-07-31,,,,,,
2012-08-01,,,,,,
2012-08-02,,,,,,
2012-08-03,,,,,,
2012-08-06,,,,,,
2012-08-07,,,,,,
2012-08-08,,,,,,
2012-08-09,,,,,,
2012-08-10,,,,,,
2012-08-13,,,,,,
2012-08-14,,,,,,
2012-08-15,,,,,,
2012-08-16,,,,,,
2012-08-17,,,,,,
2012-08-20,0.6634583094499628,1.2140567064676788,0.5505983970177161,0.8769443321096924,0.9719801363420941,0.5508130532635581
2012-08-21,0.6843356552966783,1.2352595866557037,0.5509239313590254,0.8801593270199539,0.9824082963490148,0.5498014142982292
2012-08-22,0.6833693765251454,1.2321395384855633,0.548770161960418,0.8797837440439926,0.9824935463270469,0.5455441479422767
2012-08-23,0.6835987505352324,1.2333560517010738,0.5497573011658413,0.8801009566850633,0.98217674935183,0.5454904768254104
2012-08-24,0.6789987247776176,1.2259360033262192,0.5469372785486016,0.8750378298267808,0.9822856960613907,0.5444271908732201
2012-08-27,0.6604523494581446,1.2199302691087541,0.5594779196506096,0.868652440625507,0.9819529626780087,0.5440994802845122
2012-08-28,0.6908471341326319,1.2362752399057686,0.5454281057731367,0.8693086295864102,0.9834694803022273,0.5374439863332864
2012-08-29,0.7144321258879562,1.2534614460266027,0.5390293201386465,0.8747535511044788,0.9791493045490106,0.5345276863240075
2012-08-30,0.6995111165594499,1.2437612904122828,0.5442501738528329,0.8769140543751914,0.9806482502826891,0.5346545613760614
2012-08-31,0.6141511075163564,1.172600769762314,0.5584496622459576,0.8905002482313438,0.970208827873024,0.5362179913229306
2012-09-04,0.6119675330193097,1.1692086270555315,0.5572410940362218,0.8879905057325678,0.9687385985430907,0.5362138076844939
2012-09-05,0.6108637725234873,1.1716214221276557,0.5607576496041684,0.9077338985496379,0.9697860990205066,0.5300277041429139
2012-09-06,0.616542042469544,1.1751356731702336,0.5585936307006896,0.8796529301734941,0.9568961058736599,0.53834547053121
2012-09-07,0.6090254808558402,1.1671152274328667,0.5580897465770265,0.8924968110812254,0.9654520974727151,0.527688100783008
2012-09-10,0.6326966024378419,1.1820490921437066,0.5493524897058647,0.8910283826390359,0.9624800017481636,0.5326225599636865
2012-09-11,0.6358153614445361,1.1956378263484524,0.5598224649039163,0.8601837772070468,0.9620232706991415,0.5276811836132549
2012-09-12,0.6402327581491496,1.1940200762173294,0.5537873180681798,0.8671013898105213,0.959153035030804,0.5279400013336609
2012-09-13,0.6414012690564621,1.2009441707974504,0.5595429017409883,0.8464627458289196,0.9601448083487304,0.5289341956923639
2012-09-14,0.6704636442198351,1.2330926014712806,0.5626289572514456,0.8527894591716187,0.9628896453364492,0.5319398735227056
2012-09-17,0.6471132732916054,1.2370336680192184,0.589920394727613,0.8685778849435015,0.959164654549553,0.5350177379909731
2012-09-18,0.6297093560951083,1.2076149281819077,0.5779055720867995,0.874700704741607,0.9592994626748654,0.5363876630025967
2012-09-19,0.6283525164197143,1.2082186600941234,0.579866143674409,0.8736998870805261,0.9572162434487448,0.5357988625200856
2012-09-20,0.6449960044765004,1.2237268673439972,0.5787308628674968,0.8668016683319464,0.9573153934302217,0.5392307993658487
2012-09-21,0.6680718411793252,1.2410897870822046,0.5730179459028795,0.8450413008893674,0.9630121261358477,0.5486661306476255
2012-09-24,0.6591922786065353,1.2352625477959678,0.5760702691894325,0.8509303064333547,0.9594883367928339,0.5531512137621868
2012-09-25,0.664257002542089,1.2327137547361127,0.5684567521940237,0.844255550094321,0.9571183680302329,0.5522751250988268
2012-09-26,0.6817410987292932,1.2345974562847069,0.5528563575554136,0.8556812718249669,0.9617289803301988,0.5577105890647674
2012-09-27,0.6688027845891249,1.2471270702279638,0.5783242856388389,0.8455076937085845,0.9547627463138624,0.5573709137771508
2012-09-28,0.6632326119785174,1.2344358531615804,0.5712032411830631,0.8588341795697085,0.954884533008639,0.5607037703642838
2012-10-01,0.6647359564634345,1.2406693965322542,0.5759334400688196,0.8719223044974158,0.9755602940079828,0.5517963101395917
2012-10-02,0.6662580631006032,1.245557586167077,0.5792995230664737,0.8718155725595869,0.9765172069725873,0.5514217779783097
2012-10-03,0.6424968009182618,1.2435770684388554,0.6010802675205936,0.8598552626964604,0.9740867237035435,0.5434396856325212
2012-10-04,0.6454191851384952,1.2487675909091214,0.6033484057706262,0.8517726025530155,0.9796535669157476,0.5333663053050037
2012-10-05,0.6784774965608129,1.293917730307036,0.615440233746223,0.8461764947676358,0.988740895318234,0.5322433260099327
2012-10-08,0.6790548653096454,1.301395182079118,0.6223403167694727,0.8458748856719835,0.9902208050993384,0.5292988444678
2012-10-09,0.6248224619639832,1.2692162703170622,0.644393808353079,0.8628221691159556,0.9814952397618146,0.5102109832804774
2012-10-10,0.641021182733999,1.3042665193999134,0.6632453366659145,0.8491375190623638,0.9860197833602403,0.49779765315877766
2012-10-11,0.62429935656185,1.2851753279537335,0.6608759713918835,0.8808286708611659,0.991046139374576,0.4895564772073048
2012-10-12,0.6251054625171606,1.2892961411041877,0.6641906785870271,0.8732327923298275,0.9815469351770746,0.49277937706089947
2012-10-15,0.6189226567889861,1.2930161371314126,0.6740934803424266,0.8578753219135669,0.9854018059509765,0.508827212712253
2012-10-16,0.6572289693578116,1.3055092098059613,0.6482802404481497,0.8423293527442772,0.9984882760419355,0.5173523760435433
2012-10-17,0.688164846478572,1.2961733436771188,0.6080084971985468,0.8534215763311509,0.9957522424985457,0.5181375907451989
2012-10-18,0.6682246307891718,1.2951781188698006,0.6269534880806288,0.852167519629264,1.0014652654550942,0.5207910449317505
2012-10-19,0.6580055021038206,1.2871630047932174,0.6291575026893969,0.8862379237811753,1.002099080057577,0.5116801944052325
2012-10-22,0.5555186877634268,1.2418538429099037,0.6863351551464769,0.8784420231521569,1.0153120455751128,0.5222184861777794
2012-10-23,0.624230431192091,1.2619103429459173,0.6376799117538263,0.8691350650317097,1.01929776163448,0.5361835915433989
2012-10-24,0.6179521866555088,1.253774926539301,0.6358227398837922,0.8892926108039549,0.995510344129282,0.4939376644890839
2012-10-25,0.6852262042069498,1.258171119815211,0.5729449156082612,0.8752458697063276,1.013827582865032,0.5589616703696203
2012-10-26,0.6627465464148387,1.2598978377282344,0.5971512913133957,0.8938465241952865,1.038296566136191,0.5448830034964236
2012-10-31,0.642496003268967,1.2426202543090425,0.6001242510400755,0.8871839845480283,1.036359911951131,0.5414317600038981
2012-11-01,0.6581632310251435,1.2433325174521086,0.5851692864269651,0.9011618418431409,1.0333240790173184,0.5468768113544006
2012-11-02,0.6641667676057967,1.2299234011890192,0.5657566335832225,0.90063010812433,1.0226608403743145,0.5545226186236049
2012-11-05,0.6665123112754173,1.2377855362284413,0.571273224953024,0.8782810067396019,1.0031207602510956,0.538642654385396
2012-11-06,0.5705814543808517,1.1841539205973413,0.6135724662164895,0.865826714273136,0.9864925175884897,0.5539390458011962
2012-11-07,0.5788876900028139,1.1882311124307625,0.6093434224279486,0.876942882349889,0.9799526329957942,0.5409648632006908
2012-11-08,0.5845999149446008,1.17506884507325,0.5904689301286492,0.8582394426279434,0.9726657922189652,0.5131368163515987
2012-11-09,0.5474570590430277,1.1735486324518276,0.6260915734088,0.8750043357352509,0.9716628113410104,0.4920390736148017
2012-11-12,0.5368704844290264,1.1662962833403516,0.6294257989113252,0.8746091306546199,0.9700512523696472,0.4931038301746467
2012-11-13,0.5365694946736601,1.1658686015024387,0.6292991068287785,0.8754490309818024,0.9689642201162157,0.49507661408476333
2012-11-14,0.5291109620027056,1.1587279642900883,0.6296170022873827,0.8686302809131982,0.9669181138972223,0.4925924473377556
2012-11-15,0.5421429007479235,1.171312728273449,0.6291698275255255,0.8811857273139085,0.9664632683798738,0.512341083102585
2012-11-16,0.542014163324316,1.172169743326856,0.6301555800025401,0.8774467038358194,0.9661217468071174,0.5113800479007917
2012-11-19,0.5492999704938275,1.1789018952665273,0.6296019247726998,0.8818940030330962,0.9759031807534325,0.49774958843883377
2012-11-20,0.5656310011743708,1.202276959010557,0.6366459578361863,0.9058376777888102,0.963411263153663,0.49198857219916026
2012-11-21,0.5651915252083144,1.2031143679800522,0.6379228427717378,0.906435412035746,0.9632872460441514,0.49128603892149186
2012-11-23,0.5446683262963493,1.1845349915425036,0.6398666652461543,0.9156118304028673,0.9645599369651585,0.49517972178945835
2012-11-26,0.5059094402273068,1.1684307292573468,0.66252128903004,0.8962468172000018,0.9567897880290702,0.48815668989299077
2012-11-27,0.5062127558130454,1.1737592552036369,0.6675464993905915,0.8990763327123147,0.9542619995705367,0.4914362554654381
2012-11-28,0.5549332448637893,1.2264809014802767,0.6715476566164874,0.9049573236363887,0.9556696181269596,0.4959913691313306
2012-11-29,0.573744462441231,1.2341226222008415,0.6603781597596105,0.8921273998055045,0.9584877409149684,0.49420882249909925
2012-11-30,0.5606854303103994,1.22062960232182,0.6599441720114205,0.9069543316364206,0.9606820412923344,0.49188947191295496
2012-12-03,0.560301910778735,1.22038963331952,0.6600877225407851,0.9056093984376463,0.9606842581957259,0.4915253640987593
2012-12-04,0.5652264460162217,1.2241848373686612,0.6589583913524395,0.9186479618519924,0.962325003299759,0.48420093815406606
2012-12-05,0.5538194295111779,1.2088361447251101,0.6550167152139322,0.9236123569501382,0.964419156171799,0.4820102188409711
2012-12-06,0.5604637444571384,1.2113525585619866,0.6508888141048482,0.9196371029610966,0.964663636088945,0.4831285071588405
2012-12-07,0.5621482917964289,1.2169821708237163,0.6548338790272874,0.9440360304575348,0.9655164582601778,0.48366628807857137
2012-12-10,0.5308168470106862,1.1901437112179538,0.6593268642072676,0.9135456376599888,0.9587602176312736,0.49294731641163203
2012-12-11,0.5248247811277487,1.189276018585472,0.6644512374577234,0.9134631274347127,0.958299099145443,0.48855409786661985
2012-12-12,0.5368372470721062,1.188154287770507,0.6513170406984007,0.9275082296787465,0.9573673787552305,0.4874960819437105
2012-12-13,0.5334207148531102,1.1846964315840047,0.6512757167308946,0.9348441250702759,0.9549421514264762,0.4805880510646626
2012-12-14,0.5378019803240144,1.2001222468233506,0.6623202664993362,0.9295633640082032,0.9511070015491363,0.4749607198921541
2012-12-17,0.5072998800407471,1.1809343521139994,0.6736344720732523,0.9246129905343367,0.9473251126389571,0.48301172788151664
2012-12-18,0.5234296662685956,1.1993793984276517,0.6759497321590562,0.9349782446499993,0.9526235060400421,0.48399730374155586
2012-12-19,0.536439926369384,1.1815778976374323,0.6451379712680483,0.9181724128246735,0.9501508539765455,0.47983959011420213
2012-12-20,0.5151918625378453,1.1778145236663062,0.6626226611284609,0.9111870631616692,0.9523279059861173,0.4673200121418638
2012-12-21,0.5105506052915691,1.180967209495398,0.6704166042038289,0.8943081110314726,0.9507494216631862,0.4635433946108522
2012-12-24,0.5135965564952533,1.1792066331055127,0.6656100766102594,0.8958271678376879,0.9494093455684324,0.44235928113441697
2012-12-26,0.5156532991955889,1.1824489475313569,0.666795648335768,0.8971904242242554,0.9499562649927606,0.44370133817577345
2012-12-27,0.5143190251893683,1.1779824476578522,0.6636634224684839,0.9060900106377192,0.9520192790319437,0.4399559158444355
2012-12-28,0.5093725759173127,1.1754620713999757,0.666089495482663,0.9065265608071289,0.9448889097745508,0.43438663725798266
2012-12-31,0.4592259348893044,1.1499883363627006,0.6907624014733962,0.9147821158927816,0.953578311004729,0.4247485930077689
2013-01-02,0.4529721622901778,1.1276560416408103,0.6746838793506326,0.9019962627412237,0.9553458169516328,0.40631125845996824
2013-01-03,0.3975303739150452,1.145498027627052,0.7479676537120069,0.913663522345264,0.9594730714874875,0.3672522642446169
2013-01-04,0.4020788662056415,1.147447809872245,0.7453689436666034,0.9083557639364822,0.9597974360028948,0.3688523920698448
2013-01-07,0.40340646054021634,1.1468844022528777,0.7434779417126613,0.9081722621008221,0.9610378416380196,0.3710667327224874
2013-01-08,0.39670826830302997,1.1286402825001736,0.7319320141971436,0.9052107648185608,0.9586823683786732,0.3729226933158799
2013-01-09,0.3773432069521956,1.1172483075067783,0.7399051005545827,0.9098803640466018,0.9564262711964431,0.3693396311064076
2013-01-10,0.36788194838508304,1.1147757813941037,0.7468938330090207,0.919456310460286,0.9559690034547617,0.3654854378945832
2013-01-11,0.35127882138594624,1.1077718208407832,0.756492999454837,0.9171891452245435,0.9577192086816199,0.36346477264159205
2013-01-14,0.31519027207681716,1.0799435384757032,0.7647532663988861,0.894947633220512,0.9529825130312287,0.38092446173684696
2013-01-15,0.31237753265746027,1.0772495530743096,0.7648720204168493,0.8975029221345544,0.9523428826560258,0.3845908655759127
2013-01-16,0.31257931096642544,1.0766031247893193,0.7640238138228939,0.8967393369774563,0.9524139009963801,0.38508034442835143
2013-01-17,0.31031271618884415,1.0762251329258072,0.7659124167369631,0.895032974130455,0.9486608553448976,0.376063114008268
2013-01-18,0.33490711684460395,1.083274692241703,0.748367575397099,0.9127115385635761,0.9412091501331125,0.3711338099393584
2013-01-22,0.3224463805318891,1.074427418342077,0.7519810378101879,0.908528621739075,0.9480374656943101,0.3765927651036909
2013-01-23,0.3065884264087946,1.0680760804583396,0.761487654049545,0.9111305631728643,0.9439334390553084,0.37479551016019574
2013-01-24,0.30260708784286694,1.0677572044736299,0.7651501166307629,0.8867838842388419,0.9419781103480346,0.37387617125623274
2013-01-25,0.40021396705058554,1.086638091537353,0.6864241244867675,0.8899383641932018,0.9222086886961294,0.3656847033080222
2013-01-28,0.37788631040473664,1.0835987000675478,0.7057123896628111,0.898841173707981,0.9267306342199704,0.3547651222911538
2013-01-29,0.3700235457690949,1.1091298363680984,0.7391062905990035,0.9033239647967948,0.9373745277370672,0.3610431813667174
2013-01-30,0.3527925423610876,1.0848047296317276,0.73201218727064,0.9060595828757332,0.9353831193561477,0.3611943023612028
2013-01-31,0.33846725939778455,1.086219745851718,0.7477524864539334,0.9069178606397675,0.9370381327016629,0.35920185121397397
2013-02-01,0.3557395058027465,1.1005065251301234,0.7447670193273769,0.898071067410936,0.9398581387373413,0.3566955450404287
2013-02-04,0.40438147551984416,1.116318765917843,0.7119372903979989,0.9085139108991358,0.9378091424188142,0.36407786931018415
2013-02-05,0.33817986399689137,1.077688811608917,0.7395089476120256,0.9290912862054518,0.9453423840489038,0.349727213150073
2013-02-06,0.31531296990092783,1.0877091159098276,0.7723961460088997,0.9420791132317361,0.9562611159135265,0.3625582580765955
2013-02-07,0.31978738742324575,1.0907406134884892,0.7709532260652434,0.931293744182021,0.9563817637204874,0.3626440686878636
2013-02-08,0.36953121819550305,1.107994720465947,0.738463502270444,0.9422626141296184,0.9603914720866503,0.3568711538395748
2013-02-11,0.41331478715848136,1.1258466615538856,0.7125318743954042,0.994279862497149,0.9589415399981486,0.3275741984098137
2013-02-12,0.38954072538849294,1.1062242050538653,0.7166834796653724,0.9869030038855933,0.9577804376899176,0.340329302144174
2013-02-13,0.38974720343691693,1.1064285615494764,0.7166813581125595,0.9864126435787651,0.9579179087316884,0.340298261261683
2013-02-14,0.38023772055854255,1.0995237386366226,0.71928601807808,0.990119140303731,0.9574871069723545,0.34033689360338926
2013-02-15,0.38718718153444776,1.1017313075650708,0.714544126030623,1.0026769275435927,0.9610169652107416,0.3455816372175768
2013-02-19,0.35105902251577525,1.0913909768599108,0.7403319543441356,1.0018104868842392,0.9589322303479768,0.32898428036891875
2013-02-20,0.4034660769338748,1.0942608580076052,0.6907947810737304,0.992824497371263,0.959772849093775,0.3317198317495309
2013-02-21,0.4613627795715237,1.0961011447838136,0.6347383652122899,1.0025937049770468,0.9667308186883357,0.3421961255950253
2013-02-22,0.4397199635477633,1.1420007994444512,0.7022808358966879,1.0037937335645637,0.993194066903026,0.36123211472404815
2013-02-25,0.4136440685514672,1.126038359374532,0.7123942908230648,0.9922071405341679,0.9877758015482847,0.36266697746284277
2013-02-26,0.49884777120733026,1.131667511233561,0.6328197400262308,0.9941819721225768,0.9911722826357777,0.384604465042085
2013-02-27,0.5165019195110268,1.1569246886468618,0.6404227691358351,1.0140498677607794,1.0028756612252676,0.39237342346429727
2013-02-28,0.47857344077163466,1.1601785432302227,0.6816051024585881,1.0199176694158534,1.0016538979946934,0.39109921705835415
2013-03-01,0.4510916922759647,1.1512275672476533,0.7001358749716886,1.0088698472135769,1.0013280945114362,0.3922054677516955
2013-03-04,0.4356278402193181,1.1561230616124472,0.720495221393129,0.99947253986492,0.9994647976824464,0.3901894502220455
2013-03-05,0.46462609249683706,1.181242532684565,0.716616440187728,1.0057411871247353,0.9976867384670841,0.3886953618119851
2013-03-06,0.4139938352695729,1.1584857627377154,0.7444919274681425,0.9991364960002684,0.9943216251440035,0.3878639249879559
2013-03-07,0.4159087971137111,1.1626516804011193,0.7467428832874082,0.9999409527822669,0.9920841759150932,0.40238224266667555
2013-03-08,0.40964131361438616,1.157861904706579,0.7482205910921929,1.0050326935153957,0.9940198289330392,0.3973092136922667
2013-03-11,0.41631374358764106,1.1628051178844272,0.7464913742967861,1.0017294397083392,0.9921867713276337,0.3950465634794004
2013-03-12,0.4109345212858826,1.1608874914405942,0.7499529701547116,0.9995523220399816,0.9912635878702744,0.3971876460922634
2013-03-13,0.42800130002330206,1.1676479388845924,0.7396466388612903,1.00807197600605,0.9928312375982619,0.39856877495033155
2013-03-14,0.4241862309707144,1.1664143952903316,0.7422281643196172,1.0069125347631138,0.9923874902114276,0.39901445433345506
2013-03-15,0.4210025197852736,1.160039293418511,0.7390367736332375,0.9978346603559435,0.9843995517023132,0.3951016767824507
2013-03-18,0.45400304445879547,1.1756725192016517,0.7216694747428563,0.9904061058910185,0.9868056637517315,0.3928046613305693
2013-03-19,0.44789333945614485,1.1664781726389322,0.7185848331827873,1.0007061075331085,0.9919441558770413,0.39431532891420934
2013-03-20,0.47301771812626336,1.1830500302352882,0.7100323121090248,0.9948973968067039,0.9927712402222965,0.4015672115987166
2013-03-21,0.46526756864084673,1.164261441955333,0.6989938733144863,0.9779305939094639,0.9880053183704448,0.3934910056259418
2013-03-22,0.44825951816774245,1.1559797676963948,0.7077202495286523,0.9706952246530217,0.9872091915066452,0.39361122572956125
2013-03-25,0.42019533722832436,1.1339013458960912,0.7137060086677668,0.9681359736888853,0.9871605496571763,0.39689827187781024
2013-03-26,0.42920987372479047,1.1349791604822417,0.7057692867574512,0.9613709823825772,0.9898504819636257,0.3960675356209043
2013-03-27,0.37987559949751704,1.119160548746103,0.7392849492485859,0.9696808401496536,0.9965125418543935,0.40638058338774513
2013-03-28,0.40043052046901684,1.1253221854291944,0.7248916649601775,0.9674441797262932,0.9957742469111425,0.40634931653107614
2013-04-01,0.4089889767870081,1.1279943655889841,0.7190053888019761,0.9547352161030326,0.9905660231235278,0.4093270803806944
2013-04-02,0.45498611401841127,1.1414735008477357,0.6864873868293244,0.9465965342951334,0.9832370114745326,0.4014170432093151
2013-04-03,0.4781616821426784,1.1796387073354653,0.7014770251927869,0.9297474904293741,0.9790009613426657,0.41760662291096784
2013-04-04,0.49112368201764856,1.1662986556969952,0.6751749736793466,0.9370385611591802,0.9857562317714469,0.4402088657159076
2013-04-05,0.500224204165554,1.1583370285594012,0.6581128243938472,0.8830546112404426,0.9838899328415915,0.4918049114220627
2013-04-08,0.47505191854466067,1.1628284793553498,0.6877765608106892,0.8562692730786552,0.9797549257299221,0.48368454651265363
2013-04-09,0.45498666659516396,1.1532976018256234,0.6983109352304594,0.8528102282331773,0.9827361091368773,0.48904532459421357
2013-04-10,0.41240006088300907,1.1420607351542817,0.7296606742712727,0.8552826107894163,0.9845627643204365,0.4924678167931273
2013-04-11,0.4437553043721807,1.1343314360798198,0.6905761317076391,0.8923466184675877,0.9790340167281666,0.48650918601243875
2013-04-12,0.45365740024623524,1.1396582037675675,0.6860008035213323,0.8946541256601906,0.9791425606150379,0.4842192097788194
2013-04-15,0.47331098539933936,1.1429965317292998,0.6696855463299605,0.8892388076972054,0.9762101952685249,0.48751431470807727
2013-04-16,0.46431875833409575,1.1025287553676812,0.6382099970335855,0.8584929362306423,0.9388478818318421,0.4204568206100255
2013-04-17,0.4802404587647179,1.1206179504594451,0.6403774916947272,0.9006476993676925,0.940565243061249,0.4237002209345811
2013-04-18,0.46072175672670834,1.111165226206905,0.6504434694801966,0.9082869669278457,0.9351551438829149,0.41254182548544877
2013-04-19,0.5114349902388333,1.1329285127845063,0.621493522545673,0.9011678903609395,0.93715749298517,0.41116901649274734
2013-04-22,0.4777297403744418,1.1229707779884477,0.6452410376140059,0.9201211881514926,0.941544692327377,0.40134396469799455
2013-04-23,0.5030973754524346,1.1448024075176553,0.6417050320652207,0.9176145720508966,0.9411766534977878,0.40293929167569975
2013-04-24,0.4942068435084468,1.1586676547102965,0.6644608112018497,0.9074554158375979,0.9564836170164706,0.41040076316170615
2013-04-25,0.48156845897618816,1.1586193489980183,0.6770508900218302,0.9067055135664966,0.9559114909644195,0.4078831427333182
2013-04-26,0.4897423217905066,1.1572664656243654,0.6675241438338588,0.9084188619795756,0.9595579491942933,0.40912484238485136
2013-04-29,0.498409271941175,1.160689003306213,0.6622797313650379,0.893876822582746,0.9534437631342433,0.4093307065501806
2013-04-30,0.4916898388091798,1.15503602072614,0.6633461819169603,0.9054844467597336,0.9539502080803897,0.4144567256355017
2013-05-01,0.5153565324997371,1.1769973771369646,0.6616408446372275,0.8853663209804863,0.9574600934558978,0.4181370972216444
2013-05-02,0.49464316849829437,1.1618557098425994,0.6672125413443051,0.894985562900356,0.9487402510016681,0.40043568136366026
2013-05-03,0.49299049548313323,1.1561322146240545,0.6631417191409212,0.8876377105830373,0.9459430659122428,0.4015223603424018
2013-05-06,0.5046234347661239,1.1485780741533564,0.6439546393872325,0.8827717592414323,0.942710974698024,0.3999094461746981
2013-05-07,0.5310026893999493,1.1797194575832735,0.6487167681833241,0.8704086002793336,0.9397255293137516,0.4109920450868746
2013-05-08,0.5239569191172813,1.157722373196072,0.6337654540787907,0.8917854786108358,0.9349662487956238,0.40843957256958496
2013-05-09,0.5161290077790439,1.1566977180816447,0.6405687103026008,0.8878660543236666,0.9367899765741986,0.41231005606989696
2013-05-10,0.5308008149752379,1.1701504203229989,0.639349605347761,0.884019000320968,0.9290949772518408,0.3977169340044037
2013-05-13,0.5135856257632054,1.1558472259749042,0.6422616002116988,0.8759978129327239,0.9338203852208965,0.3994289246033093
2013-05-14,0.5145941389068948,1.1587962877088298,0.644202148801935,0.8726230920233606,0.9325014376024975,0.3978582606476832
2013-05-15,0.47115137145842056,1.1188621260779097,0.6477107546194891,0.8884952177214187,0.9300520577177304,0.3953742412736736
2013-05-16,0.468596670254288,1.1185743714135654,0.6499777011592774,0.8758782075665205,0.9319251359991997,0.39536884648352477
2013-05-17,0.4535219726224359,1.1048040832155193,0.6512821105930834,0.8849235908269244,0.93825125201386,0.39491393367735184
2013-05-20,0.4560540416776522,1.1045791816797004,0.6485251400020482,0.8700948344690663,0.9342569880538132,0.3998645944159221
2013-05-21,0.47623825613710824,1.1176809137503683,0.64144265761326,0.8672083376749921,0.9314892999343726,0.39394460434077944
2013-05-22,0.42043053020664767,1.0858689318736303,0.6654384016669826,0.8590766649631678,0.9239169013021156,0.3760999449951923
2013-05-23,0.4248336145711502,1.085803257048846,0.6609696424776959,0.8707897233512576,0.9269127459335831,0.3674553781894227
2013-05-24,0.4397576276738451,1.1014172929799155,0.6616596653060705,0.8697024777033724,0.931307044437961,0.3705328261311176
2013-05-28,0.46009005500233,1.1318512823166713,0.6717612273143413,0.8431536973632945,0.9197498152416336,0.36539090117533707
2013-05-29,0.4974305699046231,1.1466045019620323,0.6491739320574093,0.830181804550977,0.9152772822940279,0.36329419618348147
2013-05-30,0.42488227359454867,1.1324190742470464,0.7075368006524977,0.839457437733076,0.9232778880491115,0.330892289431564
2013-05-31,0.4350007244348457,1.141003471519856,0.7060027470850103,0.8407911343978748,0.9232525237960381,0.33443664138853485
2013-06-03,0.3563670651309627,1.0998196185846227,0.74345255345366,0.8535330841893698,0.9247143344062227,0.30346545739853464
2013-06-04,0.3338841744600727,1.099187681525819,0.7653035070657463,0.8476544411898431,0.9208580817424067,0.3003649743658863
2013-06-05,0.3657056890738537,1.1098810957963634,0.7441754067225097,0.8568883103718503,0.9226784021414621,0.30383384490241966
2013-06-06,0.3719736974497799,1.120920382967114,0.748946685517334,0.8597163864881974,0.9234449785421179,0.3023354913614093
2013-06-07,0.38882349791052717,1.1210753930496806,0.7322518951391535,0.864067278374572,0.9216520325050409,0.29460638595284605
2013-06-10,0.38534706889662385,1.1296173174658486,0.7442702485692247,0.8580746494733694,0.9299473905460309,0.3034649477808846
2013-06-11,0.38934374733298116,1.1388038735931647,0.7494601262601835,0.8590573408821691,0.9303755440434164,0.3038875829932275
2013-06-12,0.4187639246167829,1.1461090448511475,0.7273451202343646,0.8764660867645881,0.9382194363990745,0.3148799407628006
2013-06-13,0.3993270061544455,1.1382504555192248,0.7389234493647793,0.8748294236915833,0.9410851108361343,0.3096017936924141
2013-06-14,0.3813930581406644,1.1440206487507174,0.762627590610053,0.8732211915106194,0.9462582318262635,0.30954924964302477
2013-06-17,0.377646297017323,1.1342486006990145,0.7566023036816915,0.8813995790769951,0.943756030077297,0.3130240627141169
2013-06-18,0.3664637987381819,1.1308879252072592,0.7644241264690773,0.8742784011385221,0.9439102943974915,0.3135937209578914
2013-06-19,0.356071670684166,1.1135935917687627,0.7575219210845967,0.8736172939468649,0.943394006143267,0.30339877415760536
2013-06-20,0.3310743197006011,1.0995448005196058,0.7684704808190047,0.8809953039262339,0.9434100526256309,0.2762213506222177
2013-06-21,0.29669233650991755,1.0950713557317266,0.7983790192218091,0.8848098046011612,0.9622610775137661,0.2532703474130384
2013-06-24,0.28786768128478757,1.0992604479075538,0.8113927666227663,0.8749189880936012,0.962294501187633,0.25944999488152964
2013-06-25,0.30817021216108353,1.109872698110071,0.8017024859489875,0.8791887610517235,0.958844558712528,0.26364173472440056
2013-06-26,0.3072794845084945,1.108954883436256,0.8016753989277614,0.8908774726172057,0.9582077749158024,0.26677701748555344
2013-06-27,0.2981915335780856,1.1062939250128885,0.8081023914348029,0.8842205532314942,0.9583769280305401,0.2572117788190275
2013-06-28,0.30096215181948904,1.1046237291847363,0.8036615773652472,0.9033997481284208,0.9607716078319647,0.25882735826750264
2013-07-01,0.3324364755400846,1.1393606478087492,0.8069241722686646,0.8929785157886119,0.963879537005943,0.25934480398196236
2013-07-02,0.3643438064685436,1.145214102048797,0.7808702955802533,0.9012889560122463,0.9624301845158233,0.2678022188067402
2013-07-03,0.30076076048354006,1.100903424773989,0.800142664290449,0.8964210138363247,0.9582438667450017,0.25478591416703555
2013-07-05,0.30772045671900206,1.1111659697529848,0.8034455130339827,0.9057014016282308,0.9582926545497502,0.2572992641589215
2013-07-08,0.3202533544959356,1.1087991887827076,0.7885458342867719,0.9000029833520674,0.9563379782315786,0.2600573262534452
2013-07-09,0.3035022471120574,1.0946479630032415,0.7911457158911841,0.9107969163472005,0.9565055114231786,0.2553517515138468
2013-07-10,0.2991959465794881,1.1000202957951057,0.8008243492156176,0.9114386983207667,0.9602331130292511,0.2576484070334565
2013-07-11,0.30581418434476737,1.098763459319514,0.7929492749747465,0.9135429426592491,0.961154512366782,0.2649707415824914
2013-07-12,0.33008604731903746,1.1231142161119203,0.7930281687928828,0.9139495309085891,0.9676285282440903,0.2612456646565999
2013-07-15,0.34558270824593507,1.1257133583523775,0.7801306501064424,0.9146130737859359,0.9681284891849201,0.2595680732491497
2013-07-16,0.3339606563270303,1.1228538148099816,0.7888931584829513,0.9099333626739735,0.9897598090570199,0.27851824555840243
2013-07-17,0.34629333942656637,1.1351186039345507,0.7888252645079843,0.9168348910219917,0.9939890671517725,0.2879871680318799
2013-07-18,0.3234082098723592,1.1576738947124807,0.8342656848401215,0.921407540669345,1.0017938714137444,0.28254193429004926
2013-07-19,0.3113958114580364,1.1319887941693803,0.8205929827113438,0.9275625528455639,1.00120806334331,0.28087413425376906
2013-07-22,0.3122617654364177,1.1332856796367812,0.8210239142003635,0.9103068005955754,1.0005676608541274,0.2901808757218534
2013-07-23,0.318797677846552,1.1425348214467341,0.8237371436001821,0.9190296619399487,1.0007985549854206,0.28924883885909375
2013-07-24,0.2915631253010882,1.1211660476473528,0.8296029223462646,0.9199326263174572,0.9903273643023767,0.276589086545008
2013-07-25,0.2925230203841094,1.1317276996860106,0.8392046793019012,0.9151449271469972,0.9938311913919203,0.2823493846579801
2013-07-26,0.2596162675983372,1.1020876250544736,0.8424713574561363,0.9280661635746636,0.9949001618129331,0.2811856285453923
2013-07-29,0.2661048198540007,1.1061002141322482,0.8399953942782475,0.9344382871555523,0.9949721207404961,0.2780114881592853
2013-07-30,0.2867862744713836,1.106129050063105,0.8193427755917213,0.9344806755608115,0.9927764392331766,0.28555204765544534
2013-07-31,0.30334189758969854,1.1174533126410706,0.8141114150513721,0.9327124461019398,0.9930119440813746,0.28559140072830597
2013-08-01,0.28961297166976174,1.108863558812181,0.8192505871424192,0.9374389613254147,1.0028362831007842,0.3126798113516513
2013-08-02,0.3428447564028022,1.1420666029300226,0.7992218465272204,0.9600809274665816,1.0018856922098178,0.3086691503385526
2013-08-05,0.3425042465411755,1.1516957158237258,0.8091914692825503,0.9553956717084038,1.0090352180056328,0.30299095500054013
2013-08-06,0.3409094757932156,1.1516948166199974,0.8107853408267818,0.9559332805063829,1.0072012330318365,0.30164096031695
2013-08-07,0.34616142149421936,1.1541947469663167,0.8080333254720974,0.9461704359148787,1.0097288847749897,0.3072769410090164
2013-08-08,0.3602223277453388,1.1704321012258692,0.8102097734805304,0.94915763078125,1.0090856139195061,0.30518887600506456
2013-08-09,0.3797869679293451,1.1818901564344135,0.8021031885050685,0.9504773652064322,1.015459370676791,0.3171746664804428
2013-08-12,0.37188225259865604,1.1787380106318797,0.8068557580332236,0.9447279264732344,1.013876214480907,0.3111666117615548
2013-08-13,0.37024015306240887,1.1776958872377936,0.8074557341753847,0.9472408146039212,1.0152824464879566,0.31416930413280564
2013-08-14,0.36495341363682066,1.1768656569584144,0.8119122433215937,0.9452782280267413,1.0174986871067535,0.3143103675950703
2013-08-15,0.3714514055537863,1.1666721199938173,0.795220714440031,0.9497578913997996,1.0149856895984244,0.31080796509447134
2013-08-16,0.37690373745832506,1.1689200030608322,0.7920162656025072,0.9296386292257106,1.0020029432452608,0.30370555850862346
2013-08-19,0.379498676617708,1.1874868116917643,0.8079881350740563,0.9489907111350062,1.0068980743394134,0.3010285838656118
2013-08-20,0.3740049605012127,1.1763156129678685,0.8023106524666558,0.9315023628629224,1.0047099109333788,0.30207569524386574
2013-08-21,0.38499724191588247,1.183315634098308,0.7983183921824255,0.9266568270522069,1.0051645516091565,0.3082574424973344
2013-08-22,0.3607307151045358,1.1746177818553862,0.8138870667508504,0.9310932549584943,1.0029346526212164,0.30912125496866444
2013-08-23,0.37618368735853425,1.1853411132424814,0.8091574258839471,0.9186804418096461,1.0002173289880365,0.3150851813766181
2013-08-26,0.363811397353342,1.1849940064459819,0.8211826090926398,0.9280707748517627,1.0030407153566339,0.3149166996265949
2013-08-27,0.36025121759622925,1.1791606563961836,0.8189094387999544,0.9232078615211863,1.0084785363526723,0.2966732173852419
2013-08-28,0.3783549302532344,1.166154806093567,0.7877998758403325,0.9132591080062088,0.9937784737827813,0.3008967566655167
2013-08-29,0.38250850357722765,1.1726142626726557,0.790105759095428,0.9126098069492501,0.9933780855459913,0.29703385936906196
2013-08-30,0.39730708044299656,1.1636802901340497,0.7663732096910532,0.9215439769678959,0.9963100303899555,0.30324766354687066
2013-09-03,0.3894942630248891,1.160181768987182,0.770687505962293,0.9231517839616183,0.998959388270962,0.3163861928482557
2013-09-04,0.4062216545790234,1.1780073593739235,0.7717857047949002,0.9205559291772976,0.9975542544523989,0.3196540593940161
2013-09-05,0.4166473376181893,1.193987539016073,0.7773402013978837,0.8806659713173551,0.9976780197905517,0.3224479714671966
2013-09-06,0.4182503380917717,1.1947691036017938,0.7765187655100221,0.8820638550697157,0.9999419296068711,0.32763936614924505
2013-09-09,0.38763087478619607,1.1725517728473078,0.7849208980611118,0.9029693281633511,0.9959860325653478,0.31988159995008386
2013-09-10,0.3999358871556504,1.169425626508421,0.7694897393527707,0.8894458592825684,0.99277146183925,0.3166516299528941
2013-09-11,0.38445070663360215,1.1688998969579267,0.7844491903243246,0.9014231729653062,0.9919176699625153,0.3144304063351296
2013-09-12,0.38655839309448603,1.1626794879660283,0.7761210948715422,0.8815135037083301,0.9896627435402865,0.31569619834614177
2013-09-13,0.35602944886866106,1.1459773604457646,0.7899479115771035,0.890960356565507,0.9934402858513643,0.3256209498857332
2013-09-16,0.35301134986724425,1.1530642057732505,0.8000528559060063,0.8895559155301116,0.9951135379471793,0.3261365063375696
2013-09-17,0.3916060806256234,1.1729307858073592,0.7813247051817358,0.9013537545662824,0.990569189694109,0.32162589675870146
2013-09-18,0.3861675788289556,1.1740138062465304,0.7878462274175748,0.8844803431299075,0.9910305447307598,0.326128638419376
2013-09-19,0.3825743553743711,1.166809911366704,0.784235555992333,0.9076747442563077,1.0056553873026042,0.34459427517604857
2013-09-20,0.54656640833327,1.2588934980514424,0.7123270897181724,0.8356132334446876,0.9849804745197088,0.3920515010150148
2013-09-23,0.5196166365954384,1.2297385531210776,0.7101219165256392,0.8540613684728873,0.9826427454921287,0.38523966668880283
2013-09-24,0.47997508444373094,1.226748148009249,0.7467730635655181,0.9024900211286151,0.9931352147211686,0.42317973688652405
2013-09-25,0.4214184559655334,1.169410330061284,0.7479918740957505,0.9216062115968957,0.9916635033693323,0.41859406885249933
2013-09-26,0.45478057627057433,1.1815165905010527,0.7267360142304784,0.8979146408618079,0.9896857163364217,0.42742555301204865
2013-09-27,0.4373182282002229,1.171952212264938,0.734633984064715,0.9056618273624033,0.9902097975044577,0.42940689220245326
2013-09-30,0.44558620884537936,1.1663815583176749,0.7207953494722955,0.9389690412406861,0.9870402260674849,0.42534774284495697
2013-10-01,0.444746291503639,1.177971313094603,0.733225021590964,0.9296881133322574,0.9912460394806448,0.4147950812762094
2013-10-02,0.40378750262398166,1.138173002485173,0.7343854998611914,0.9390894103691143,0.9856617163774278,0.412115299720658
2013-10-03,0.4176662621726045,1.1530264081921895,0.735360146019585,0.9342643150330372,0.9860438299491415,0.4100410193878425
2013-10-04,0.3751034348866763,1.147560602411749,0.7724571675250728,0.9308155306220557,1.0030845494847531,0.4015279945892922
2013-10-07,0.4100385334416393,1.1615058122943038,0.7514672788526645,0.9008986973968436,0.9942639535579307,0.40505543065635746
2013-10-08,0.45317125806604786,1.1808224248316712,0.7276511667656234,0.9102192042780228,0.9842850979210087,0.40721806052589377
2013-10-09,0.49327920815049886,1.1974936846602948,0.704214476509796,0.8958272522515556,0.9838077978281479,0.4233798868769054
2013-10-10,0.5855333700109794,1.249448985209576,0.6639156151985967,0.8592975194579451,0.9675651805110448,0.4190700337036381
2013-10-11,0.599450735741437,1.2471356497960575,0.6476849140546205,0.8830006957053017,0.9748109136001997,0.4048733130318533
2013-10-14,0.6016260722433785,1.2528104803767035,0.651184408133325,0.8891042624638344,0.9737558932110721,0.3962701105237723
2013-10-15,0.5748855852155355,1.2151753136606467,0.6402897284451112,0.8872781338229192,0.9717532158732372,0.40324721733851376
2013-10-16,0.5535539629157624,1.2081937860348675,0.6546398231191051,0.9024371415008261,0.9683677318573409,0.3957102969006663
2013-10-17,0.5351070780178004,1.224576335284072,0.6894692572662715,0.8836028000967344,0.9766556877704632,0.3798093623130343
2013-10-18,0.5029024061755027,1.2117027325161045,0.7088003263406017,0.8989910337199514,0.9812522165121884,0.37601240279349785
2013-10-21,0.500440490531375,1.2055609179433677,0.7051204274119928,0.8916595104927436,0.9780913199634023,0.37036294803168124
2013-10-22,0.49483747465810524,1.2028554571279715,0.7080179824698662,0.8922373900657075,0.9778705071608406,0.36664168892593013
2013-10-23,0.4714248968735768,1.1900636327906513,0.7186387359170745,0.8820437355744639,0.9660094491912006,0.3412002181523688
2013-10-24,0.49552926196586733,1.1982468625833245,0.7027176006174571,0.9083328573902643,0.9679791792646502,0.33194059378418284
2013-10-25,0.5003879344937714,1.1992390079458388,0.6988510734520674,0.9124348328278395,0.9691396244308764,0.3323822187848439
2013-10-28,0.4999662732890652,1.1969405176623453,0.6969742443732801,0.9290963045271445,0.9735996594586822,0.33273651877546934
2013-10-29,0.49469486426493015,1.1942779975560773,0.6995831332911472,0.922721448219877,0.972625280202036,0.3314834303327012
2013-10-30,0.48052794662310494,1.1889865915718096,0.7084586449487047,0.9194199651013004,0.9716557279079694,0.3309432298634078
2013-10-31,0.4938860706613759,1.1889212350204281,0.6950351643590522,0.9582336620018794,0.9740360418473777,0.3310481085011489
2013-11-01,0.49316462008530226,1.1878296940924946,0.6946650740071924,0.9553799228168831,0.9719396343974235,0.32879804057740375
2013-11-04,0.48699205165630566,1.1912965799681305,0.7043045283118249,0.9562054541353868,0.9748486949840788,0.3297175696488547
2013-11-05,0.4544799569111039,1.1729766097913537,0.7184966528802498,0.9561218580692965,0.9739551150466633,0.32911634056315636
2013-11-06,0.45290923909803016,1.1796018451582104,0.7266926060601803,0.951503152484136,0.9711233567384673,0.3228274873634765
2013-11-07,0.42533042851379754,1.1675817372879214,0.7422513087741238,0.9282193026176794,0.9680972883773874,0.3200568957400031
2013-11-08,0.4376178264683588,1.1653310402851258,0.727713213816767,0.9343770629532302,0.9763435394821963,0.316596732651011
2013-11-11,0.4269694327443265,1.16483274427718,0.7378633115328534,0.8997949752980857,0.9703776950170897,0.3204265546759691
2013-11-12,0.43126840329517113,1.170919783887281,0.7396513805921098,0.8976215807275707,0.9715608554029103,0.3212681774122218
2013-11-13,0.43602179552284337,1.1769079346209148,0.7408861390980714,0.9211751194546236,0.9729535660687376,0.3258658220129577
2013-11-14,0.4874423589789697,1.206183362508539,0.7187410035295693,0.9816942199355743,0.9835381405918464,0.33315391799743355
2013-11-15,0.46465296739404516,1.1909821671713428,0.7263291997772976,0.9781719539202793,0.9853552970710411,0.33717389534062225
2013-11-18,0.4513400852598153,1.1942492647405536,0.7429091794807383,0.9634172500260612,0.9878110603780687,0.3349816846992878
2013-11-19,0.4640411967576069,1.1980446715879158,0.7340034748303089,1.0158288955952521,0.9921786099772565,0.33699098702188623
2013-11-20,0.4855909127778857,1.2028397814869507,0.717248868709065,0.9995315027111029,0.988607615048517,0.34233589560523375
2013-11-21,0.4857701426007358,1.2085585334861415,0.7227883908854057,0.9541379347026908,0.9930237727278736,0.341717906564704
2013-11-22,0.49558393772931253,1.218304909677664,0.7227209719483514,0.943387918749512,0.9886419782081217,0.3450158062731901
2013-11-25,0.5229643167724176,1.2165903609446955,0.6936260441722779,0.9480822396787834,0.9859910177116087,0.34872579282065963
2013-11-26,0.4578472999298657,1.2033863224585775,0.7455390225287117,0.9947631759281763,1.001837186719481,0.3385413413573828
2013-11-27,0.4608956931340571,1.199904142394055,0.739008449259998,0.9874443190845852,1.0007805708752942,0.33722006558048134
2013-11-29,0.46607233279595617,1.2063772826902324,0.7403049498942762,0.9936326344341493,1.0011116753229303,0.33731361092886447
2013-12-02,0.4719214376153614,1.206934588921306,0.7350131513059445,0.979847308819961,1.0051808860368172,0.3445935743744908
2013-12-03,0.44544964806157594,1.1923940823833903,0.7469444343218143,0.9798039761855581,1.008321270976697,0.3375842063935837
2013-12-04,0.4743490794854309,1.1939045557097083,0.7195554762242774,0.9830299376617061,1.0061664936774923,0.3488438764184831
2013-12-05,0.47381857594925714,1.195420704953494,0.7216021290042368,0.9871676193669809,1.0057570037914756,0.34661599266008636
2013-12-06,0.44387434614404486,1.1784845811094995,0.7346102349654546,0.9806301325424173,1.0076314197452216,0.344605009631715
2013-12-09,0.4123076177128522,1.1811067748481205,0.7687991571352684,0.980857049470881,1.0010160968803454,0.33024818624148294
2013-12-10,0.4028426806373029,1.1613893950659853,0.7585467144286824,0.9553464370002309,0.9920650713400168,0.32487669992543866
2013-12-11,0.39659055679803346,1.160869330820727,0.7642787740226935,0.9530415861290942,0.9891561845015855,0.31644761201406535
2013-12-12,0.4133366220638547,1.1622467161561563,0.7489100940923016,0.9766202195777617,0.995748167075971,0.31950449773451595
2013-12-13,0.39990578071750515,1.1583569497081005,0.7584511689905954,0.9840540766926404,0.9912506766163423,0.3121408563758467
2013-12-16,0.3975652397176639,1.1511349605967593,0.7535697208790955,0.9978535427505382,0.9937832900706618,0.3145367874549709
2013-12-17,0.3941028063885157,1.1426272464776548,0.7485244400891391,0.9916186131052344,0.9872893251683835,0.3120082959633026
2013-12-18,0.39890816249306993,1.1581616626244207,0.7592535001313507,0.9871018753059777,0.9743163826377936,0.31568852068072634
2013-12-19,0.45925021045367354,1.2241052480123316,0.764855037558658,0.9744871003192878,0.9833127204149832,0.31333629110625766
2013-12-20,0.45656873229097106,1.2415683758191114,0.7849996435281403,0.9539751454398206,0.9861435161748864,0.3302010424275429
2013-12-23,0.4521710956997047,1.2195150555040082,0.7673439598043035,0.9699891694401305,0.9833036649833258,0.31450009465902284
2013-12-24,0.4419310410916706,1.2084305123792274,0.7664994712875568,0.9788880394581684,0.984776410464134,0.31522855855604687
2013-12-26,0.45271519478619726,1.2165403738517022,0.763825179065505,0.9804762341776184,0.9873076404814858,0.31652228849269176
2013-12-27,0.4499158636197158,1.2193829075985094,0.7694670439787936,0.9763369274403344,0.9851646170667199,0.31408681122118864
2013-12-30,0.46773026372576654,1.2286374802615039,0.7609072165357373,0.9755272418194793,0.9890735455109143,0.32072219543757385
2013-12-31,0.4594740401761396,1.2207043033328695,0.7612302631567299,1.0006191814189682,0.98770035655265,0.32440761533818524
2014-01-02,0.46402832908916436,1.2303136986041143,0.76628536951495,1.0071346898206595,0.9887896128778184,0.32424099025808556
2014-01-03,0.43200547744574536,1.2003951287102175,0.7683896512644721,0.9819181341392049,0.9820440293951738,0.3097981799881304
2014-01-06,0.4360540359027024,1.1880481340696731,0.7519940981669707,0.9981657308189147,0.9767279076674377,0.3120994829743301
2014-01-07,0.4235374814136045,1.1785928765905502,0.7550553951769458,0.9899047893746563,0.9732844281592042,0.30836223259238393
2014-01-08,0.4047001971464722,1.1686476692712713,0.7639474721247991,1.0125959549389438,0.9781821773062359,0.2989803246837526
2014-01-09,0.37991765443516157,1.1876803076647358,0.8077626532295742,1.0053770654210195,0.9803445006195248,0.2989331630620462
2014-01-10,0.3791125932673506,1.1886949679394025,0.809582374672052,1.011899334548919,0.9813535758109124,0.2980477007335114
2014-01-13,0.3508749537882767,1.1636199105771818,0.8127449567889051,1.0347861133721357,0.9720142134705659,0.34385391802753945
2014-01-14,0.3819185556845015,1.1823947978693972,0.8004762421848957,1.0284733328223286,0.9713606914143285,0.35337604863129224
2014-01-15,0.4112845965121188,1.2217936994174061,0.8105091029052873,1.0253715277767879,0.9798442646374237,0.35162381977342705
2014-01-16,0.4653215726722777,1.2711088810838083,0.8057873084115306,1.0325164798430393,0.9897474204803551,0.36230897033280407
2014-01-17,0.4528903598173557,1.211672029490574,0.7587816696732184,1.015483678502588,0.9771236900177173,0.37410747558154833
2014-01-21,0.5084095073403171,1.2472120620800982,0.7388025547397811,1.016196850255025,0.9740608136878285,0.3707536784933368
2014-01-22,0.5426057252113546,1.2936263689494434,0.7510206437380887,0.9575514101002408,0.9780137130011425,0.34743998420372757
2014-01-23,0.5430542275555781,1.2922263147857396,0.7491720872301615,0.9585513112959249,0.9781673426082308,0.34531694093622256
2014-01-24,0.5348061189666089,1.2654330603979247,0.7306269414313158,0.9728269071645734,0.9677292569786308,0.3817734010173065
2014-01-27,0.39554794581301067,1.1792217227601292,0.7836737769471185,0.997064668211326,0.9523361821945537,0.35693992440492023
2014-01-28,0.4367481254433426,1.18715523029398,0.7504071048506374,0.9982585099852758,0.9502892601721226,0.35762135485944446
2014-01-29,0.44900395814494787,1.2093954167673104,0.7603914586223626,0.9920795058827587,0.958754256328263,0.3650738978449456
2014-01-30,0.42301748590616217,1.188011284385941,0.7649937984797788,0.9955149517717862,0.9698596281326852,0.3570836114580503
2014-01-31,0.4608683758381398,1.220370741868751,0.7595023660306113,0.9299309184909726,0.9883540398024879,0.38861863266014535
2014-02-03,0.4883580474088267,1.20748591496451,0.7191278675556834,0.9525010834689507,0.986685755910396,0.39696785485641367
2014-02-04,0.3833312632158179,1.1906973676613313,0.8073661044455134,0.9771681338071663,0.9778751069872621,0.36955417900836013
2014-02-05,0.38751668268579675,1.1917738828217854,0.8042572001359887,0.9805099933252137,0.9752935195663058,0.37297176276717703
2014-02-06,0.3884805471319821,1.1842145743848973,0.7957340272529152,0.9774731243930057,0.9748812617216415,0.3750650900422275
2014-02-07,0.3936033587167038,1.1971801546448106,0.8035767959281068,0.9704844554842278,0.9781536614226323,0.3719581161649846
2014-02-10,0.37931647779179833,1.1712858010724359,0.7919693232806375,0.9882211674039827,0.9791538547004967,0.37261340414150285
2014-02-11,0.4001071772082334,1.1693271179046423,0.7692199406964089,1.0009267067640422,0.9726928622319697,0.36751687920611426
2014-02-12,0.3889440547733869,1.1732297521449753,0.7842856973715884,1.0140855115482506,0.9775587743355997,0.359828549205321
2014-02-13,0.39008220117871506,1.1731468274074524,0.7830646262287373,1.0148858812808577,0.9777872186319386,0.35993124077526567
2014-02-14,0.385854854663092,1.1597180251376926,0.7738631704746006,1.0081971498288067,0.9778537667414943,0.35867500375455447
2014-02-18,0.42452791914287014,1.1619677168601013,0.7374397977172311,1.0168532109510986,0.9759020576046551,0.3531423267927819
2014-02-19,0.42349342701701487,1.1641273476369687,0.7406339206199538,1.017301441654876,0.9739095615132924,0.35709928076455155
2014-02-20,0.4360349524914625,1.1771624720902811,0.7411275195988186,1.0212711650325186,0.979259262478211,0.36188653962170486
2014-02-21,0.4015864139820464,1.1485491327418482,0.7469627187598018,1.0213823566184583,0.9793088828471427,0.35588231348238003
2014-02-24,0.39781865434198416,1.1408649449279284,0.7430462905859443,1.0224255792409136,0.9795005417208574,0.3571099319596229
2014-02-25,0.4062021042509173,1.1559810220112587,0.7497789177603414,1.0140442044120948,0.97854051580796,0.36040573027716544
2014-02-26,0.42026314231666373,1.1619567416400944,0.7416935993234307,1.0318343876510776,0.9793542449692691,0.36335257666981413
2014-02-27,0.4020814128072673,1.1490658683093957,0.7469844555021284,1.0363919169809177,0.9814705006599274,0.36561922236768657
2014-02-28,0.40694010096672373,1.157177142481162,0.7502370415144384,1.0367332497208877,0.9819466142736677,0.36142636345472734
2014-03-03,0.40619960146850076,1.161700526313368,0.7555009248448672,1.0379226409232132,0.9804967396730859,0.35788145811531696
2014-03-04,0.4192068661748197,1.1783369810590603,0.7591301148842405,1.0360890531073816,0.9820832864709383,0.35420212574843113
2014-03-05,0.3620809610200656,1.1476336995562886,0.785552738536223,1.0186284199016948,0.976451172138524,0.3407035291844138
2014-03-06,0.3697017110332772,1.152306745849739,0.7826050348164617,1.024806177896667,0.9751371751607041,0.33983216908468306
2014-03-07,0.3720196473590025,1.1585816097626984,0.7865619624036959,1.022305208865379,0.9782605723374102,0.34266031715311607
2014-03-10,0.369230367629082,1.1577382096183335,0.7885078419892515,1.0233485926098516,0.9783947905022209,0.3438619942255444
2014-03-11,0.3931918460832301,1.1664455069579733,0.7732536608747432,1.0267420474144286,0.9782321845508706,0.34670145456024526
2014-03-12,0.43023734042011497,1.1690327921633523,0.7387954517432374,1.0214970489109467,0.9823700499310722,0.3690497609846236
2014-03-13,0.43216554848809685,1.1690889499927153,0.7369234015046184,1.0221838140633288,0.9827175956991007,0.36880522333190685
2014-03-14,0.44993929435081026,1.177239207431457,0.7272999130806468,1.0149577049747678,0.9822713199309228,0.3788346626964521
2014-03-17,0.41011588278144284,1.165825594518212,0.7557097117367693,1.0018040021431203,0.9779426729264764,0.37688212951203404
2014-03-18,0.4187049819092865,1.1721672842560302,0.7534623023467437,0.9903322794537108,0.9776124732096344,0.3799762283094141
2014-03-19,0.4097029256930067,1.1741045157549401,0.7644015900619334,0.9865395933314294,0.9761058582070139,0.3823385890761624
2014-03-20,0.38950287920550886,1.150028447307687,0.7605255681021781,0.9976084581183948,0.9810269097262757,0.38160892803165863
2014-03-21,0.3964535196208754,1.1771584887758042,0.7807049691549288,1.004288710581273,0.9856216696116301,0.3818804583264623
2014-03-24,0.39689811458680857,1.1571079787416318,0.7602098641548233,0.9660055527527107,0.9815100788972141,0.4195101871212179
2014-03-25,0.39833053773107896,1.1540555282043763,0.7557249904732973,0.9589408153182304,0.9821589207587683,0.4271920528862116
2014-03-26,0.3721456427174481,1.133535087449747,0.7613894447322989,0.9658544360449013,0.9810990479879008,0.42524586100656814
2014-03-27,0.4153011004963518,1.163055688736282,0.7477545882399301,0.9558765282931228,0.9844439460658223,0.4356657803785854
2014-03-28,0.42240230453049243,1.1676623832999922,0.7452600787694997,0.9498682782509652,0.9840374389013243,0.43606177579831806
2014-03-31,0.43147175175469843,1.1726184163890463,0.7411466646343479,0.9425089554414647,0.9838301776394736,0.43368471355415616
2014-04-01,0.4342487356123419,1.1667911191611182,0.7325423835487763,0.9435522811393398,0.9776290133150138,0.42368051030553433
2014-04-02,0.48452792521624943,1.1958430277337093,0.7113151025174599,0.9287451063858716,0.9763352140064593,0.4337602530989141
2014-04-03,0.4852826388925814,1.1949379893083774,0.709655350415796,0.9293559749292639,0.9771081249344106,0.4368591827539687
2014-04-04,0.5040709404347509,1.2073024386429976,0.7032314982082467,0.9351474461282197,0.9820490542908977,0.4572886657977946
2014-04-07,0.5132138916297723,1.2067541187892648,0.6935402271594925,0.9299335559570152,0.9775006414323956,0.4744179188441885
2014-04-08,0.5377803029812961,1.216106991147306,0.6783266881660098,0.9217017313602716,0.9767954208402301,0.4760364067939293
2014-04-09,0.4976281416062275,1.2032635703699675,0.70563542876374,0.9177127635814615,0.9801231715798264,0.47779407397739887
2014-04-10,0.5300004910619238,1.2149466479322348,0.684946156870311,0.9120714395475864,0.9758740483627105,0.4844361246926654
2014-04-11,0.5208105001755721,1.208023341094017,0.687212840918445,0.9193040446355463,0.9740407296473494,0.491785924096268
2014-04-14,0.5184153671140216,1.2109702616968125,0.692554894582791,0.9293601673303268,0.9762242201465837,0.49372064587939607
2014-04-15,0.4936913964351137,1.1975200724855652,0.7038286760504515,0.9058821183884815,0.9744971433471327,0.4871611477961889
2014-04-16,0.4677650143425369,1.1747486363611301,0.7069836220185932,0.9009476165965813,0.9690536052132764,0.4578182723187631
2014-04-17,0.43817573305449775,1.1582237608756427,0.720048027821145,0.90017837849163,0.9629282396509672,0.45055816712670027
2014-04-21,0.4336935924724181,1.1563241198659582,0.7226305273935401,0.900006078300335,0.9626778478212972,0.4504822320730582
2014-04-22,0.44074246008624995,1.1702794055301433,0.7295369454438934,0.8918205195589508,0.963768962690301,0.45763297047582546
2014-04-23,0.4307987506383464,1.16459930265701,0.7338005520186637,0.8871382469131055,0.9666551853665625,0.4619735988894643
2014-04-24,0.4295069150646036,1.1645161401020023,0.7350092250373987,0.8884496954351753,0.9685424720737997,0.46390488085359005
2014-04-25,0.47385943453115786,1.201870612959721,0.7280111784285631,0.8794652538410304,0.9766443640810526,0.4725325095059822
2014-04-28,0.5645175092717285,1.2422168915380638,0.6776993822663353,0.9165393567364749,0.9918885319219848,0.5189663863962294
2014-04-29,0.5368310079702107,1.22637452331854,0.6895435153483293,0.9146126428236302,0.989353521657051,0.5075006080751824
2014-04-30,0.5483100534557149,1.2293280625889667,0.6810180091332517,0.9137141884580435,0.9843664273662573,0.5030320021436828
2014-05-01,0.5050392251318023,1.1932684952365573,0.688229270104755,0.9362721969559308,0.977707534066075,0.5109750514246407
2014-05-02,0.576762637562287,1.2313488646320323,0.6545862270697453,0.9242361935753907,0.9633803820949294,0.4890268785351759
2014-05-05,0.5521827727983739,1.2227186195590949,0.670535846760721,0.9095392267758069,0.9648725694545605,0.4886337869710888
2014-05-06,0.6192878575888283,1.2667877279624704,0.6474998703736421,0.9080020014851482,0.9751300637159106,0.5554628571643969
2014-05-07,0.6327345314440138,1.286162440420976,0.6534279089769621,0.884119859433243,0.986562390675463,0.5670442825804209
2014-05-08,0.5972878358709675,1.270059900765682,0.6727720648947146,0.8984727432840958,0.9857266413740303,0.5511587142426024
2014-05-09,0.6133921672366989,1.266261219345266,0.6528690521085672,0.8927117378595932,0.984660864931096,0.5660842870914339
2014-05-12,0.6335169176110196,1.2692930297301765,0.635776112119157,0.8776211658607682,0.9850376455548641,0.5643088456438122
2014-05-13,0.6291385477238521,1.2794922471500214,0.6503536994261693,0.873769197210751,0.9861775415561618,0.5910250879687585
2014-05-14,0.6476409718366851,1.2816954267704728,0.6340544549337876,0.8808789554600844,0.9848146871780705,0.6081834873662424
2014-05-15,0.6513955670478497,1.280593552063872,0.6291979850160223,0.8921423991513064,0.9838865186235973,0.6038046002940115
2014-05-16,0.6101221931472139,1.2616288510225648,0.6515066578753509,0.8786012523392739,0.9792277434910635,0.583877983525315
2014-05-19,0.6340955304794936,1.2501570768873882,0.6160615464078946,0.8789886941040881,0.9806927052000443,0.590838286768063
2014-05-20,0.6439155204081599,1.2564983816463435,0.6125828612381836,0.8676371150253028,0.9811418745582008,0.6002163500706552
2014-05-21,0.6497566975493936,1.2682355322178747,0.6184788346684811,0.8608844723175209,0.9746206735978665,0.5914049748378493
2014-05-22,0.644245331124504,1.2544961687081881,0.6102508375836841,0.8704010024446277,0.971657640796577,0.5856715940720412
2014-05-23,0.6568154251973398,1.256640903447013,0.5998254782496731,0.8693936900412124,0.9725930218569387,0.5896511314835551
2014-05-27,0.6815818039308994,1.260415227112673,0.5788334231817736,0.8695706818081324,0.9704313810172376,0.5835951951756805
2014-05-28,0.6784509697659493,1.2511809619116403,0.572729992145691,0.866539637192788,0.9740952398380421,0.5903988649460228
2014-05-29,0.6804908965465184,1.2528428743045459,0.5723519777580275,0.8684220012932227,0.9741341294945265,0.5910077402418314
2014-05-30,0.6683965911647479,1.2403833695288045,0.5719867783640565,0.8721259231539629,0.9730209227922533,0.5920983996572714
2014-06-02,0.6763008713312523,1.2448516988661036,0.5685508275348513,0.8723623133191012,0.974199423197009,0.5953011403942986
2014-06-03,0.6901179088397648,1.2460282908453866,0.5559103820056218,0.8614259777165405,0.9723583137020101,0.612512215495997
2014-06-04,0.7095615399371148,1.2611332574870944,0.5515717175499796,0.8408997947844865,0.9780169735252267,0.6411542081527329
2014-06-05,0.7147246499888575,1.2628860745248136,0.5481614245359561,0.8368930292746457,0.9781729589620644,0.6433088333412371
2014-06-06,0.7110628375235384,1.2614097999050347,0.5503469623814963,0.8672747154426861,0.9834625836082929,0.644106447910605
2014-06-09,0.7237916141742007,1.2813976346947626,0.557606020520562,0.8718756037275623,0.9817737200528666,0.6441153088646011
2014-06-10,0.7230678938534391,1.2806306076185225,0.5575627137650835,0.8710247467607172,0.9810088029760352,0.6438793289464253
2014-06-11,0.6935687903384414,1.2551725897381232,0.5616037993996817,0.8735854261906224,0.985153814029742,0.6441256410313414
2014-06-12,0.6826164400913848,1.2555787278163721,0.5729622877249874,0.8810447817398634,0.9857467123684766,0.6326822621549142
2014-06-13,0.6497574059026514,1.2148779192583845,0.5651205133557331,0.8373268900151036,0.986560570533618,0.6422410030719985
2014-06-16,0.6712085360231013,1.226630574086286,0.5554220380631847,0.8317943906721862,0.9842797786364422,0.6399113893320726
2014-06-17,0.6893903900337197,1.2391687001558747,0.549778310122155,0.8330284988856346,0.9884445161446777,0.6596335788513208
2014-06-18,0.7028934593371361,1.2505127576900152,0.5476192983528791,0.8251865627077493,0.9917254965433744,0.66370157208571
2014-06-19,0.7141222369231266,1.2473430243900294,0.5332207874669028,0.8024473120962683,0.9928931741440679,0.6631762735245645
2014-06-20,0.7118839605727245,1.2374954844031192,0.5256115238303947,0.8132172731368295,0.9881428008338955,0.6719452169989472
2014-06-23,0.6976688121760648,1.2183966666890333,0.5207278545129685,0.8214124918338295,0.9858580148169085,0.6637678440750535
2014-06-24,0.6915890737572375,1.2359488602419988,0.5443597864847612,0.831762152317818,0.9842723361895076,0.6445088392499472
2014-06-25,0.7146695509307472,1.2498102077009012,0.535140656770154,0.8330226862109467,0.9864891702578598,0.6429243101068386
2014-06-26,0.7026477853221843,1.2348861018910233,0.532238316568839,0.8411036678971866,0.9844819088565383,0.6352099634615003
2014-06-27,0.668447346166139,1.2312248317965708,0.5627774856304318,0.8383758038611826,0.9861337851215122,0.6288554690358752
2014-06-30,0.6581506521230853,1.2299808980156337,0.5718302458925484,0.8545584817584363,0.9875740071874018,0.636113773107626
2014-07-01,0.660024391627608,1.2513990484793676,0.5913746568517596,0.86319701902063,0.9951735679633633,0.6547871942871465
2014-07-02,0.614480757240703,1.2127243152493152,0.5982435580086123,0.8732355400418603,0.9955748160744361,0.6462675746573223
2014-07-03,0.6078585313308027,1.2084594540406823,0.6006009227098796,0.8782839490604847,0.9961001962882444,0.6456149357192775
2014-07-07,0.6143601561261866,1.2199839661730465,0.60562381004686,0.8691610421769969,0.989476484693215,0.6363955187459372
2014-07-08,0.5997633727825522,1.226916282465865,0.6271529096833128,0.9063166030314047,0.999691277551305,0.6128065326489164
2014-07-09,0.5842562303415705,1.2081419707900636,0.6238857404484931,0.8806678568305664,1.0132341672495466,0.6500956488421809
2014-07-10,0.5774407038180783,1.202588436234947,0.6251477324168687,0.878995567011202,1.0076639744892923,0.6470351723390099
2014-07-11,0.6209860928802713,1.2336059701489166,0.6126198772686453,0.8870238373617825,1.0136791502277656,0.6372532363298921
2014-07-14,0.6604553919909443,1.2953879483771225,0.6349325563861782,0.9060914986087637,1.0368197622828719,0.6581942968445135
2014-07-15,0.7129681103091954,1.299547323639756,0.5865792133305605,0.9560711082962148,1.0466558977457951,0.6784304164818212
2014-07-16,0.654236711971602,1.2840885871771819,0.6298518752055798,0.9695879510052243,1.0507240404470533,0.7040435115128784
2014-07-17,0.7240056779676954,1.2853506197476912,0.5613449417799957,0.9635153689037111,1.0514119129982349,0.7281475292412765
2014-07-18,0.5761704155356172,1.2098070800567862,0.633636664521169,0.9635625188288759,1.0467065708416154,0.6980342657249223
2014-07-21,0.5300987577638425,1.153787145835239,0.6236883880713964,0.8649733061711093,1.0157426185128506,0.6715955970181325
2014-07-22,0.5238584832750078,1.140514270147741,0.6166557868727333,0.8818495366685151,1.0080535070874226,0.6613772353035936
2014-07-23,0.5142336887131391,1.1420505047796174,0.6278168160664783,0.8724809337624835,0.994067034285139,0.6345320374724008
2014-07-24,0.5200613590343575,1.1539229887715714,0.6338616297372139,0.87611259654316,0.9886230640667709,0.6241925288179931
2014-07-25,0.5164539839893034,1.1583463742717999,0.6418923902824965,0.875739494565243,0.988973613435034,0.6246088332234027
2014-07-28,0.512341031194404,1.1402693616208979,0.6279283304264939,0.883439886943828,0.9722514802052473,0.5669875211730517
2014-07-29,0.5330798751724345,1.161310430219046,0.6282305550466115,0.8819940349948271,0.9790776462834541,0.588630895535807
2014-07-30,0.52684501348331,1.1755819034948702,0.6487368900115602,0.8666540136111751,0.9742447476643494,0.5709907706135452
2014-07-31,0.5260916667825237,1.1756651471605657,0.649573480378042,0.8686228333291953,0.9750869772941058,0.5676285318765788
2014-08-01,0.5376817961907241,1.2089448238992795,0.6712630277085554,0.9385563995786461,0.9803134838545021,0.5089336522023626
2014-08-04,0.5261098560913742,1.2032340778278412,0.677124221736467,0.9439781287804652,0.9790954169354896,0.5161262968312427
2014-08-05,0.47532166784623087,1.1738102078944193,0.6984885400481884,0.9631863418399668,0.9773409134275339,0.5156985567481576
2014-08-06,0.5254357879687195,1.209653404880307,0.6842176169115874,0.9473029560813244,0.9567905227505167,0.4909039540717571
2014-08-07,0.5435930468113785,1.19255464683662,0.6489616000252414,0.9452844221475836,0.9581025749772409,0.513969223050042
2014-08-08,0.5508114485918401,1.1930801309846273,0.6422686823927872,0.9467505101707699,0.9441233604199504,0.5038839099804471
2014-08-11,0.5384049696637314,1.1779988619570292,0.6395938922932978,0.9618688135044353,0.9463310445765427,0.4664436040545512
2014-08-12,0.4948654481871464,1.1641854513784051,0.6693200031912587,0.9827822549666205,0.9437781379157091,0.44471059590777295
2014-08-13,0.4932956431305271,1.1661690392945903,0.6728733961640632,0.9758228556012934,0.945498093825405,0.44522606355503236
2014-08-14,0.5104583625296357,1.1652529457597194,0.6547945832300837,0.975038122417,0.9435293021496569,0.439251178701115
2014-08-15,0.5074234640950596,1.1783749325699375,0.670951468474878,0.9909200615736382,0.9425761240976324,0.4466482780220364
2014-08-18,0.5304414917401573,1.1856294964007088,0.6551880046605515,0.9948964554314386,0.9410432419735767,0.450587104225692
2014-08-19,0.49101434153044243,1.142118683554561,0.6511043420241185,0.9762100763687347,0.9378085866974248,0.43156754603452663
2014-08-20,0.42583449415024466,1.1350817049474982,0.7092472107972535,0.9627686788489669,0.9382377568269056,0.4368714107848826
2014-08-21,0.40616383293769776,1.1215369860922304,0.7153731531545326,0.9707912994773464,0.9347381056476289,0.44213789285801147
2014-08-22,0.4088077007487123,1.1253344754269603,0.716526774678248,0.977519176553069,0.9333432509386985,0.43763288823535484
2014-08-25,0.3842219241724134,1.1170614648243196,0.7328395406519062,0.9733048027449305,0.9312971901306113,0.42920274843910006
2014-08-26,0.39803133877060093,1.1413015477348019,0.7432702089642009,0.9851477819778346,0.9290141371322895,0.43179111158128086
2014-08-27,0.39870659887914295,1.1414764285329286,0.7427698296537857,0.9851625676694854,0.9290128078570935,0.4322088663069127
2014-08-28,0.4165089256642769,1.1500936517834,0.7335847261191231,0.968495761834713,0.9295012240157926,0.4360404803355066
2014-08-29,0.4249137405322486,1.1527909657887911,0.7278772252565425,0.9715481998451787,0.9303993241637971,0.44032246029145383
2014-09-02,0.4272079457795974,1.1572149945064876,0.7300070487268902,0.9655095509671715,0.9317644221699847,0.4383816964700226
2014-09-03,0.43192492875380106,1.157908841359799,0.725983912605998,0.9632457981770339,0.9306951989816182,0.4361652996534192
2014-09-04,0.4334906770604141,1.1563841282227658,0.7228934511623517,0.9563973549773055,0.9306010291480481,0.44002122833185653
2014-09-05,0.4715976724523542,1.1376187977674945,0.6660211253151403,0.9721869007088214,0.9202696470219786,0.43753439317597476
2014-09-08,0.425972592002812,1.1083072504643354,0.6823346584615234,0.9911469452442798,0.9247419999822888,0.43152456220543456
2014-09-09,0.43839963807370397,1.1099056502672842,0.6715060121935802,0.9898087925545471,0.9233092377694431,0.42914578230804795
2014-09-10,0.4086900753240962,1.1108002231010803,0.7021101477769841,0.9957338896583989,0.9331450931015031,0.4261533655906176
2014-09-11,0.4227550396882964,1.0936278892575257,0.6708728495692293,0.9956948649872263,0.9309358531580718,0.432776684368488
2014-09-12,0.46008388026555247,1.125566296863325,0.6654824165977726,0.9909774232448947,0.9336673186079735,0.4384438226366333
2014-09-15,0.40911292561042134,1.1103797886933422,0.7012668630829209,0.9824107512290879,0.9416624314452663,0.4199883084920826
2014-09-16,0.3901862387335442,1.1113362558262705,0.7211500170927263,0.9822729766457441,0.9431239907767046,0.4220556289798982
2014-09-17,0.36482389174284857,1.0923750011055327,0.7275511093626841,0.9754840935785488,0.9393800422660098,0.423199418001137
2014-09-18,0.4063824708995417,1.1065694621216715,0.7001869912221298,0.9697946301283054,0.9384474101521985,0.4261947738260402
2014-09-19,0.4094609886713755,1.1119032447384836,0.7024422560671081,0.9773403517654836,0.9394935438521874,0.42309696042623096
2014-09-22,0.41365753224792357,1.1162441534080125,0.702586621160089,0.9743073261100397,0.9410440369987033,0.4187512966293555
2014-09-23,0.41110604134480333,1.1166780629633264,0.7055720216185231,0.9783827692100175,0.9498844024138732,0.4186181167732876
2014-09-24,0.36134794380894253,1.0958975167614,0.7345495729524575,0.9953214872024311,0.949642261399013,0.4085041662600334
2014-09-25,0.3777652680890373,1.083110191618538,0.7053449235295006,0.9899660785324393,0.9425939712252112,0.3986058226968389
2014-09-26,0.40341637869376834,1.1082681077837417,0.7048517290899734,0.9831044326046998,0.948286870992816,0.37269688083428704
2014-09-29,0.4006664857866864,1.1196905448537042,0.7190240590670178,0.9713662254793953,0.9502743163155772,0.3798255124122115
2014-09-30,0.4031903246519646,1.1173142185326812,0.7141238938807166,0.9729087437170645,0.9489742103274518,0.3788491087160887
2014-10-01,0.4011451059399537,1.1270807970307373,0.7259356910907836,0.9781979349415026,0.9498697525269134,0.3734766063983829
2014-10-02,0.4049598021150729,1.133889401315773,0.7289295992007001,0.9889469667423705,0.9460412658119856,0.37434810888306724
2014-10-03,0.39031063125323207,1.1273196159439467,0.7370089846907146,0.9948744117571721,0.9514294358875526,0.3689747392262656
2014-10-06,0.37391684120006974,1.1223665436585364,0.7484497024584666,0.9738841352824523,0.9520382575157093,0.35472984151146775
2014-10-07,0.37187673329213344,1.1076611030120722,0.7357843697199388,0.9649492026669242,0.9458871009191581,0.3438245191147327
2014-10-08,0.3577071165317367,1.1000455782645673,0.7423384617328306,0.998842736301031,0.9426010413712965,0.33863511624630765
2014-10-09,0.3344245258848142,1.1193673850998496,0.7849428592150354,1.0155844269789203,0.9489214211857513,0.3027804485019391
2014-10-10,0.36820403379243494,1.1463858255806523,0.7781817917882173,1.0070182154565144,0.9537384210650532,0.2722891135486046
2014-10-13,0.3509255267242478,1.121840359332419,0.7709148326081713,0.9823844406969293,0.9525293847572607,0.2774514794641097
2014-10-14,0.33881993861898874,1.1058313769257817,0.767011438306793,0.9923494893412674,0.9496834262212295,0.2811495188962021
2014-10-15,0.33523574198943096,1.1048108610862266,0.7695751190967957,1.0017710670095044,0.9503070342357105,0.2810111236966119
2014-10-16,0.33094792602932954,1.1118559311405862,0.7809080051112567,1.0095966462571693,0.9531443364509807,0.2752898337881778
2014-10-17,0.3376735582246433,1.1287816343957442,0.7911080761711009,1.0153713248681862,0.9642457112616512,0.27190375192311383
2014-10-20,0.35133820929625736,1.1525646346464935,0.8012264253502361,0.9947388851182454,0.9661990603041175,0.2700486372233908
2014-10-21,0.3384708978680552,1.1380001675994762,0.799529269731421,1.007014409550591,0.9701539436793089,0.2563841481878649
2014-10-22,0.3384661700650251,1.133033497805569,0.7945673277405438,1.0128173119604909,0.9574392049994245,0.2853981820986995
2014-10-23,0.3305331757961263,1.138083687003759,0.8075505112076327,1.0161727067488864,0.9602971851185204,0.2938283720987439
2014-10-24,0.3640555723742218,1.1583022619527954,0.7942466895785736,1.019134435836356,0.9596841760815571,0.3049408166249019
2014-10-27,0.3591764114718632,1.1585121202935127,0.7993357088216495,1.019617354229347,0.9582381608734774,0.30083216296142673
2014-10-28,0.3728872176578122,1.1648079792962123,0.7919207616384001,1.0204684824942167,0.9587470247011302,0.3047397221972968
2014-10-29,0.3890799491300697,1.1519140286645724,0.7628340795345027,1.0230518875586072,0.9621286133836567,0.3142639286625589
2014-10-30,0.3793320289650649,1.1508829589705267,0.7715509300054618,1.0116258571730223,0.95947784309676,0.32959055716980534
2014-10-31,0.36498054674638014,1.1484659236154384,0.7834853768690583,1.0095580259447132,0.9593494581936317,0.3210868932784357
2014-11-03,0.3745493847970265,1.1428149578922515,0.768265573095225,1.015872059616512,0.9539888147341622,0.3276122965851435
2014-11-04,0.37639856957845164,1.1384412517502636,0.7620426821718119,1.0359756411730279,0.9552842388617955,0.33848569665983175
2014-11-05,0.38744781600612055,1.1467894581213645,0.7593416421152439,1.0420703759753331,0.954715390008147,0.34016750078098973
2014-11-06,0.40236262110527354,1.154264454642017,0.7519018335367436,1.0264420888798729,0.9602406374671244,0.33860638920176667
2014-11-07,0.4136480940752938,1.1605550269934597,0.7469069329181659,1.0271322361727724,0.9598561054647311,0.3469870919163112
2014-11-10,0.41637511702993346,1.1630677839103665,0.746692666880433,1.0308510712498622,0.9597569162392744,0.3461526263433128
2014-11-11,0.4188224033925476,1.1663950086042478,0.7475726052117002,1.0300382928096798,0.9585943492807888,0.34417876716203466
2014-11-12,0.4065420302023479,1.168198427029378,0.76165639682703,1.032131309361496,0.9592246226089393,0.3447754237688782
2014-11-13,0.40382775169285856,1.1689263956082168,0.7650986439153582,1.0252967351994358,0.9597373225784287,0.3471438181153367
2014-11-14,0.4039051291744722,1.169417798600139,0.7655126694256669,1.024687245108817,0.9598979582664933,0.3475985298627579
2014-11-17,0.40064918835792607,1.1621300172045748,0.7614808288466487,1.0245905850280561,0.9615620383854532,0.3493391131924162
2014-11-18,0.4073450651892193,1.1659803121964771,0.7586352470072578,1.0259894263920417,0.9615804234159532,0.3487069909435593
2014-11-19,0.4108310487076966,1.1661095795206133,0.7552785308129167,1.0007917212903694,0.9599363997994466,0.3480346599579703
2014-11-20,0.41143459350810685,1.1707269934849016,0.7592923999767948,0.9957658850955844,0.9599411865320293,0.3497556938779013
2014-11-21,0.4114364082237939,1.17186862345932,0.7604322152355262,0.9968392643777781,0.9607916637377053,0.3537635842326059
2014-11-24,0.3913493624299962,1.1621541644203437,0.7708048019903475,0.999987401398927,0.9598223375398772,0.35502586849384493
2014-11-25,0.3906120228569344,1.1631639004209293,0.7725518775639949,0.999688107519892,0.9586589572850838,0.3563240725766256
2014-11-26,0.38953998385067323,1.1626134404456918,0.7730734565950186,1.0033030379359107,0.9585369194031725,0.3559571408062214
2014-11-28,0.39465723193536417,1.1660848202874514,0.7714275883520872,1.007405500947897,0.9586328651635482,0.3540196801854963
2014-12-01,0.4009045998749624,1.1609890335827198,0.7600844337077574,0.9939026431788219,0.9562157941453289,0.3597514755946196
2014-12-02,0.4075827380621522,1.163713724495611,0.7561309864334589,1.01200074390575,0.9577536951704873,0.3626137361141325
2014-12-03,0.4298978934850344,1.1716364704401139,0.7417385769550795,1.007709097001959,0.9575155365252255,0.36732861274418094
2014-12-04,0.43212109309739954,1.1752552376417351,0.7431341445443356,1.0027552876527084,0.9573207604066819,0.3717914924320267
2014-12-05,0.44463188543122323,1.1776499298637622,0.7330180444325389,1.0061305258906976,0.9565383036951876,0.37473706669113915
2014-12-08,0.45055224353825174,1.1865965328012305,0.7360442892629787,1.007485874942001,0.9574995820241672,0.37779368395130725
2014-12-09,0.42481827608032885,1.1427463853352748,0.717928109254946,0.9911523496001167,0.954567217259161,0.3925065581580097
2014-12-10,0.4205604602941998,1.1408793401682251,0.7203188798740253,0.9923516889971671,0.9549964241063622,0.3907521303736156
2014-12-11,0.4526099535343793,1.1512040054743764,0.6985940519399971,0.9864511339040088,0.9534306638383986,0.3831951174283308
2014-12-12,0.4755083751880165,1.1629993283074005,0.687490953119384,0.9924446755921177,0.9510308512092951,0.3876492890136969
2014-12-15,0.4811266984242173,1.1818094184638464,0.7006827200396291,0.9935112860189543,0.9409992358671132,0.36026312562736307
2014-12-16,0.4761531689377332,1.1790415074564948,0.7028883385187616,0.9964199974084192,0.9440418237174757,0.361394029734535
2014-12-17,0.43335932465247606,1.1480367821477917,0.7146774574953156,1.000594384690106,0.9462753316019581,0.3568626625552079
2014-12-18,0.4495145518954051,1.171479949245012,0.721965397349607,0.9829542083284255,0.9586632326385031,0.3583496207199621
2014-12-19,0.4398561641600467,1.1781809489768618,0.7383247848168151,0.9822336494305773,0.9559179700544921,0.3399566989880577
2014-12-22,0.4638755888780671,1.190517392848798,0.7266418039707309,0.9780496227661455,0.9539109011674939,0.3423274761662358
2014-12-23,0.45821236274253696,1.1823802317040537,0.7241678689615167,0.9789851449722401,0.9566092886753755,0.3439620179309383
2014-12-24,0.4491264993567946,1.1764769140722189,0.7273504147154243,0.9759898104288112,0.9577854419416896,0.3459515074174882
2014-12-26,0.4436769078255115,1.1684037260155984,0.7247268181900869,0.9789636838121458,0.9564902096234239,0.3534038298045119
2014-12-29,0.44782759519969584,1.1721602180954034,0.7243326228957075,0.9818370153009539,0.9555214326154273,0.3565333272797015
2014-12-30,0.4355295148020588,1.1699334995025072,0.7344039847004484,0.9838303324677417,0.9565726996471516,0.3569021921222964
2014-12-31,0.43800589659787303,1.1658662936328468,0.7278603970349737,0.9837100896271471,0.957404216913491,0.3517492106223151
2015-01-02,0.42139443393171505,1.1602438973247977,0.7388494633930827,0.9784555093049339,0.9601110813917653,0.339703943993685
2015-01-05,0.42450947951569584,1.1610096292623675,0.7365001497466717,0.9776632296987988,0.9602914457306384,0.34009419395755913
2015-01-06,0.4558169002413962,1.1714107990825444,0.7155938988411482,0.9637312054467663,0.9625015922406643,0.35323497208251176
2015-01-07,0.4795197729927503,1.1882354141225213,0.708715641129771,0.967559799209901,0.9617162798302782,0.361261480084876
2015-01-08,0.4691227439240634,1.186872247332841,0.7177495034087776,0.9471233401502785,0.9621067920895334,0.3515446726641069
2015-01-09,0.5066627984712748,1.1940553984495073,0.6873925999782324,0.9456036587482053,0.9589170451021461,0.3669327728153941
2015-01-12,0.4768657647982084,1.1827492711142382,0.7058835063160298,0.935375476959089,0.9591233046198635,0.3757268518184414
2015-01-13,0.4812751849871548,1.2024678367352648,0.72119265174811,0.9078594172722372,0.9561642260688283,0.3681823272356561
2015-01-14,0.5641244848104885,1.2463634432850426,0.6822389584745541,0.9065707375695498,0.9592738336207772,0.36933454671746935
2015-01-15,0.5841937595762983,1.2588515457334415,0.6746577861571432,0.9079406672434731,0.9605274669247105,0.3700802751050859
2015-01-16,0.6076370331463125,1.2634087069774071,0.6557716738310947,0.912013533812859,0.96027717912509,0.3912278451939228
2015-01-20,0.5817163814624565,1.2311757528998,0.6494593714373434,0.8758201673725654,0.9550543285786528,0.39021095411573375
2015-01-21,0.606877066567351,1.2502238298764383,0.6433467633090874,0.857905681140041,0.9522896934353481,0.39774948934465165
2015-01-22,0.6267432109852686,1.2558079920915721,0.6290647811063035,0.8614089453773707,0.9562213375681925,0.4109737878511518
2015-01-23,0.6034988138865479,1.265713525317517,0.662214711430969,0.8926408367584844,0.9747395881668595,0.40474728597031673
2015-01-26,0.5921952038641107,1.2753382600443457,0.683143056180235,0.8856510321231492,0.9718925134703048,0.4002464728142742
2015-01-27,0.6004810390080724,1.2851855225554356,0.6847044835473632,0.8822779748540844,0.9718718384069286,0.39719623537825505
2015-01-28,0.6352722533112882,1.2975866875412534,0.6623144342299652,0.8850958571647143,0.9679945351387651,0.39761347364717975
2015-01-29,0.6361092881607001,1.303907251177525,0.6677979630168248,0.8805383746328066,0.9704087503447888,0.3977864280380755
2015-01-30,0.6462389421525973,1.308501167067546,0.6622622249149487,0.9030273770408652,0.9740115849582824,0.38166747305495585
2015-02-02,0.6052161192408624,1.2976865474160317,0.6924704281751694,0.8973770556916315,0.9758447369043974,0.363938909172895
2015-02-03,0.6073788365081192,1.2912321763983012,0.683853339890182,0.8801794771527909,0.9769978099295954,0.37518994052398885
2015-02-04,0.6019484849345912,1.2989173671161145,0.6969688821815233,0.895347824315077,0.9873372152340523,0.3730991593051807
2015-02-05,0.6166929570380816,1.3036417910431861,0.6869488340051045,0.8988026206968662,0.9862926472389055,0.37342742003486784
2015-02-06,0.610441289020181,1.3032227359192032,0.6927814468990222,0.934111735051921,0.9913085388991328,0.3639002602278877
2015-02-09,0.5848138205212199,1.2930266581383607,0.7082128376171408,0.9388218318047765,0.9943007983037643,0.35971838267608736
2015-02-10,0.5767232913980851,1.2909239286590322,0.7142006372609471,0.930317224697421,0.9938083078341395,0.35123166541181294
2015-02-11,0.5592867139500527,1.2929684845034979,0.7336817705534452,0.9193171572627249,0.9934462360855308,0.3393462862444125
2015-02-12,0.5604322817168361,1.2896875989240997,0.7292553172072636,0.9181431934595592,0.9938375807066213,0.33971677899986236
2015-02-13,0.5418894781394842,1.273525723969743,0.7316362458302589,0.9149427814944892,0.990858025588141,0.34534556209018785
2015-02-17,0.5533145607030032,1.2711768910140475,0.7178623303110443,0.9174580324816313,0.9899519147224398,0.3490512886173285
2015-02-18,0.5549218959920783,1.2720619840180403,0.717140088025962,0.9179187819091799,0.9893670235764738,0.34940364400829393
2015-02-19,0.5600747538354368,1.2729654335844165,0.7128906797489797,0.9174690630647235,0.9893400231184967,0.350487297472144
2015-02-20,0.557444581822847,1.272937333057837,0.7154927512349901,0.9173587660702853,0.9900845913713563,0.34984512496959336
2015-02-23,0.5718180953880567,1.2852101824751119,0.7133920870870551,0.91222374887031,0.992199903703703,0.35041701752572857
2015-02-24,0.5701205380976115,1.2859442633956235,0.715823725298012,0.9113554147845039,0.9924485542721919,0.3498135843447412
2015-02-25,0.5722010415313099,1.2887602935690972,0.7165592520377873,0.913034443033329,0.9931288033726013,0.34976446143957485
2015-02-26,0.55699599979934,1.274373285400018,0.717377285600678,0.9100569852969242,0.9926951803610619,0.3515548512649
2015-02-27,0.5568295454600488,1.278229953240701,0.7214004077806523,0.9105447677697635,0.9928659415125749,0.3508567142200333
2015-03-02,0.5706035624958313,1.282548604083027,0.7119450415871956,0.9072821759699325,0.993584476862114,0.35132215505829456
2015-03-03,0.5753187351556669,1.283131927341163,0.7078131921854961,0.9104341044910185,0.9906425446016279,0.3518463204403112
2015-03-04,0.5656872900446703,1.279391465342686,0.7137041752980158,0.9179440622109398,0.9907874328017073,0.34495661350611917
2015-03-05,0.5670873313778949,1.286107551682071,0.7190202203041761,0.8945480198443191,0.9913108933639,0.34715919689103125
2015-03-06,0.5697985715969571,1.2881566394148143,0.7183580678178572,0.8958683901124831,0.9923430621155818,0.3420276248442995
2015-03-09,0.523999688489565,1.2842101309632183,0.7602104424736533,0.910463889648814,0.9977947978451345,0.3192225809249909
2015-03-10,0.5295043363090454,1.2886758265932576,0.7591714902842123,0.907640698539752,0.996277082031331,0.3175238089584095
2015-03-11,0.5481031301302026,1.2947090319431616,0.7466059018129589,0.9182456913758559,0.9926991230356887,0.3073049662856829
2015-03-12,0.5437868167559784,1.292981056744531,0.7491942399885526,0.9224706788460284,0.9924173500573836,0.2981647219044058
2015-03-13,0.45728989788311625,1.2464857979022859,0.7891959000191696,0.903334607969258,0.9953944740948332,0.2852063303461783
2015-03-16,0.44113037453958315,1.2360268025773904,0.7948964280378072,0.9094130562448675,0.9985193369601787,0.28558213436454616
2015-03-17,0.46437742496279366,1.2558944988489555,0.7915170738861619,0.9191148100314024,0.9978333182615977,0.2767718049966622
2015-03-18,0.45322037542422655,1.2593150180596075,0.806094642635381,0.9321976137101936,1.0073763101415136,0.2838661404160702
2015-03-19,0.4499142841564301,1.2495413815133065,0.7996270973568764,0.938939497629218,1.006079933676503,0.2793390928235514
2015-03-20,0.43522118892708517,1.2404671548576682,0.8052459659305831,0.9111930986729411,1.005319661755899,0.27857119162979915
2015-03-23,0.44200117603691247,1.2399274622610035,0.797926286224091,0.9454005444484258,0.9992045575272785,0.2632493768935055
2015-03-24,0.4552524980370233,1.2539298728674015,0.7986773748303783,0.9348684754436563,1.0094365156109641,0.2662946595462082
2015-03-25,0.45912344062786825,1.2540041488361333,0.7948807082082651,0.9531602572665823,1.0084943951176983,0.2605926080271279
2015-03-26,0.4521672713960865,1.2530165137392273,0.8008492423431408,0.9614145644279718,1.0105903622077128,0.25629340909372783
2015-03-27,0.45259237643302397,1.2536778837013038,0.8010855072682799,0.9645114221069452,1.0104302635595355,0.2543977560290031
2015-03-30,0.45992304848123455,1.2571347737698637,0.7972117252886292,0.9622162793745144,1.0097789374112687,0.25395554390504843
2015-03-31,0.4577044188549051,1.2789502332676828,0.8212458144127777,0.9537833418148317,1.0098697944684025,0.2515556927891033
2015-04-01,0.4654331008380175,1.2838113845224814,0.818378283684464,0.9570788898918571,1.0116480761636981,0.2516009132696628
2015-04-02,0.4577753764749074,1.276422989773382,0.8186476132984747,0.9549588226130312,1.0102803338551647,0.2528173675351149
2015-04-06,0.48606504250837634,1.2930177358475734,0.8069526933391971,0.9531830458552215,1.0120426257164845,0.2612120700919738
2015-04-07,0.47638523622507734,1.2847566029796804,0.8083713667546031,0.9552340417600444,1.0156886926866568,0.26237098251044916
2015-04-08,0.37560277848549173,1.2096317125054543,0.8340289340199626,0.96151950955409,1.0146806653170048,0.24390492963838703
2015-04-09,0.3765807303590206,1.2320198637063493,0.8554391333473287,0.9743135930290503,1.0164213532060151,0.2321626323522843
2015-04-10,0.3835619551816405,1.2315455657786618,0.8479836105970213,0.9729835704783301,1.0218855777149218,0.24289012877097513
2015-04-13,0.4181030773832989,1.2547464620727522,0.8366433846894533,0.9984499654069462,1.0273173818135304,0.24196265446248416
2015-04-14,0.41147810462987566,1.2460253644302925,0.8345472598004169,0.9949676274201146,1.0251998551332016,0.23899625101525176
2015-04-15,0.3988270593532298,1.2352187145475002,0.8363916551942704,1.0072417915461167,1.0273242431114673,0.23257527134615597
2015-04-16,0.39282850164174554,1.2159976504173649,0.8231691487756193,1.0147577150062146,1.026674662720585,0.23458554833191406
2015-04-17,0.3838367705336009,1.2033042729567192,0.8194675024231183,1.0066604437020459,1.0234191043498801,0.2259642876476994
2015-04-20,0.3321989643700638,1.1792348399627848,0.847035875592721,1.0118150079470731,1.0274584191145903,0.22158144603634486
2015-04-21,0.31405080491345694,1.1918247111160507,0.8777739062025938,1.0134451688458603,1.0352660335036494,0.2205294880155693
2015-04-22,0.31721169786765,1.1949434010469933,0.8777317031793432,1.0141149384730346,1.0371075628650683,0.2230872390335565
2015-04-23,0.30654607557690694,1.1920754080125187,0.8855293324356117,1.004006656724759,1.0301819236764151,0.21830556895095327
2015-04-24,0.28108422815055845,1.1439768439006133,0.8628926157500548,1.0032583780418034,1.02401711579845,0.2303542932326566
2015-04-27,0.2586018078577804,1.1227959646987904,0.86419415684101,0.9944428245252481,1.0256713303167844,0.22603962498563265
2015-04-28,0.275322620227217,1.135448597495449,0.8601259772682319,0.9883245838874966,1.0236735617505999,0.21885217068167934
2015-04-29,0.287778194376472,1.1663035646823188,0.8785253703058468,1.0336035774138166,1.0326688984537864,0.21559742133047016
2015-04-30,0.2633249459137611,1.1712190270426814,0.9078940811289203,1.0202740338943475,1.0274649021147362,0.20205341646278865
2015-05-01,0.2729491584310565,1.1615883747169735,0.888639216285917,1.0125692733376652,1.0166587140147463,0.19504135839951642
2015-05-04,0.21393379966934978,1.0986549195421673,0.8847211198728175,1.0043674065732893,1.0031648731494336,0.1965370913056931
2015-05-05,0.21456425363441212,1.099777694409288,0.885213440774876,1.0006611148288027,1.0031418376059242,0.19112108941785283
2015-05-06,0.2544147737642387,1.1098017951512351,0.8553870213869964,0.9586615634323519,0.9902984695633962,0.19648087334935355
2015-05-07,0.2445660755933814,1.1074327069322358,0.8628666313388544,0.9617270624258839,0.9908718165494843,0.20159716448417866
2015-05-08,0.2611730623264701,1.1147034589043467,0.8535303965778767,0.9615075073901198,0.9857358609254561,0.18477313276625817
2015-05-11,0.27805987991516945,1.098546671088129,0.8204867911729596,0.9492890387809705,0.9638729714169904,0.1791793479685853
2015-05-12,0.2567577615029456,1.0993548117032388,0.8425970502002932,0.9482039307506852,0.9647578574626402,0.17794726222040694
2015-05-13,0.3081952005952263,1.1253144483363937,0.8171192477411674,0.9685319735577262,0.9610038476856231,0.1855987748841656
2015-05-14,0.3066780922678256,1.1251588743944234,0.8184807821265978,0.9687775032804717,0.9609849782800068,0.18566595685528461
2015-05-15,0.2922759946057396,1.1285028232619978,0.8362268286562582,0.9736494212027158,0.9658499934272844,0.1896005717467047
2015-05-18,0.29252492645630057,1.1201840429135053,0.8276591164572047,0.9768215518035994,0.9673309934825338,0.19118208634528241
2015-05-19,0.2974734288450944,1.1220225831670032,0.8245491543219088,0.9720985498987067,0.9678740990840123,0.1908829313062019
2015-05-20,0.3001305955543718,1.1202906707761489,0.820160075221777,0.9727237075555415,0.9681262956851966,0.19066773852865615
2015-05-21,0.30664288603798695,1.119867784264444,0.813224898226457,0.9828440280331731,0.9669767608606809,0.19131486705678397
2015-05-22,0.28888872106498353,1.1015372483664159,0.8126485273014323,0.9558356802559935,0.965041011401458,0.18797028671190258
2015-05-26,0.28528172416284536,1.1006777517404194,0.815396027577574,0.9465251856572183,0.9649538057160014,0.18855380607855782
2015-05-27,0.27190082217715783,1.1065777024384253,0.8346768802612675,0.9545232499938716,0.9617879754153826,0.18351777232040667
2015-05-28,0.2747591948116037,1.093111380502588,0.8183521856909843,0.953980695969733,0.9617846804540086,0.17904704116347125
2015-05-29,0.28164114392484363,1.0928374698739014,0.8111963259490578,0.9568218241782109,0.9630731985418759,0.17824104616729874
2015-06-01,0.29143599805959974,1.0971100332514558,0.8056740351918561,0.9651696688635412,0.9613976704180675,0.1798051476484922
2015-06-02,0.27573674362008416,1.1003556706877888,0.8246189270677047,0.969831996818034,0.9666815611189816,0.17975348701542132
2015-06-03,0.27325157025494096,1.1107386581757899,0.8374870879208489,0.9785783760192092,0.9678641123750192,0.1828168854886022
2015-06-04,0.2826740499406766,1.1052815041909696,0.822607454250293,0.9887601941499464,0.9655186077283981,0.1853427195936829
2015-06-05,0.2724967533272922,1.0752413348397383,0.8027445815124461,0.9993430138025046,0.9579635512074878,0.18747055882921165
2015-06-08,0.29299340293983844,1.0907102145061849,0.7977168115663464,0.9603727576703756,0.9479409759097146,0.20302400910565815
2015-06-09,0.2977251720843991,1.0796027343979893,0.7818775623135902,0.9640544649583674,0.9485040627494754,0.19801130810730383
2015-06-10,0.30937740987925244,1.0986057686576136,0.7892283587783612,0.951458448210074,0.9505850441635295,0.20483694541861075
2015-06-11,0.32232177782206417,1.1028464904734103,0.7805247126513462,0.9646663890983558,0.9478699698810125,0.20413642130731516
2015-06-12,0.31217666372335884,1.0997720438791896,0.7875953801558307,0.9380181037798244,0.9398444765335706,0.20631894313554808
2015-06-15,0.287035934524667,1.0807962201341996,0.7937602856095326,0.9416901516981153,0.9381224507224906,0.20949409142195086
2015-06-16,0.2762033791868075,1.0644838254416853,0.7882804462548778,0.9385241583592783,0.939183672966818,0.2100893201300835
2015-06-17,0.26728722552178663,1.061154086799365,0.7938668612775783,0.9419009972927237,0.9409046345591616,0.2076700719242721
2015-06-18,0.32138864628913744,1.080088313488199,0.7586996671990615,0.9403554527295925,0.93643531699645,0.21864414566709003
2015-06-19,0.32982653567183984,1.093458975790036,0.7636324401181961,0.9312738715254245,0.9395793330690068,0.22419012366894916
2015-06-22,0.30974408966447575,1.0730183239116835,0.7632742342472078,0.9240438197676575,0.939884562614584,0.23512741860668093
2015-06-23,0.32504022703886437,1.0799673960539877,0.7549271690151234,0.9326669243702848,0.9371546517939662,0.2343373911280955
2015-06-24,0.31210901972640737,1.067776272665369,0.7556672529389616,0.9144040033630703,0.9378794770949354,0.24083543982682887
2015-06-25,0.3125670944510066,1.067522666646983,0.7549555721959764,0.8789055340016088,0.9221576169216001,0.24455185955614156
2015-06-26,0.2960328250484894,1.075023789298776,0.7789909642502866,0.8987752440736955,0.9229855058228449,0.24468781721610944
2015-06-29,0.3029027100310153,1.0756027946013706,0.7727000845703553,0.9043261989131666,0.9237885086064899,0.24373496654288382
2015-06-30,0.3567545035076132,1.0895267151584163,0.7327722116508031,0.8992481656159481,0.919913853319755,0.23187738210081907
2015-07-01,0.3450160827947929,1.069999691696275,0.7249836089014822,0.8984506733701776,0.9116833459401922,0.23665195042179427
2015-07-02,0.33981099333694886,1.072389868872727,0.732578875535778,0.9024859487992101,0.914170425794583,0.23568548443438514
2015-07-06,0.3441086522828811,1.0738667144041698,0.7297580621212887,0.8905001260588145,0.912998750232436,0.2386128759080919
2015-07-07,0.3736366749664102,1.0789090854003685,0.7052724104339583,0.9142637394056965,0.9059773285548964,0.25065415817708675
2015-07-08,0.32397618121285876,1.056718324289608,0.7327421430767493,0.8968722445690414,0.9004101883931063,0.2429246371592156
2015-07-09,0.34813676900234747,1.068654684933229,0.7205179159308815,0.9302880366770566,0.9047307942086633,0.22302080652722722
2015-07-10,0.34964038617705595,1.0675329981012416,0.7178926119241856,0.9289448641955728,0.9050988275480424,0.22566842773965098
2015-07-13,0.35029364158727183,1.0654897953368236,0.7151961537495518,0.906767823939607,0.902206833275335,0.23022160028595637
2015-07-14,0.3615730791121107,1.0780441143999764,0.7164710352878657,0.9026134032735099,0.9047043915977958,0.23756100720326884
2015-07-15,0.36611373586388396,1.0802606937555246,0.7141469578916406,0.9051672162208521,0.9065598743724059,0.23841815982129405
2015-07-16,0.3723299394804721,1.0835412284688801,0.711211288988408,0.905585112062981,0.9091996684142937,0.24199846306086695
2015-07-17,0.3609195936540177,1.0787437759462442,0.7178241822922264,0.9179609203712633,0.9191614484169663,0.24387824473234984
2015-07-20,0.37404824814797144,1.0677909726314732,0.6937427244835017,0.9070074131509405,0.9084781937528662,0.25129593257419175
2015-07-21,0.37828633375090237,1.0815506181094783,0.7032642843585759,0.8950676180202859,0.9079278740938697,0.2469993266019933
2015-07-22,0.37563946932700976,1.0825898207204059,0.7069503513933961,0.9028666518577053,0.9063777732184177,0.24239303414169172
2015-07-23,0.4031784867963879,1.1050147970579567,0.7018363102615688,0.9076073794819567,0.906729591475838,0.2469018410947673
2015-07-24,0.41601220395106675,1.0990222765723088,0.683010072621242,0.9077590807733646,0.9120084522169049,0.2535918586686875
2015-07-27,0.35692225644379716,1.0583438898862858,0.7014216334424886,0.9104059416015273,0.9026710162292274,0.2341415936782942
2015-07-28,0.34800493410593303,1.0635354655736253,0.7155305314676923,0.912901697286973,0.907483153637108,0.2359025048518261
2015-07-29,0.3109726496867369,1.0490826222975334,0.7381099726107965,0.9057489375147059,0.9166291448853211,0.22605937569161827
2015-07-30,0.2700573820246066,1.0536765421251124,0.7836191601005058,0.9222912661936427,0.9236993800790754,0.23026084696160448
2015-07-31,0.2794221404565751,1.0518775991287248,0.7724554586721497,0.9296748968714493,0.9229957626049115,0.2268023607203607
2015-08-03,0.2586802026466297,1.0582423130552543,0.7995621104086246,0.9457953640466856,0.9344204871568446,0.23175985565299892
2015-08-04,0.2616076976196847,1.0531736020489229,0.7915659044292381,0.9478878949697095,0.9312047486319024,0.23013408030047347
2015-08-05,0.27292290590257706,1.0822456480928047,0.8093227421902276,0.9523317081243324,0.9322772667346884,0.24525436738791667
2015-08-06,0.29082339453497064,1.0799430957715097,0.7891197012365391,0.9424682006315199,0.9318613911271237,0.24649388802438604
2015-08-07,0.27951221993014785,1.0738300215837713,0.7943178016536234,0.9552787720610466,0.9283897175918541,0.24779856778921824
2015-08-10,0.292482283031103,1.093508871388309,0.801026588357206,0.9760892859415295,0.9478728601847527,0.26413859151074537
2015-08-11,0.3196771589031904,1.0941848835607584,0.774507724657568,0.959130212191277,0.927056899539969,0.25498978236817693
2015-08-12,0.35218393386740576,1.0932884691985523,0.7411045353311465,0.9564630048338009,0.9220153211356136,0.2646233811537394
2015-08-13,0.35393873206246784,1.093922014419363,0.7399832823568953,0.9561528592488411,0.921909776210567,0.26379212089944554
2015-08-14,0.36984454059705685,1.104694223175457,0.7348496825784002,0.959809406600137,0.9206993392929324,0.27239903668117116
2015-08-17,0.3749190727576547,1.1063690353138367,0.731449962556182,0.9499683284222925,0.9213199677101225,0.2729302891519951
2015-08-18,0.353792092428157,1.1067103564903982,0.7529182640622412,0.9601378688027793,0.922139554886047,0.2703944260806532
2015-08-19,0.36220293524410585,1.1096190622907849,0.747416127046679,0.9602999152380115,0.9221135711768901,0.26904376110153005
2015-08-20,0.3750719180500941,1.1156781863763476,0.7406062683262535,0.9422711886054038,0.9232859256753962,0.27547775579407685
2015-08-21,0.37316336727578725,1.1041867408237742,0.731023373547987,1.00205433642917,0.9501726576204581,0.3103405772210279
2015-08-24,0.37630815610905954,1.098877452244155,0.7225692961350954,0.9463534226609516,0.9430543062713694,0.31472750278051964
2015-08-25,0.3354008584639978,1.1365048501569317,0.8011039916929339,0.9834809017797692,0.9819862024957035,0.2726457504631282
2015-08-26,0.3220623100383282,1.1347384501009143,0.8126761400625861,1.0060101500112526,0.9857913805749476,0.2463173345812719
2015-08-27,0.32028603790962973,1.1610118687961832,0.8407258308865535,0.9935635506358804,0.9963458182383026,0.24680955309633873
2015-08-28,0.35940379774844433,1.162582090222999,0.8031782924745547,1.0177888604180025,1.0066020622653051,0.25565006562799397
2015-08-31,0.3556256642161253,1.1607305658360632,0.8051049016199379,1.0164705423024154,1.0064640794738064,0.25633924897698607
2015-09-01,0.3561153497043754,1.165431141172559,0.8093157914681837,1.0284314898664066,1.006442218059624,0.2530715695416197
2015-09-02,0.34393408990337604,1.1765046864310977,0.8325705965277217,1.0214802276503434,1.0117954830727942,0.25690741629098707
2015-09-03,0.34202965986435885,1.17859448726766,0.8365648274033011,1.0357538759400677,1.0106842814857944,0.2530342373086264
2015-09-04,0.3460982388482482,1.1791746848437437,0.8330764459954955,1.035574897921291,1.0101233306896436,0.2518855592945316
2015-09-08,0.3392294885680254,1.1759971284841915,0.8367676399161661,1.0375647375132944,1.0111988754185424,0.24830138570418192
2015-09-09,0.3137024691548087,1.1513695178247676,0.8376670486699589,1.0403631058315321,1.0045636944723055,0.22668816799515215
2015-09-10,0.3142472295591747,1.1511954944242282,0.8369482648650535,1.040129183566425,1.0054874209473235,0.2183262968503428
2015-09-11,0.3218609048641343,1.1544195377226456,0.8325586328585113,1.0383501548053622,1.0043243426251718,0.22112194920317715
2015-09-14,0.32319913361615193,1.1546268487010067,0.8314277150848548,1.0423269522433745,1.0048963756643763,0.2197749022657177
2015-09-15,0.32553350407437553,1.153426580373954,0.8278930762995785,1.0432588344624802,1.0049109380153856,0.2202633114534371
2015-09-16,0.3059226899712588,1.1545251620514438,0.848602472080185,1.0503631267129543,1.005394669838514,0.2208075009693931
2015-09-17,0.30405328563254097,1.1561415345865478,0.8520882489540068,1.0524011194180125,1.0066336448197306,0.22213896439500308
2015-09-18,0.3215855781134649,1.1669231988571145,0.8453376207436496,1.0512373604351697,1.005281698057606,0.22655715920521963
2015-09-21,0.3128467926071836,1.1632170993832374,0.8503703067760537,1.0394410565848058,1.004688832149569,0.22542354153433972
2015-09-22,0.32059260737964,1.169669025650884,0.8490764182712439,1.0427276486624106,1.0061315659227719,0.2239141157407257
2015-09-23,0.31843686483019185,1.163738322000499,0.8453014571703072,1.0421893243001727,1.0070561736434995,0.22109269779135185
2015-09-24,0.3199160363184549,1.162286692270356,0.8423706559519012,1.0398506705071666,1.0069870165106882,0.22171269306025077
2015-09-25,0.3218171416358039,1.1630066769655583,0.8411895353297544,1.0417599259932318,1.006395275387168,0.22129245493945715
2015-09-28,0.32385624286757897,1.1649826766573965,0.8411264337898176,1.0434251194586956,1.0065346143757095,0.2212085593930773
2015-09-29,0.3561791193304429,1.1582651341219252,0.8020860147914823,1.0450594019884978,1.0017809243956413,0.22803978151882418
2015-09-30,0.35114585378439045,1.1568215213764557,0.8056756675920652,1.0441015625814627,1.0023195472411706,0.22599951879906166
2015-10-01,0.3740106856418346,1.1604073610299053,0.7863966753880707,1.0401117044078354,0.9994266405516055,0.2306286362914735
2015-10-02,0.3819082689666221,1.1636262511728588,0.7817179822062367,1.0417616647890084,0.9989355542329643,0.23179812137824704
2015-10-05,0.38203236638533933,1.176078420393653,0.7940460540083136,1.0427535138132107,0.9993166527179463,0.23026398680238006
2015-10-06,0.35127864054852087,1.17348951119265,0.8222108706441291,1.0523545419105673,1.0017374994766244,0.23354168924667046
2015-10-07,0.3477878917425641,1.169822500453427,0.822034608710863,1.0503499844161395,1.0025551697592676,0.23228386333903644
2015-10-08,0.3414138779195812,1.16604957535724,0.8246356974376587,1.053074291146186,1.0010181218159686,0.22899173406005507
2015-10-09,0.32917887371331167,1.1593754639816376,0.8301965902683259,1.0467239637880223,1.0029584686247452,0.23055919941506928
2015-10-12,0.3275415658803916,1.1648011224460237,0.8372595565656321,1.0523042827408555,1.0038067777212418,0.2298552405285738
2015-10-13,0.32095824809476814,1.1604964293385756,0.8395381812438074,1.050085859561069,1.0032514185678205,0.22867920342748732
2015-10-14,0.3089311819736692,1.1523097666678437,0.8433785846941745,1.0440672183946855,1.0016188308941827,0.2281462745672804
2015-10-15,0.3125891994753587,1.1463101484585203,0.8337209489831616,1.054472839290567,1.0002894081151281,0.22094256891862304
2015-10-16,0.32035360692315396,1.1624758837547144,0.8421222768315605,1.0486607832632424,0.9988607359523208,0.21496841343008946
2015-10-19,0.320821742505355,1.1647100156348293,0.8438882731294743,1.0485485768407292,0.9989536755687548,0.2151409143278389
2015-10-20,0.3226584457320685,1.1660307021464233,0.8433722564143549,1.0495181556287112,0.9990201417027127,0.21601769969868412
2015-10-21,0.32737708874401483,1.1701098679143698,0.8427327791703549,1.052776861206501,0.9992293580523709,0.216371950548612
2015-10-22,0.3212707330060691,1.165835067301011,0.8445643342949418,1.0451594739406604,0.9980154666777507,0.21795440275669156
2015-10-23,0.3342835425328847,1.1764446226285892,0.8421610800957045,1.0243774377081887,1.0046749177716265,0.21360754772465368
2015-10-26,0.3320089544660565,1.1683136047005536,0.8363046502344971,1.0229033273080943,1.0004757242723188,0.21848759517383604
2015-10-27,0.35012653533358074,1.155040509664437,0.8049139743308562,1.012153642573617,0.9991893616180959,0.21845326827533504
2015-10-28,0.35545677887307203,1.1632603944702886,0.8078036155972166,1.005670506093285,0.998805884484147,0.21885159533958026
2015-10-29,0.36135316501013537,1.1638540081569817,0.8025008431468463,1.001356416219252,0.9985235973829122,0.2259548902035342
2015-10-30,0.36075659788335135,1.1637247570201168,0.8029681591367654,1.0021700118945716,0.9985010292059968,0.22506518514680784
2015-11-02,0.3633105517560067,1.1653730814687089,0.8020625297127022,0.9983792316496687,0.9995532598801238,0.22349541531759887
2015-11-03,0.3675791610986969,1.1764845648610576,0.8089054037623606,0.9995996060935066,1.000475711480186,0.22463533371568623
2015-11-04,0.36732710819195025,1.1742048752646652,0.806877767072715,0.9970259774400327,1.000718891084732,0.22509853637441013
2015-11-05,0.3679943650279355,1.1712754452596323,0.8032810802316969,0.9944732545934993,1.000544853894843,0.2251442448705577
2015-11-06,0.3683443429775446,1.1712113709485983,0.8028670279710537,0.9931527153349209,1.0004880488513928,0.2241922889223325
2015-11-09,0.36563210848352934,1.1642740546993253,0.798641946215796,1.018594060971017,1.0057736717930132,0.22301878259977825
2015-11-10,0.3791768242237158,1.1794274908452311,0.8002506666215153,1.0106315942553177,1.0080109122606382,0.22404785271521657
2015-11-11,0.380092429745439,1.1806416894807636,0.8005492597353246,1.0116849082727546,1.008058250443353,0.22412329736901646
2015-11-12,0.3824073236346984,1.1804103572009512,0.7980030335662528,1.008104670097247,1.0075232876753988,0.22520569552487213
2015-11-13,0.37937459207109514,1.181176778915781,0.8018021868446858,1.0104388879360602,1.00859508623066,0.22673865958685743
2015-11-16,0.38086560724271123,1.182369229796763,0.8015036225540517,1.0021623506283073,1.0095240281806797,0.22923747240764691
2015-11-17,0.37455154079542574,1.1777835860692565,0.8032320452738307,1.0075269336816146,1.0114673107827512,0.22906283346467948
2015-11-18,0.37762264914189925,1.1811781788775102,0.803555529735611,1.0068144624443844,1.011738187355981,0.2263507011959508
2015-11-19,0.35544847100056853,1.1582328485436126,0.8027843775430441,1.0193740719162685,1.008257145663696,0.21760470716967303
2015-11-20,0.36077080493004143,1.187548674755985,0.8267778698259435,1.029740041695459,1.0166172704794816,0.21474752763646887
2015-11-23,0.31956014823231427,1.173702511957817,0.8541423637255028,1.0128936731978155,1.0034381919655908,0.22376607598083062
2015-11-24,0.31646849372590236,1.1747439789178662,0.8582754851919638,1.0290683800296203,1.0022111123158548,0.23324732694729342
2015-11-25,0.34191540775778606,1.1881476560388777,0.8462322482810917,1.0010415963684807,0.9962546218985044,0.24121723158909786
2015-11-27,0.31864208061853927,1.1586702916764888,0.8400282110579496,0.9897807140504971,0.9853839359552955,0.22953121646240351
2015-11-30,0.31837572594708585,1.1582782869507864,0.8399025610037005,0.9899170924011709,0.9854169696332385,0.22975520861695287
2015-12-01,0.3289004117698199,1.1728962294691168,0.8439958176992969,0.9917119529210625,0.9852364468945723,0.23415817935687264
2015-12-02,0.30352269131054554,1.1505329106007969,0.8470102192902513,0.9861891783808853,0.9759558163666339,0.23711317114740565
2015-12-03,0.32033335430613596,1.1480239666173213,0.8276906123111853,0.9840972796016167,0.9818573200267449,0.23934234160538723
2015-12-04,0.2977468999937458,1.148161446309539,0.8504145463157933,0.9949293141536147,0.980269678231366,0.23753408794031106
2015-12-07,0.32323249515266284,1.1334478743385126,0.8102153791858497,1.0168244695502533,0.97288375902291,0.2292790173327103
2015-12-08,0.3731991591343522,1.1427366811025061,0.769537521968154,1.0115419894121,0.9802131065850724,0.2591610411571244
2015-12-09,0.3237046558047363,1.1413729967044137,0.8176683408996774,1.0005421580237897,0.9804507616487239,0.2706405672102888
2015-12-10,0.3203202689295871,1.143740767714205,0.823420498784618,1.0101927802010389,0.9844446165968359,0.26678784667100475
2015-12-11,0.31874723262697513,1.141655491950555,0.8229082593235799,1.0139710904956671,0.9838651434318371,0.2691047107755314
2015-12-14,0.341836134042668,1.1676062103740126,0.8257700763313446,1.0009068115152244,0.9839995174016024,0.277758191256067
2015-12-15,0.3838457693314308,1.1620581663309406,0.7782123969995098,1.0018793141859985,0.9839215762539469,0.27827776522122794
2015-12-16,0.4101239862886522,1.1710800547158746,0.7609560684272224,1.019273460672533,0.979806401050973,0.27896756503498243
2015-12-17,0.3856633827797332,1.175533924342705,0.7898705415629718,1.013382933957289,0.9868631775319983,0.26544042137257484
2015-12-18,0.3961405389780297,1.1590810071120816,0.7629404681340519,1.0082770007491635,0.9819993156175731,0.26975822553563855
2015-12-21,0.39994839637498003,1.173901216757578,0.7739528203825979,1.0175058357189772,0.9888531965428962,0.27403360416158284
2015-12-22,0.4049739952130377,1.177108394493794,0.7721343992807562,1.0199217772476847,0.9843884366647295,0.27598332158948985
2015-12-23,0.3988948370522385,1.1718850246872323,0.7729901876349938,1.0077997387385569,0.9845772084365625,0.27540964819499814
2015-12-24,0.3813909299504964,1.1461104137011227,0.7647194837506263,1.006566220809985,0.9831731911328401,0.27793894377955336
2015-12-28,0.37519882514617264,1.141476306272664,0.7662774811264914,1.007321254267565,0.9842560238875931,0.27681092453606376
2015-12-29,0.41372440726627924,1.1748154564636892,0.76109104919741,1.002145279585212,0.997671533974337,0.27305755455707104
2015-12-30,0.40589971047958207,1.1668795634938358,0.7609798530142537,1.01532533072342,0.99764677351998,0.2698288914858463
2015-12-31,0.39455689401433414,1.1840920636348176,0.7895351696204834,1.0209542137832746,1.0032488484068436,0.2730735121856029
2016-01-04,0.3943985703056426,1.1870085004375148,0.7926099301318722,1.0267669845645222,1.004739158751152,0.2693129811495592
2016-01-05,0.36550271354827046,1.1759811083360001,0.8104783947877297,1.0253235119601651,1.0072640917910671,0.27672941591599637
2016-01-06,0.40258998723716943,1.176246433687961,0.7736564464507916,1.0117251160412501,1.0065402621115718,0.28910241871652187
2016-01-07,0.3833056509610664,1.1635537824867372,0.7802481315256709,1.0017424269037318,1.0039853037889257,0.3039337939934687
2016-01-08,0.3833284757133838,1.1774235932620416,0.7940951175486578,1.0319162530415147,1.0142551293414757,0.3276414926132108
2016-01-11,0.382690007331853,1.1850895249394862,0.8023995176076332,1.0185167057449767,1.0165867785297473,0.3359997675705339
2016-01-12,0.3867453986072895,1.1887910651209554,0.8020456665136659,1.0214609299101838,1.017617146421601,0.3368281546973512
2016-01-13,0.39626956698254945,1.2065553413820098,0.8102857743994604,1.0235444250069956,1.0148370283923929,0.3394453731208935
2016-01-14,0.41904241542798515,1.2219975154926095,0.8029551000646243,0.972797476988763,1.0124470742472902,0.3524603588434101
2016-01-15,0.41394705005716237,1.2080447922523758,0.7940977421952135,0.9701083213943656,1.0023848461943596,0.343873481500399
2016-01-19,0.48185606418307403,1.274882989353726,0.7930269251706519,1.000807178556055,1.0159449183969635,0.3612207284875196
2016-01-20,0.4777747695467559,1.269038292935088,0.7912635233883322,1.0045482130398762,1.0165031353467227,0.3613522866860056
2016-01-21,0.4321098312209014,1.2469570647903554,0.814847233569454,1.0129614350764766,1.0254011431682692,0.36309431788284174
2016-01-22,0.4284969827085867,1.245644021102994,0.8171470383944073,1.0176222176637206,1.0291878449951541,0.369262685143498
2016-01-25,0.4464904018528084,1.2324269194715436,0.7859365176187352,1.0317696719400136,1.0212207177696053,0.3497691212862622
2016-01-26,0.496439782411793,1.2462075622145408,0.7497677798027478,1.010785664275405,1.014204940878637,0.3605896254723076
2016-01-27,0.4415918103900016,1.2223708729780283,0.7807790625880267,1.0187277297744974,1.0199152773317262,0.34256531333257706
2016-01-28,0.4619846958957359,1.2279994333695783,0.7660147374738424,1.027676787968977,1.0179112494921578,0.33949015994947335
2016-01-29,0.4835698449743242,1.2459662185864104,0.7623963736120862,1.00941790741196,1.0217735575920655,0.34203997003863545
2016-02-01,0.4080776807189199,1.2143512504887297,0.8062735697698098,0.9995208387229764,1.0149562467212225,0.31739667296809165
2016-02-02,0.40890160550288424,1.2149675266756215,0.8060659211727372,0.997773216932387,1.0150799184259485,0.3171036677491339
2016-02-03,0.44999658552084887,1.239464120625519,0.7894675351046702,0.9987454784460728,1.0208229264421016,0.3362289240646864
2016-02-04,0.4456265803494772,1.2392249839341791,0.7935984035847019,0.9929493523748365,1.0211349763874604,0.33601644773282213
2016-02-05,0.4399325652257553,1.2372781637807821,0.7973455985550268,0.9993577271997769,1.0205229061911305,0.3341989887495298
2016-02-08,0.46445508123929624,1.264273855467969,0.7998187742286729,0.9843398646321175,1.028695555251718,0.34868686543138344
2016-02-09,0.4697459747810706,1.2570839726527996,0.787337997871729,0.9795972347385598,1.0279120796356873,0.35540738861446136
2016-02-10,0.46759894565830773,1.255371799749337,0.7877728540910293,0.9789508825853839,1.0278699766254091,0.35300026166180787
2016-02-11,0.47264670609987136,1.2542480024086577,0.7816012963087864,0.9791051162232844,1.0277792535922015,0.35310250949229127
2016-02-12,0.47483429666459687,1.262227245412111,0.7873929487475142,0.9903814420778099,1.0290103329634286,0.3498049531007258
2016-02-16,0.47490305331220095,1.2340947693026756,0.7591917159904746,0.9785604496070976,1.0257550763602408,0.3574360548908094
2016-02-17,0.5090249827462516,1.2450138576903438,0.7359888749440922,1.0018631492938637,1.0205163447899095,0.3586076985394973
2016-02-18,0.5452736695464018,1.2613456984307527,0.716072028884351,0.976954342130612,1.0205384543412603,0.37591599009746807
2016-02-19,0.5513881853906771,1.2583695118906069,0.7069813264999297,0.9784274151009251,1.0172208331812416,0.38305882009497194
2016-02-22,0.5499707563325252,1.2573959834613322,0.707425227128807,0.9800397958972655,1.0171355913015154,0.38330263130156456
2016-02-23,0.5676829298068801,1.2708894830807216,0.7032065532738415,0.9856814910452525,1.020842587998347,0.38930449340766893
2016-02-24,0.6068327386495334,1.3097156461300985,0.7028829074805651,0.9728953318844442,1.0215237760419045,0.39324324361267704
2016-02-25,0.6163965111956671,1.3195064414564843,0.7031099302608173,0.9598773370347197,1.0210798425153227,0.3929683344774275
2016-02-26,0.5824917206623053,1.2898936681581217,0.7074019474958164,0.9557796912543473,1.0226836878531176,0.3941974677428622
2016-02-29,0.5764684985337182,1.2860856252347055,0.7096171267009873,0.9544621760385388,1.0226058581945783,0.3921363801856394
2016-03-01,0.590923478571627,1.3018982516941673,0.7109747731225403,0.9616497297168493,1.0212583798711334,0.3900204394388896
2016-03-02,0.5609861441121895,1.2737650986005609,0.7127789544883714,0.9626511639726764,1.0182770003808492,0.3965036097158289
2016-03-03,0.5694691938683368,1.2768737486342558,0.707404554765919,0.9585747645842739,1.019661170011525,0.4009999426512406
2016-03-04,0.5758771304881155,1.2782461551363065,0.702369024648191,0.9565991227116745,1.0188916244355017,0.4047542001664108
2016-03-07,0.5899358225588176,1.2932650558586327,0.7033292332998151,0.9485771808614794,1.0189822795726913,0.40991678176760393
2016-03-08,0.5976940300145035,1.297660044697565,0.6999660146830615,0.9479885260217535,1.0211066926474759,0.4161004706520793
2016-03-09,0.5991778716061336,1.3010222478873148,0.7018443762811812,0.9553578299449474,1.0246474517465773,0.4389036066605551
2016-03-10,0.6117336671205063,1.3068960303363863,0.6951623632158801,0.9474834973664968,1.0242335058556895,0.4368076555483039
2016-03-11,0.6213265184993405,1.3119416592745525,0.690615140775212,0.9394141555024786,1.024646449936108,0.43846483125069124
2016-03-14,0.61741615498423,1.301395851358318,0.683979696374088,0.9508334671615012,1.0251264418184636,0.4508472825107912
2016-03-15,0.6151738924086866,1.2989757602134042,0.6838018678047176,0.9513409206441371,1.0244382471961457,0.44929460052508
2016-03-16,0.6229843489917217,1.297506928724827,0.6745225797331054,0.9708766497788328,1.0261726046314295,0.4530068380740253
2016-03-17,0.6307690370316044,1.3012873116194832,0.6705182745878788,0.9723935210686461,1.0252374042573207,0.4551805042219908
2016-03-18,0.655018277708602,1.3117172211611376,0.6566989434525357,0.9705660257496649,1.028219235055616,0.4552928123089861
2016-03-21,0.6642539048911972,1.3201728984808616,0.6559189935896644,0.9619109102633617,1.0248627048327614,0.4650101527796379
2016-03-22,0.6568501715895796,1.3119260506778139,0.6550758790882343,0.9724702200432754,1.0290255044047056,0.4698485303964499
2016-03-23,0.6590751836357533,1.3204319192989953,0.6613567356632419,0.9532848050397187,1.026802983340401,0.4767667726490954
2016-03-24,0.6773739192844871,1.3396191181565473,0.6622451988720602,0.9489486251403616,1.0284251043648278,0.4817412034254705
2016-03-28,0.6466212210239578,1.3121985197774166,0.6655772987534588,0.9479587889618242,1.0279570061658776,0.48100397167215003
2016-03-29,0.6685884066426938,1.3430412958394295,0.6744528891967357,0.9599226112069938,1.0303383891944575,0.4824350699771359
2016-03-30,0.6608332085959719,1.3392499990570297,0.6784167904610577,0.9608292836048338,1.0291127039678303,0.47837508041216614
2016-03-31,0.6600248406551391,1.3312531279621913,0.6712282873070522,0.964732957563254,1.0284265137005235,0.4784376062565721
2016-04-01,0.6530015136674953,1.3272921657347099,0.6742906520672146,0.9644092782874722,1.028573698595825,0.48089183862808976
2016-04-04,0.667868689386571,1.3281047901340208,0.6602361007474499,0.9653419382604675,1.0293550220271261,0.4821901016802431
2016-04-05,0.6682632224734033,1.331297797747998,0.6630345752745948,0.9640721016152084,1.0293079741795021,0.4878688954334878
2016-04-06,0.6441283069072749,1.3272570866420972,0.6831287797348223,0.9645676323863208,1.0254215682430028,0.48828325025910907
2016-04-07,0.6298207877476142,1.314102835447882,0.6842820477002679,0.9622652120312323,1.0238988491343688,0.4874750075934682
2016-04-08,0.6483926002356031,1.3313111058173248,0.6829185055817217,0.9718315900126796,1.0251719342914674,0.4858491903792106
2016-04-11,0.6129798255017429,1.2948672142936346,0.6818873887918917,0.9416253249215544,1.021682699700012,0.4869841286759023
2016-04-12,0.6180378067912081,1.3006978931520852,0.682660086360877,0.9339371083065477,1.0200975022215164,0.48533672123839283
2016-04-13,0.6171236390057163,1.2995673667448346,0.6824437277391183,0.9312679163247262,1.021036012633107,0.4873435041777619
2016-04-14,0.6261787040255127,1.3110856180973638,0.6849069140718511,0.922925534913286,1.023182633668557,0.49774367418726256
2016-04-15,0.6535282877039352,1.319807429872689,0.6662791421687537,0.9583258900405112,1.0301703820777885,0.5152529533954945
2016-04-18,0.6731939244860442,1.3155620054479813,0.6423680809619371,0.9418265869509703,1.0387162057265271,0.5311074882856276
2016-04-19,0.6487634454920644,1.2973274435899627,0.6485639980978982,0.9363734784163625,1.0270925580756471,0.5339566446046463
2016-04-20,0.6478640299722648,1.2975629347302362,0.6496989047579714,0.93525362527244,1.0271729583114142,0.5321908908333047
2016-04-21,0.680720476439127,1.3167122779675453,0.6359918015284183,0.9310118716193705,1.0138484462862523,0.5356845452617699
2016-04-22,0.6742659154691321,1.3094018728277144,0.6351359573585823,0.9276595787103813,1.0146714206664984,0.5285193157160425
2016-04-25,0.7090089952751264,1.3352005733420915,0.6261915780669651,0.9595294250159245,1.020130663035483,0.548484557950427
2016-04-26,0.7261891940674778,1.3364604721693436,0.6102712781018658,0.9534284190718785,1.0231413084152297,0.5476187201858517
2016-04-27,0.7921717391789534,1.3533383338584322,0.5611665946794787,0.954597791123559,1.022880544480253,0.564176376631824
2016-04-28,0.8008125201320441,1.3741543222188053,0.5733418020867612,0.9502377740295285,1.026940886285573,0.5751728702815203
2016-04-29,0.7684972287885309,1.3457671389454269,0.577269910156896,0.940597879398678,1.0247418943698383,0.5775685915936636
2016-05-02,0.8701102215631205,1.4040825557430088,0.5339723341798883,0.9532215498684476,1.0328122331216727,0.6221982161935207
2016-05-03,0.8742663853537488,1.4020499273183336,0.5277835419645848,0.9511229468699891,1.0339030799894149,0.6180515650944264
2016-05-04,0.8665505806875369,1.4049839090341147,0.5384333283465779,0.9673759849684189,1.026711366815825,0.6045662005740029
2016-05-05,0.9002445785473017,1.415642805058627,0.5153982265113253,0.9673854226689194,1.0249547217168364,0.6159608055580211
2016-05-06,0.9025035370530283,1.417217416826797,0.5147138797737687,0.9700917398717822,1.0256478039181813,0.616041455566076
2016-05-09,0.7357563135502847,1.3299675435240281,0.5942112299737434,0.9050435500186522,1.0070266870265578,0.6030673518109052
2016-05-10,0.78071787759965,1.3820981649133888,0.6013802873137388,0.8634288808681767,1.0076541430376482,0.5902524767995123
2016-05-11,0.7324611776494756,1.3408499195970511,0.6083887419475755,0.8605554407658662,1.005336404629462,0.5801862498728105
2016-05-12,0.7093689896619856,1.310180527527869,0.6008115378658835,0.9257566908996616,0.9981094901886045,0.5611448788366327
2016-05-13,0.7045782135165517,1.321750104258013,0.6171718907414614,0.8835954297295038,0.990919766676535,0.5636334749026232
2016-05-16,0.7814436937100491,1.378775028772239,0.5973313350621898,0.8947406903940185,0.9928747446684305,0.5479174027119854
2016-05-17,0.7251627170814421,1.3551799350390301,0.630017217957588,0.8752495156369913,1.0001482250555986,0.5701302321182783
2016-05-18,0.7059987270458408,1.3320119804946968,0.626013253448856,0.8792974576162509,0.999313347491898,0.5315547393403077
2016-05-19,0.6809324949378549,1.3317801487586316,0.6508476538207767,0.8773452842040727,0.9998717354258277,0.5172408585042978
2016-05-20,0.6960819286431048,1.340188780926715,0.6441068522836102,0.8880035718689478,0.9978732553681126,0.5229611165762293
2016-05-23,0.6958934766074275,1.3166597296786973,0.6207662530712698,0.8600508263833083,0.9823487586006744,0.524512853582094
2016-05-24,0.689332763926664,1.310590190989723,0.6212574270630591,0.8869150759202021,0.9748033153790879,0.4980676533157777
2016-05-25,0.6582542960418772,1.2918622079275055,0.6336079118856283,0.8709305700292056,0.9705029501659919,0.4826370287215901
2016-05-26,0.5996237510041963,1.22771140379558,0.6280876527913838,0.873831432959062,0.9651611062100122,0.49933367412385227
2016-05-27,0.5993542855628595,1.2208291543173746,0.6214748687545151,0.8798586234157062,0.9637358267696144,0.5105970079183284
2016-05-31,0.5855132967478405,1.2278003548456717,0.6422870580978313,0.8690092152716316,0.9652089407553374,0.519459246912618
2016-06-01,0.5737726232530079,1.1872436636636376,0.6134710404106297,0.88397350114283,0.9709782494909811,0.5577290515338819
2016-06-02,0.5570601782419269,1.1802995611058564,0.6232393828639295,0.8820480999106182,0.9678089439393303,0.5500266347945125
2016-06-03,0.5364268600267033,1.164375383129808,0.6279485231031048,0.8783906962252777,0.9638265107380388,0.5383787635971693
2016-06-06,0.5316861443849291,1.162121324622672,0.6304351802377429,0.8841140967772294,0.9637505254036923,0.5488715032934183
2016-06-07,0.533537304966929,1.164305083550775,0.6307677785838461,0.8666699206705869,0.9668740714782001,0.556956443288976
2016-06-08,0.5846889969211214,1.196859705052038,0.6121707081309166,0.9402995876330429,0.9665208990326097,0.5075990784994893
2016-06-09,0.5471047573122453,1.1679844674021962,0.6208797100899509,0.9270927500336619,0.9695162031001161,0.5102476848406451
2016-06-10,0.5623760418639918,1.1852559114788335,0.6228798696148417,0.9280654117375726,0.9683586408175022,0.514767296081629
2016-06-13,0.6586130055796614,1.2614730360604942,0.6028600304808328,0.8926634178096757,0.9703968352934786,0.4930575931506901
2016-06-14,0.6675886065009176,1.3027128733697888,0.6351242668688712,0.8862685455713113,0.9653123305917283,0.4856283036454879
2016-06-15,0.6959894110392759,1.3134623841211128,0.6174729730818369,0.8732135674531507,0.9659813477270931,0.48250916883577294
2016-06-16,0.6553479997120587,1.2929092717747606,0.6375612720627019,0.8898415657773605,0.9643806578255893,0.47928815233787214
2016-06-17,0.6351593302282426,1.2670404814828327,0.6318811512545901,0.9207075071029461,0.9587510742116072,0.4734388602283129
2016-06-20,0.6473838037940993,1.2790534438084893,0.63166964001439,0.9206680929693822,0.9554592769351865,0.45128714633117994
2016-06-21,0.6784513668581991,1.3213539150550704,0.6429025481968713,0.9194865420879328,0.9544843445576644,0.4493049538187733
2016-06-22,0.6805404311605379,1.3242706282256531,0.6437301970651153,0.917702755933175,0.9556754930635377,0.45097631259506765
2016-06-23,0.6510352415578853,1.2935751879316546,0.6425399463737693,0.9384535750955911,0.955200054780608,0.4377459776449454
2016-06-24,0.5850102301227889,1.2245775425944547,0.6395673124716659,0.908046584421802,0.958443043828653,0.4466997871023053
2016-06-27,0.6173175779906824,1.229327831060734,0.6120102530700516,0.901110687347416,0.9522772237229383,0.49511133574234467
2016-06-28,0.6735255211794736,1.2616620889315957,0.5881365677521221,0.8265242547847013,0.9357368266513298,0.5409410800433742
2016-06-29,0.632578021877284,1.2456044848016563,0.6130264629243724,0.8292031717950776,0.9448476899867267,0.5479090470843596
2016-06-30,0.6056858265442805,1.2294742646363215,0.623788438092041,0.8717042932037652,0.9477305802581045,0.5380782825744013
2016-07-01,0.6280271148778371,1.2299185852428005,0.6018914703649634,0.8517382389794774,0.9427118701668514,0.5150988753856254
2016-07-05,0.6240733694480844,1.2398279808069035,0.615754611358819,0.877779318176072,0.9418588982093982,0.5131734036153002
2016-07-06,0.6785358308015824,1.2548255101049763,0.5762896793033939,0.8689102651165195,0.9244289078230448,0.5570163339937391
2016-07-07,0.6918208420102487,1.2580183624138517,0.5661975204036029,0.8788953724090798,0.9245079525320865,0.5630397422199673
2016-07-08,0.6999757319425972,1.2714538490966367,0.5714781171540395,0.8596014010952295,0.9231519966056975,0.5600942529523095
2016-07-11,0.7008358019864904,1.2737695460198677,0.5729337440333773,0.8501465335260987,0.9189915528173842,0.5481335551942055
2016-07-12,0.7131999125942449,1.2772906945196034,0.5640907819253586,0.8493658360053528,0.9183671319540078,0.5532855454451927
2016-07-13,0.7151602109602689,1.2857190147215127,0.5705588037612438,0.8628334341419903,0.9148562098718104,0.5613503915028148
2016-07-14,0.6791339557670548,1.2677441810401897,0.5886102252731349,0.8412989373108661,0.9128481902148825,0.5470536459517422
2016-07-15,0.6955228879185502,1.2759686293001617,0.5804457413816115,0.8416854193896868,0.9141106759947065,0.5513747561911205
2016-07-18,0.7013339297943921,1.2801229535249417,0.5787890237305495,0.843851676514063,0.9141865654644398,0.5504002383137647
2016-07-19,0.6947187765250846,1.2730008320163793,0.5782820554912946,0.8516753696493584,0.915185613779526,0.5537594668771239
2016-07-20,0.7001780332526107,1.2688977145322604,0.5687196812796497,0.8529226863105713,0.9170177956972597,0.5558374510113577
2016-07-21,0.7055699688590144,1.2726082535759038,0.5670382847168894,0.8510365442384653,0.915674148422908,0.5573874205943788
2016-07-22,0.7254152725927379,1.276484938854038,0.5510696662613002,0.8611544296290861,0.9129690213147108,0.5654595258492779
2016-07-25,0.7171410676485005,1.2736702849860766,0.5565292173375761,0.8526131460324013,0.9159237760135588,0.5686357034512783
2016-07-26,0.7080162816668497,1.2736448334499375,0.5656285517830878,0.850935014290221,0.9118183061204255,0.5578022150228551
2016-07-27,0.7039611101992119,1.2707879396935604,0.5668268294943485,0.8518255678186526,0.9118084101896284,0.5558589426839238
2016-07-28,0.6940425954145952,1.267093314260058,0.5730507188454628,0.8481514934742143,0.9122484992673976,0.5547914737870305
2016-07-29,0.671402164390174,1.2503793811192885,0.5789772167291145,0.8584063772436428,0.9076132713768512,0.5561732959985364
2016-08-01,0.6725098304861841,1.2421154409801478,0.5696056104939637,0.8644525611817688,0.9107133028840585,0.5574896044461783
2016-08-02,0.6667138956475132,1.2318425532370099,0.5651286575894967,0.8654855004131692,0.9092433480304236,0.560926546996223
2016-08-03,0.6492330326529487,1.243031845581183,0.5937988129282343,0.8625541353500816,0.9054976049979884,0.5543091124633146
2016-08-04,0.6436383751336723,1.2432341424061129,0.5995957672724406,0.8594408618173697,0.9039316271059312,0.5511996515003996
2016-08-05,0.6445059283228207,1.243019790459791,0.5985138621369703,0.8576364290956486,0.9032336717334697,0.551213303118709
2016-08-08,0.6554792411153034,1.2401166814999718,0.5846374403846684,0.8634765654479366,0.90857661764813,0.5635509241478157
2016-08-09,0.6545950966208778,1.241096488606876,0.5865013919859983,0.8619104444876786,0.908678417524489,0.5617985297361111
2016-08-10,0.6706861353563421,1.2568369789211669,0.5861508435648247,0.8592394644906449,0.9086890024428603,0.5691769499083785
2016-08-11,0.7014738378978301,1.2815054984575376,0.5800316605597075,0.8508005854703271,0.9113088419985499,0.5882403236512566
2016-08-12,0.7018328800885505,1.2795727005314257,0.5777398204428752,0.8564365941473617,0.9117318461256756,0.5878824307987818
2016-08-15,0.7137621553448367,1.2777181837384062,0.5639560283935695,0.8492643148592637,0.9131105520927,0.6007347129002518
2016-08-16,0.7111998605285175,1.2815497351924416,0.5703498746639242,0.8539430156520325,0.9131042523935397,0.6099547778154542
2016-08-17,0.7327295854290721,1.272070860591159,0.539341275162087,0.835981382422849,0.9124541192361875,0.6232719668351765
2016-08-18,0.7323252651065365,1.2717107523179325,0.539385487211396,0.8339340131068786,0.912794645380568,0.6255074403999693
2016-08-19,0.7390201790855753,1.2764166311708893,0.5373964520853141,0.8285158459697242,0.9138299755450473,0.6209173166438983
2016-08-22,0.714765197786543,1.2707981300664197,0.5560329322798767,0.8313878277899194,0.916053723211061,0.6185838428399085
2016-08-23,0.7138438315485469,1.2726352505195233,0.5587914189709764,0.827879432744501,0.9167131993718011,0.6233420974250512
2016-08-24,0.7355075748989434,1.2866023527558483,0.551094777856905,0.8219912105265405,0.9178061016322813,0.6425269672372113
2016-08-25,0.7236916209276041,1.2775636867416713,0.5538720658140672,0.8348661391776037,0.9164547880661946,0.6357664408779788
2016-08-26,0.7118892323801191,1.2677100725769634,0.5558208401968443,0.8337774866665836,0.9166098234519727,0.6338112861803892
2016-08-29,0.7015372625598733,1.26251652052615,0.5609792579662767,0.8360408335701353,0.9178418356082443,0.6292892432946695
2016-08-30,0.7109438198411032,1.274968644686607,0.5640248248455039,0.838021140324254,0.9154508917973856,0.6247311071110624
2016-08-31,0.695713059007888,1.260577887029795,0.564864828021907,0.840106331025968,0.9164085193455591,0.6207612084816663
2016-09-01,0.7107755268825711,1.2709640687719246,0.5601885418893535,0.8394324942462457,0.91865372330819,0.6240606141413979
2016-09-02,0.6950250543493386,1.2632134699504525,0.5681884156011139,0.8399938346836973,0.9177169326515415,0.6179482162665642
2016-09-06,0.6912111315730243,1.2583051886106156,0.5670940570375913,0.8379402096669377,0.9144187133266807,0.6111980196560929
2016-09-07,0.6925812052927683,1.2628317135582598,0.5702505082654915,0.8426077184689466,0.9153551722814999,0.6094473326647464
2016-09-08,0.7034691989148509,1.2717753275622958,0.5683061286474449,0.843613904175918,0.9160166451254206,0.6124665153401389
2016-09-09,0.6970888117317409,1.269305366169974,0.5722165544382332,0.8476746435314602,0.9169419724127097,0.6084715647130333
2016-09-12,0.6083584217837196,1.2165105886628613,0.6081521668791418,0.8792367215257899,0.9313795870884044,0.5065461006104318
2016-09-13,0.5420992310827457,1.189155098700407,0.6470558676176612,0.885235818131894,0.9327261502718962,0.4837770661085961
2016-09-14,0.5201297448005338,1.1869537555779208,0.6668240107773871,0.8802920208159918,0.9430866694929095,0.46798319486689083
2016-09-15,0.5200823242026537,1.184843569627866,0.6647612454252124,0.8816445479096404,0.943209088924372,0.46875023662288434
2016-09-16,0.5118066155178943,1.1732911577587308,0.6614845422408365,0.8920732880323261,0.9399566296447625,0.45958905525647814
2016-09-19,0.49026950009863435,1.1602437978073912,0.6699742977087568,0.8844346576450147,0.9396766152587759,0.46711116028724786
2016-09-20,0.497789625203219,1.1627292746469986,0.6649396494437796,0.8781806751169078,0.9400852660114288,0.468009063099145
2016-09-21,0.4949453586700817,1.1576014317059995,0.6626560730359178,0.8769979048402399,0.9390595038893619,0.4668221052565608
2016-09-22,0.5079807328811801,1.1517761783467368,0.6437954454655568,0.8756864292946471,0.9380881097428192,0.456299520779217
2016-09-23,0.5363429919899927,1.192781428264784,0.6564384362747913,0.8974005244094194,0.936209548035702,0.447408468260056
2016-09-26,0.435264982540462,1.1374280624387487,0.7021630798982867,0.8955415027851498,0.9346613922909985,0.41975613822524716
2016-09-27,0.3401704068204744,1.131244902303151,0.7910744954826766,0.9452155761528458,0.9655603321053469,0.3975765702917415
2016-09-28,0.3490328819784424,1.1490171097486621,0.7999842277702197,0.925424605261884,0.9566940199004026,0.38866045670389543
2016-09-29,0.34110208411038456,1.127170859694392,0.7860687755840073,0.9364694213082831,0.9518809353751294,0.4263834806195796
2016-09-30,0.35666707163692324,1.1335217436604061,0.7768546720234829,0.9406368254276676,0.9586531632828657,0.42782291885412177
2016-10-03,0.3393704773775431,1.1160567198896933,0.7766862425121502,0.9333022549244728,0.9625462533123916,0.426852645741716
2016-10-04,0.3356642238584182,1.1312587883307708,0.7955945644723526,0.9239090009869126,1.001680371072713,0.29833949347145633
2016-10-05,0.38457475684136544,1.183991460644281,0.7994167038029155,0.9294445083887289,1.0052174213974117,0.29900379030246665
2016-10-06,0.3805157547192337,1.1563015146083262,0.7757857598890925,0.9279687494874538,1.0021912899550307,0.2998526163514227
2016-10-07,0.40404029328264035,1.19035866306278,0.7863183697801397,0.9480530207574167,1.015345731622856,0.30688278663959595
2016-10-10,0.3908833524318479,1.1783141842108111,0.7874308317789632,0.9415957554009468,1.0141724834819525,0.3146888635624881
2016-10-11,0.3674031434790479,1.1757838332718098,0.8083806897927619,0.962898815478479,1.0206871612570514,0.2970187945945981
2016-10-12,0.3645935724207048,1.1744540518623234,0.8098604794416187,0.9244071702544003,1.0199600298211948,0.31292560006391146
2016-10-13,0.37385516209885195,1.1730195668646943,0.7991644047658424,0.9409312564908927,1.0182880763934508,0.31251942486095385
2016-10-14,0.3694686354741539,1.1671486557606467,0.7976800202864929,0.9447477605980953,1.0181306643115262,0.3148914380336962
2016-10-17,0.3778485729963865,1.1684662191230073,0.7906176461266208,0.9454711860149545,1.0167140777617425,0.31221227777802885
2016-10-18,0.37401044770295977,1.1657250934910772,0.7917146457881175,0.9435689669226279,1.0171216397834522,0.3107335733509323
2016-10-19,0.384965613157659,1.1796849466787134,0.7947193335210544,0.9719861460510874,1.0294980549636366,0.32237657932893826
2016-10-20,0.39600723926490733,1.1927101108196783,0.7967028715547709,0.9644613206530861,1.0290254514832744,0.31733545011324416
2016-10-21,0.3850462691561727,1.1820243205364662,0.7969780513802935,0.9612246927797359,1.0255450705348412,0.304853253796549
2016-10-24,0.37859834493975775,1.1754901046591009,0.7968917597193431,0.9649167057509671,1.0299067111795102,0.31602684337680587
2016-10-25,0.35015731300869657,1.1681182896431117,0.8179609766344151,0.9573103070433335,1.0348830188863969,0.3207831291450388
2016-10-26,0.35079169200926574,1.1625986031977267,0.8118069111884609,0.9560449171530727,1.0316526026771318,0.3121034700265469
2016-10-27,0.34802004625822636,1.1601588712629032,0.8121388250046768,0.9584284431495919,1.031790544435609,0.31532881875884083
2016-10-28,0.33948136045580346,1.1609055054472193,0.8214241449914158,0.9438819569132464,1.030290810552737,0.31675083176241964
2016-10-31,0.34860512244111896,1.1643625027672015,0.8157573803260826,0.9500817650049307,1.0287029753357717,0.31614513992807863
2016-11-01,0.3734740361141491,1.1838532023444315,0.8103791662302824,0.9593516961297994,1.0260903671513004,0.3090932383650029
2016-11-02,0.34037171861978854,1.1849696993915189,0.8445979807717303,0.9551187237999048,1.0346143436775508,0.3081502585708106
2016-11-03,0.35340739740977045,1.1974180367858294,0.8440106393760589,0.9791543243911403,1.0384762265047893,0.3166246220187869
2016-11-04,0.3239204182113923,1.16732434991335,0.8434039317019578,0.98775812302714,1.027817891043997,0.3087857083964212
2016-11-07,0.3279916117391878,1.170805213191311,0.8428136014521231,0.9892715670762612,1.0280569365295045,0.309307499258515
2016-11-08,0.3287716636590823,1.1613146768493174,0.8325430131902352,0.9758267257011194,1.0262064452135933,0.3036330229412082
2016-11-09,0.3385899541915425,1.1645488143694296,0.8259588601778871,0.9872915709289158,1.0279608302469403,0.2971691037126238
2016-11-10,0.37698777507386716,1.1521103679826354,0.7751225929087683,0.9662324686147319,1.0020881005467366,0.2866720690913082
2016-11-11,0.40209199950401664,1.1670004514432706,0.7649084519392539,0.9701077945330256,0.9979347106837806,0.28725856588143295
2016-11-14,0.3958509421953551,1.1698548762421845,0.7740039340468294,0.9666342546643015,0.9974820681112544,0.2781922130495856
2016-11-15,0.40872572129763207,1.1806827345660549,0.7719570132684228,0.9707468958482277,0.9983541746619172,0.28169191563221435
2016-11-16,0.3898408619671123,1.1754301575257489,0.7855892955586365,0.9782291598441547,1.0035885686976247,0.28315726533289903
2016-11-17,0.40322573562649433,1.1774524064094245,0.7742266707829302,0.9816410763479825,1.0018703829145437,0.27946325143000067
2016-11-18,0.40556074958396016,1.1757645437661934,0.7702037941822333,0.9884626632668945,1.0023520938988084,0.28918919966064444
2016-11-21,0.39199135631205495,1.170346086822317,0.778354730510262,0.9908150487006597,1.000950290560805,0.28603570397441924
2016-11-22,0.4048798087314732,1.1668947420004971,0.7620149332690239,0.9914136828126436,0.998816694296056,0.28719698846613456
2016-11-23,0.3487681322379098,1.135529397109554,0.7867612648716441,0.9900636618895093,1.0017498104748923,0.27538893845927526
2016-11-25,0.3400349182649518,1.1367452452491533,0.7967103269842015,0.9908495789718185,1.0022634091197065,0.2757583508235204
2016-11-28,0.346372644231266,1.1434040692994454,0.7970314250681794,0.9945751534834542,1.0011872593589648,0.27255866698116604
2016-11-29,0.34231005869488584,1.1535006013857694,0.8111905426908835,0.9940969151350956,1.0010453607679433,0.2820128665977993
2016-11-30,0.34876810677745795,1.160414304896597,0.811646198119139,0.9917176760138319,1.0005804742926012,0.282476333683589
2016-12-01,0.2957195479757815,1.1097565812199575,0.814037033244176,1.0008891821816475,0.9998443121868339,0.27215634864182964
2016-12-02,0.2803002396073635,1.1036003219402517,0.8233000823328882,0.9776633651037077,0.9999612699230703,0.27599051313136663
2016-12-05,0.289585317761732,1.1091934118584088,0.8196080940966768,0.9775042385453379,1.0013536629767104,0.27803684432609693
2016-12-06,0.31920938700315293,1.1303140811789687,0.8111046941758158,0.9751602962556831,1.0018094777974722,0.28124658023180554
2016-12-07,0.33086558736142657,1.1400700296186024,0.8092044422571758,0.9750192489108374,1.0030696626038882,0.2886802423492903
2016-12-08,0.2426108227673628,1.0954173744560385,0.8528065516886757,0.975321224671313,1.0009891770847603,0.2602730688278126
2016-12-09,0.3784083679515411,1.157711688041334,0.779303320089793,0.9682761898550131,0.9874777850109032,0.2918423931836443
2016-12-12,0.44069203693131687,1.1905988964877654,0.7499068595564485,0.96870607346212,0.9972034336199401,0.31913027098189284
2016-12-13,0.46076965989021923,1.2183677334882796,0.7575980735980604,0.9393347378963508,0.9776695747043713,0.33174548315341656
2016-12-14,0.46327629320488994,1.2286881922471644,0.7654118990422745,0.9536872936407668,0.9826748707863628,0.3229554786181688
2016-12-15,0.42088022060179753,1.1845481030620573,0.7636678824602597,0.9791014496911012,0.9903316326387028,0.3194576484851634
2016-12-16,0.41937373403410305,1.1869060671261917,0.7675323330920887,0.985717677308517,0.9916094972995815,0.32180114906587554
2016-12-19,0.42868260987932016,1.1879445728112659,0.7592619629319457,0.9853991269871438,0.9904830937014866,0.3282919359099033
2016-12-20,0.4276584286821057,1.1878024146880504,0.7601439860059447,0.9824648651502128,0.9905177726110103,0.32713861845508974
2016-12-21,0.4437870175271784,1.2084784096199641,0.7646913920927857,0.9608682992570863,0.9942369816310881,0.35434599270777567
2016-12-22,0.460730361931611,1.2192893490312593,0.7585589870996483,0.9941837148627384,0.9972521654366688,0.36580975970606305
2016-12-23,0.49451009611527574,1.2259796425607523,0.7314695464454766,0.9557298639457277,0.9958738442589697,0.3758896807573374
2016-12-27,0.5265702822166245,1.244638196049688,0.7180679138330635,0.9605281543252198,0.9871728514159965,0.36008338822938835
2016-12-28,0.5237129216895184,1.2490529736313696,0.7253400519418511,0.9860141883520056,0.9898614433270759,0.35831882874547283
2016-12-29,0.5634656558375467,1.2488562956961522,0.6853906398586055,0.968115732593653,0.9967833434063144,0.3689119174199933
2016-12-30,0.5076188567482477,1.2351623291303322,0.7275434723820845,0.9900510799154123,0.9946014356212505,0.38035554913927855
2017-01-03,0.5237884354844614,1.2406782651792172,0.7168898296947558,0.9874806214293563,0.9953964114970824,0.3771298703699921
2017-01-04,0.5380933696348327,1.2580676724341235,0.7199743027992909,0.9690030508902249,0.9906451023208575,0.38342482581618215
2017-01-05,0.5731051663697617,1.2721649964676063,0.6990598300978446,0.954600940519158,0.9858293337070294,0.40112788847075015
2017-01-06,0.574413446570862,1.26476640457274,0.690352958001878,0.9590035330635459,0.9903222671865494,0.4036189256756629
2017-01-09,0.5726357117946472,1.2748956322413987,0.7022599204467515,0.9631980579691612,0.9893562960461527,0.4069211009439227
2017-01-10,0.5598743716665003,1.2777616343608398,0.7178872626943394,0.9727647569717256,0.9900726304423885,0.3939261979073387
2017-01-11,0.5591359177635515,1.2676672380934497,0.7085313203298982,0.980203607104772,0.9884816435804129,0.39417064651379796
2017-01-12,0.4627111871816858,1.1883332720753528,0.725622084893667,0.9364884947353314,0.9831928722463854,0.38200118382131143
2017-01-13,0.45972418706296914,1.198391292420496,0.7386671053575269,0.9366335721614242,0.9858320417180207,0.3897258922655902
2017-01-17,0.4365448675571375,1.179356519936639,0.7428116523795014,0.9448480614373888,0.9846113450765736,0.378822286150914
2017-01-18,0.4753957060926687,1.2125690079005749,0.7371733018079062,0.9125929006118038,0.9905977525388681,0.41196894500110837
2017-01-19,0.4549764074949134,1.1876021041340956,0.7326256966391822,0.926479250355458,0.9866653826733167,0.40758735222329734
2017-01-20,0.5046814683082091,1.1984269692657208,0.6937455009575116,0.912416957204373,0.9767052922663162,0.4017385770004542
2017-01-23,0.5157057104527516,1.2048408331192553,0.6891351226665037,0.9011989258146467,0.9752222728171339,0.3976069147993435
2017-01-24,0.5163643305046097,1.2144219551866593,0.6980576246820496,0.924460934079345,0.9751171966408406,0.3951548993277778
2017-01-25,0.5319245867398901,1.2116718362783352,0.6797472495384451,0.9162057432872754,0.9676984722452744,0.407319567431974
2017-01-26,0.5228570699339381,1.190899759795403,0.6680426898614649,0.9267562980756254,0.9568188124255657,0.4025594096854866
2017-01-27,0.5787352316355336,1.2201455223309243,0.6414102906953907,0.8995995816089722,0.958383347215383,0.4155030505141918
2017-01-30,0.5507658933509257,1.1993281132123976,0.6485622198614719,0.9327880846254435,0.9595512134552824,0.41531964145769
2017-01-31,0.5792541411892641,1.2139763675602375,0.6347222263709734,0.9265294197803602,0.964933794824909,0.42708590967892335
2017-02-01,0.5642016628254136,1.2187767428429355,0.6545750800175218,0.9382653680378061,0.9655036608776052,0.43015150626395254
2017-02-02,0.5672516651501814,1.22079941210351,0.6535477469533285,0.9338547788170164,0.9640756759977384,0.4224363329538236
2017-02-03,0.5785340178401176,1.2057703071349044,0.6272362892947868,0.8757362929410408,0.9525723780347212,0.4405800157293161
2017-02-06,0.5541728602574116,1.1803984607419724,0.6262256004845608,0.8374324114293644,0.9413094791671782,0.44449419856985867
2017-02-07,0.5640507241036937,1.1620727674402438,0.5980220433365501,0.8647134083768048,0.9384931191810926,0.43431286611847664
2017-02-08,0.5649810505941715,1.154047571036584,0.5890665204424126,0.881959712908164,0.9370320035363018,0.4376380717472324
2017-02-09,0.6693466086519827,1.2180953052004144,0.5487486965484317,0.8019222333542597,0.909791776256619,0.5474530379692144
2017-02-10,0.6648773112534554,1.1951179416269992,0.5302406303735439,0.800195503118567,0.9042895679874691,0.5607913379187145
2017-02-13,0.6038891177062453,1.259767622823444,0.6558785051171987,0.832705827100199,0.952632373830512,0.456352749007091
2017-02-14,0.6189031786864176,1.2927026108632025,0.6737994321767848,0.8885757778370313,0.9566925748759315,0.46427592838760845
2017-02-15,0.6453341474800582,1.3100688803543776,0.6647347328743194,0.876719999271945,0.9708240792141465,0.44913153972439507
2017-02-16,0.6081379641393586,1.271685167517108,0.6635472033777493,0.8503736027774096,0.9621556370680284,0.4502326090030555
2017-02-17,0.612118167608503,1.2728034569698692,0.6606852893613662,0.84464662449362,0.951739256714018,0.47196818294128273
2017-02-21,0.5844103112938551,1.247619920767169,0.6632096094733139,0.8601912129312227,0.9591777402985415,0.46331632028329695
2017-02-22,0.5482696111392518,1.2252791219514432,0.6770095108121914,0.9184700008547706,0.9712313461020408,0.43500600858982724
2017-02-23,0.516102338595321,1.1917072929839057,0.6756049543885847,0.9115660412998456,0.9747613305114337,0.4511383615161727
2017-02-24,0.5132823871959149,1.1895887976331974,0.6763064104372825,0.8807903061921079,0.9816575479874383,0.4710412624353789
2017-02-27,0.5137650029148526,1.188357716741957,0.6745927138271044,0.878963569815103,0.9816699177716578,0.46957178080417544
2017-02-28,0.5139839499546665,1.1863585075500644,0.672374557595398,0.8777371814686934,0.9818897610872022,0.46960323930136555
2017-03-01,0.565836497998937,1.1997873652623008,0.6339508672633638,0.868524743794365,0.9834252408694552,0.4813987501470016
2017-03-02,0.6385165583652673,1.250507950525074,0.6119913921598067,0.8128325623779598,0.9709847379188985,0.49495434054233706
2017-03-03,0.6539513681186745,1.2415186932690128,0.5875673251503383,0.8117273258672524,0.9767219743114015,0.5296893793522786
2017-03-06,0.7283062362054327,1.3041762402144337,0.575870004009001,0.827466557626463,0.9786915970058936,0.586647373312283
2017-03-07,0.7799238465124951,1.3058103510489405,0.5258865045364454,0.8170631585879857,0.9745826701010235,0.5963271993301545
2017-03-08,0.7681932313757109,1.3249894948940337,0.5567962635183228,0.8244677698270249,0.9731646109167943,0.5863465215823646
2017-03-09,0.7068074734953403,1.2891606194041625,0.5823531459088221,0.8014460836688446,0.9747483826160005,0.5724351618192166
2017-03-10,0.7200594264450363,1.3083802419836734,0.5883208155386371,0.7987643462090706,0.9715546558021758,0.5643436963711149
2017-03-13,0.7172509935071216,1.2780227469149876,0.560771753407866,0.8408862552020269,0.9681320295531185,0.6295961520016607
2017-03-14,0.7206467334306307,1.2815805449396,0.5609338115089694,0.8440992468182122,0.9661078216102126,0.6222596663124104
2017-03-15,0.7376992161448243,1.2881727551560544,0.5504735390112302,0.8561347239458075,0.9582876129148468,0.6416146733570237
2017-03-16,0.6577136763089485,1.21701469279188,0.5593010164829314,0.8436356639234358,0.9556676752837574,0.5878425006263261
2017-03-17,0.7203525330557343,1.267545515055204,0.5471929819994696,0.8240884148370344,0.9448687578817552,0.6125523814667133
2017-03-20,0.7132850341237253,1.2316332250608957,0.5183481909371703,0.8537979712577004,0.9442604360539052,0.6669359446234211
2017-03-21,0.7433358386238728,1.264786465838058,0.5214506272141853,0.8623038237651481,0.938867192941912,0.653364816275317
2017-03-22,0.742995171075634,1.2665209965182342,0.5235258254426003,0.825997697765664,0.9434003362443943,0.6972683631198765
2017-03-23,0.7513632151168406,1.266850977963506,0.5154877628466654,0.8278924972304884,0.940885915788027,0.6969547880587982
2017-03-24,0.6836234232067332,1.2174581441987602,0.533834720992027,0.822135330238857,0.9353987666710197,0.6860869052852988
2017-03-27,0.7023992123510259,1.2338019678754695,0.5314027555244436,0.8283859005219734,0.9322077745664987,0.6931615059692825
2017-03-28,0.7254228513099492,1.251500578741321,0.5260777274313717,0.8373389346447497,0.9371770962530893,0.6950991624274981
2017-03-29,0.713231323645158,1.2201204843833204,0.5068891607381625,0.8497503518508115,0.936911556280279,0.6974136935374977
2017-03-30,0.7126733546022697,1.219720143639171,0.5070467890369013,0.854652383055531,0.934403011529224,0.6956616186994663
2017-03-31,0.7802428578743837,1.2602537508272906,0.4800108929529069,0.8362852684030551,0.9273914430770248,0.7367421508689647
2017-04-03,0.7473527734168413,1.2379258943446745,0.4905731209278332,0.8277456654065547,0.9256878806655499,0.7317165658430284
2017-04-04,0.8115026176717149,1.2683216380972109,0.45681902042549594,0.8447242043216914,0.9147802570395016,0.7592795271687477
2017-04-05,0.8498165071662457,1.2989300844007479,0.4491135772345022,0.7672095978772535,0.9175482995555532,0.7646399072782022
2017-04-06,0.7374145863346853,1.1857775799555998,0.44836299362091464,0.7460045398920228,0.9131667827019404,0.7745967887539372
2017-04-07,0.7496481491154932,1.190040170731132,0.440392021615639,0.7411124751774324,0.9112573444926148,0.7714976779951093
2017-04-10,0.7471749696834337,1.210386407982129,0.46321143829869527,0.7117475031481042,0.9114613200667487,0.7721472233727747
2017-04-11,0.7082017242738812,1.2034765209764577,0.49527479670257657,0.765515472944182,0.9121717281097544,0.7775221193544763
2017-04-12,0.7245306982582975,1.202907528035125,0.47837682977682733,0.7539354970379011,0.910749129899908,0.7793962275965576
2017-04-13,0.7734519324377257,1.1815255548753811,0.40807362243765544,0.759640082887409,0.907939617719612,0.7908976338766314
2017-04-17,0.8208664248463974,1.2709825973613111,0.45011617251491376,0.7655845616923672,0.9149613728129536,0.777236323783066
2017-04-18,0.7879041311197382,1.2263240269385736,0.43841989581883534,0.7833088968268201,0.9297155027835816,0.7665648554699294
2017-04-19,0.7895192428928226,1.2398493377210784,0.4503300948282558,0.7693284537331273,0.9226867173198592,0.7366636226757802
2017-04-20,0.7929934345830272,1.250742017803546,0.45774858322051887,0.762669320048172,0.9258967998758079,0.7320002331335926
2017-04-21,0.909886720176337,1.2596171935909135,0.3497304734145765,0.7398857939658718,0.9148818063583785,0.7483558842956848
2017-04-24,0.8998643478759626,1.2492311400763265,0.34936679220036393,0.761718967465902,0.915496471582543,0.7522540610282089
2017-04-25,0.9100040333077741,1.2768814903552599,0.3668774570474857,0.7977177376380614,0.9111155187467692,0.7584880949830017
2017-04-26,0.8133523383375616,1.24962210849369,0.43626977015612844,0.7935988468532438,0.9342773195688292,0.7621478274551987
2017-04-27,0.7667689917650583,1.2544706099203091,0.4877016181552508,0.825508506357939,0.9408002524841466,0.7586090101073577
2017-04-28,0.7727081811968914,1.2583492833654477,0.48564110216855627,0.8274615151391229,0.9431664866665758,0.7617954146557975
2017-05-01,0.7883767552844156,1.2856626323911489,0.4972858771067333,0.8314095425053798,0.9439929261467552,0.7623429842735262
2017-05-02,0.7854961301224022,1.291598496489767,0.5061023663673649,0.8188675754336447,0.9388205955143919,0.7628812674726327
2017-05-03,0.7012748623049716,1.2190062973755773,0.5177314350706057,0.8342379500474082,0.9376142984856938,0.7515813810351467
2017-05-04,0.6828381735698316,1.200221771329106,0.5173835977592743,0.8228939426804304,0.9376263382451917,0.745440577629699
2017-05-05,0.6833829924856533,1.2008743613768464,0.5174913688911932,0.8224761732012873,0.9380306896308365,0.7454887434861351
2017-05-08,0.675566752302039,1.2064438770985126,0.5308771247964736,0.8537570513804343,0.9382092676043127,0.7181575672877288
2017-05-09,0.6820176773122935,1.2156535288222856,0.5336358515099922,0.8592054015397856,0.9437053360985476,0.734785408675564
2017-05-10,0.6730686135953236,1.2138702761268299,0.5408016625315063,0.8590525976739929,0.9447561486062299,0.7298099300468585
2017-05-11,0.6698033270385477,1.211826795223746,0.5420234681851983,0.8593620191324014,0.9466887155703648,0.7327979369573886
2017-05-12,0.6935827234037351,1.196907880439655,0.5033251570359198,0.8594019615482603,0.943499406801493,0.722435457044726
2017-05-15,0.7053346795414829,1.19653622411733,0.4912015445758472,0.8733352379341355,0.9420835156538921,0.7203769544078402
2017-05-16,0.7142950138543344,1.1565927262771463,0.4422977124228119,0.8223186453177869,0.9422136412311628,0.7360418991640861
2017-05-17,0.7047893545709729,1.1514481707036335,0.44665881613266056,0.8189786517269694,0.9420849941183668,0.7260851541950171
2017-05-18,0.7602510809385308,1.2342881635229526,0.47403708258442173,0.8017899155513724,0.9622902976104839,0.8026221888920125
2017-05-19,0.7328685293980239,1.2388209861221873,0.5059524567241633,0.790052393887311,0.9649434044311652,0.7984849058884761
2017-05-22,0.7137503678921747,1.2367440225083788,0.5229936546162041,0.7697030943453849,0.9681240959078526,0.7928133297907436
2017-05-23,0.7585001026852033,1.266400749026496,0.5079006463412926,0.7730160486427556,0.9484795470028298,0.7756919390803912
2017-05-24,0.7578529221769466,1.2700296775014963,0.5121767553245498,0.7648290367006231,0.9491068191518732,0.7771563416347949
2017-05-25,0.7560223400385012,1.2603740750308225,0.5043517349923213,0.7597234016257611,0.9507819816309527,0.7747750608021149
2017-05-26,0.7442102611127566,1.2533178757560397,0.5091076146432831,0.7640716114562542,0.9506223040272299,0.765619680816722
2017-05-30,0.7402148862668727,1.2527079476116632,0.5124930613447904,0.776210478779691,0.9504015418054365,0.7612512727125877
2017-05-31,0.773203495217395,1.2657049200174058,0.49250142480001075,0.7710958026285999,0.9487106056012184,0.7564673776180756
2017-06-01,0.6627545095435745,1.1338289702982605,0.4710744607546859,0.7953071016978649,0.9618531695449584,0.7584044238746271
2017-06-02,0.58412422496896,1.0864158707223093,0.5022916457533493,0.8079760716055004,0.9479390590866387,0.699556188934912
2017-06-05,0.5841640354394028,1.0779169575553058,0.49375292211590305,0.8113984084127727,0.9458576390748553,0.6892182611777184
2017-06-06,0.6144774176287411,1.1110394244537405,0.49656200682499946,0.7890299509445006,0.9461349076194311,0.6925000234178761
2017-06-07,0.6235758851132516,1.0950816553321991,0.4715057702189475,0.7682375656489905,0.9411781087805926,0.6864404461974546
2017-06-08,0.6338327169374435,1.1019557484664948,0.4681230315290513,0.7761376280756871,0.9362761804028156,0.6957684290729055
2017-06-09,0.6338364578273212,1.101885451513943,0.4680489936866217,0.7768365349498157,0.9363169655422224,0.6937679152166278
2017-06-12,0.682923497467606,1.1338040202130952,0.4508805227454892,0.7793449433468462,0.9375856199742839,0.6994614755560286
2017-06-13,0.6896928727705334,1.1355656127815443,0.44587274001101096,0.7746586416284624,0.9378806875707879,0.7003452773635058
2017-06-14,0.6951206471905156,1.1571549749013528,0.46203432771083713,0.7681217410875442,0.9396011836702797,0.7020974904705454
2017-06-15,0.7588813019705707,1.1906204442747392,0.43173914230416854,0.7376439501315256,0.9450794534736949,0.7658013380229691
2017-06-16,0.7587060216144002,1.2251109818288834,0.46640496021448324,0.7236817772566233,0.9439839897262178,0.7743107528256066
2017-06-19,0.7572031381671473,1.2267367288788609,0.46953359071171347,0.7216126932851974,0.944417743200626,0.7711379589745218
2017-06-20,0.7070192692272366,1.1936130779036673,0.48659380867643076,0.7195202644872442,0.9448129403541775,0.7900807451631779
2017-06-21,0.7415570462201381,1.1934271916411792,0.4518701454210411,0.730124531699585,0.9298822316578139,0.7087172644747527
2017-06-22,0.7352182892275057,1.1858597724869584,0.4506414832594527,0.7343950339637244,0.9312479799849421,0.7054615630560969
2017-06-23,0.7195021661297005,1.1742420902923687,0.4547399241626682,0.7316219795225369,0.9316369477383586,0.7060690473373802
2017-06-26,0.7244169866898131,1.1748643444586873,0.4504473577688741,0.7479333764263283,0.9312101710703968,0.7024299551405739
2017-06-27,0.7345062856995801,1.183642767126421,0.4491364814268409,0.7296288159003534,0.9295469071828648,0.7037446441328379
2017-06-28,0.8632212933389942,1.3326402536391297,0.4694189603001355,0.7574786692347515,0.9352506509776484,0.6933530173262087
2017-06-29,0.8689638294716717,1.3240806717261049,0.45511684225443316,0.7170631499596706,0.9196105222917618,0.6992750877298813
2017-06-30,0.9119562609439996,1.3685104787610114,0.4565542178170118,0.727708251199877,0.9181867587559527,0.6543480773519113
2017-07-03,0.8816132467272354,1.3510529380522642,0.46943969132502883,0.7407035015376301,0.9193277443557073,0.6536463635361361
2017-07-05,0.8808735666816374,1.3634273482293318,0.4825537815476943,0.7502480483081114,0.9218043335261588,0.6485563030467243
2017-07-06,0.8955255872691628,1.3651039643960239,0.4695783771268611,0.7396034507801368,0.9212662491196437,0.6546647981905387
2017-07-07,0.8120629201580074,1.3485241047183556,0.5364611845603482,0.7754148200926587,0.926794774558277,0.6150151263044721
2017-07-10,0.8248501445341059,1.347611618561231,0.5227614740271251,0.7760874341117026,0.9279324513589731,0.6165241772566248
2017-07-11,0.821958970362517,1.3410604965794806,0.5191015262169636,0.7735173360979406,0.927550619131586,0.6189027177753031
2017-07-12,0.8339514598327133,1.3498502163878339,0.5158987565551205,0.7785886494332594,0.9271243586787844,0.6174715227419358
2017-07-13,0.7858620738477822,1.3080324918188193,0.5221704179710371,0.7939275149103933,0.9320672805111203,0.6066356433573797
2017-07-14,0.7162836574457998,1.2635502715690712,0.5472666141232714,0.7871540696608637,0.9297847491788223,0.5918590271722425
2017-07-17,0.7393334508417552,1.2547153337766064,0.5153818829348512,0.7798896403015569,0.9239949878732563,0.5897113744885425
2017-07-18,0.725830707533601,1.2563462450499354,0.5305155375163344,0.7657808045240365,0.913584440122666,0.5841519204645491
2017-07-19,0.7675100578331457,1.256844678209708,0.4893346203765622,0.7664027395225899,0.9134522011522134,0.5802519326373482
2017-07-20,0.7456059650664781,1.2326535846065891,0.48704761954011094,0.7649974231931989,0.9111238807971958,0.5690963400529389
2017-07-21,0.7229785583957447,1.2222930607847355,0.49931450238899094,0.7942149104574185,0.9193296041480922,0.5672551090690678
2017-07-24,0.7176965845334347,1.2343647500716541,0.5166681655382195,0.8077564573215112,0.919144444994833,0.5709573588921473
2017-07-25,0.802180756075979,1.3038796835128137,0.5016989274368346,0.8195555659612761,0.9262140016981396,0.5812164005499536
2017-07-26,0.7234870371626072,1.2349494122534581,0.5114623750908509,0.795256828345128,0.9124393433261271,0.5640000894205482
2017-07-27,0.7303795706680285,1.2337893795590915,0.503409808891063,0.8047773975254908,0.9111540021587682,0.5628486144995959
2017-07-28,0.7557909908938336,1.2424277552689942,0.4866367643751606,0.7726176306025483,0.9079345848506315,0.5748807450065713
2017-07-31,0.802408773146027,1.2868882118915166,0.48447943874548954,0.7785483079216806,0.9064831599901252,0.575468170199393
2017-08-01,0.8024126674780452,1.294016622502026,0.4916039550239808,0.7728221888376011,0.9063506504547328,0.5745110199296903
2017-08-02,0.8083358853796137,1.3015893644243302,0.4932534790447165,0.7744291701954558,0.9095567113440198,0.5815015163801218
2017-08-03,0.7903176519199758,1.29460963681573,0.5042919848957542,0.7784447621994162,0.9095469176776392,0.5828932500266741
2017-08-04,0.7670185241745762,1.2945923975750762,0.5275738734005,0.7782340757560261,0.9066676651380904,0.579384445439109
2017-08-07,0.7926198656139879,1.2959633945814946,0.5033435289675067,0.7766882770980599,0.9059058916193508,0.5914518271463255
2017-08-08,0.7928444882536594,1.2946019266871138,0.5017574384334544,0.7826020590894376,0.9057217783183554,0.5938450006396365
2017-08-09,0.8040851464684494,1.2864798320066462,0.48239468553819675,0.7833131191713314,0.9055613477573485,0.6023457636094807
2017-08-10,0.8044218413506194,1.2769033815535664,0.4724815402029469,0.7781358226060728,0.9043108248739895,0.5963398520993074
2017-08-11,0.7088139841159442,1.1931007153460058,0.48428673123006166,0.7496236243942277,0.9044322508260069,0.6312051984873577
2017-08-14,0.7293241767622614,1.2014462869727986,0.47212211021053735,0.7471905831221164,0.9048872080322637,0.634340067138415
2017-08-15,0.7749232034447677,1.2277250513422906,0.45280184789752287,0.7905424697565173,0.9138183536878635,0.6560007731240713
2017-08-16,0.7873462188192357,1.238402158342212,0.4510559395229763,0.7861074371063592,0.914602142744891,0.6638094517564773
2017-08-17,0.6025859526352891,1.1161662718725895,0.5135803192373004,0.7766961234561258,0.8830543204600827,0.5570327917327169
2017-08-18,0.6195127001266122,1.1518831321863205,0.5323704320597084,0.7822608296186518,0.8871043563026793,0.49526655809086834
2017-08-21,0.6044005763728054,1.1262807533232275,0.5218801769504221,0.7716831095161202,0.8836147008428377,0.5096901638922702
2017-08-22,0.6154463667791827,1.147611433662413,0.5321650668832303,0.7729954839397906,0.8886345697457607,0.5141974967659483
2017-08-23,0.6394033883288645,1.1734324139937564,0.534029025664892,0.772982559141564,0.8939737765540584,0.5072598211917483
2017-08-24,0.644948916657016,1.1574974197306012,0.5125485030735851,0.7897475346305118,0.887058103755941,0.49627318633032047
2017-08-25,0.5948067789054208,1.1430324634999542,0.5482256845945335,0.8026223245563087,0.8866635467629196,0.49311197991065026
2017-08-28,0.5931360584764828,1.1405410819281,0.5474050234516173,0.8034833344454314,0.8855893997669434,0.48843712388249105
2017-08-29,0.6062305757866329,1.1416589079473063,0.5354283321606734,0.7986423374433171,0.8870640019587037,0.4913980692774064
2017-08-30,0.5978830770691748,1.1336635581786072,0.5357804811094324,0.7860270776426808,0.8859654991999547,0.49073521091846434
2017-08-31,0.6590975733287316,1.1724718469601698,0.5133742736314382,0.7716900585918083,0.8938725623585869,0.5399504678842167
2017-09-01,0.626606437584267,1.1537795294669226,0.5271730918826556,0.7560639784529986,0.8945685726231418,0.5397760715025276
2017-09-05,0.6384146823081234,1.1579122278543434,0.5194975455462201,0.7624662591914833,0.8960618910816845,0.5457343743793467
2017-09-06,0.7441498585909884,1.2120832398579,0.46793338126691164,0.7867992332031623,0.8986855792079163,0.566330548743392
2017-09-07,0.7325465480480753,1.2072663220464093,0.474719773998334,0.7899275196450898,0.8960121228899959,0.559821903604612
2017-09-08,0.7379345691650867,1.2121576056404402,0.47422303647535347,0.788548547999425,0.8964847527962243,0.5600929512412929
2017-09-11,0.7319825780465156,1.2228767085804884,0.4908941305339728,0.7937938123902188,0.9000478372855203,0.553245122659527
2017-09-12,0.6878670205237378,1.2079643386116425,0.5200973180879047,0.8250881770657277,0.9147399060735157,0.5484080852807834
2017-09-13,0.6876995662111474,1.2108996668123588,0.5232001006012115,0.833299889960254,0.911822329305453,0.5481095076898188
2017-09-14,0.6926660741867403,1.215600033990454,0.5229339598037137,0.8341066607002436,0.9129149857041579,0.5468230960207571
2017-09-15,0.6740802291271435,1.2059364565593977,0.5318562274322542,0.820748144922985,0.9102060208435874,0.5443549354359943
2017-09-18,0.6669293737026811,1.1909021384832816,0.5239727647806005,0.8216993796995145,0.9122621602686993,0.5474065195750555
2017-09-19,0.6230226347023331,1.1667665957235065,0.5437439610211734,0.8505434408415096,0.9159577236188532,0.5361842146782518
2017-09-20,0.5498731256105687,1.1123753278851123,0.5625022022745436,0.8397338731431707,0.9241617172527595,0.560502620405827
2017-09-21,0.5688682699195208,1.1252018377988269,0.5563335678793061,0.8344729391360619,0.9248795239453421,0.5684883324056068
2017-09-22,0.5593176424279116,1.1291778051292503,0.5698601627013387,0.8253361953656135,0.9263010199831633,0.5725649481690007
2017-09-25,0.5636327864960609,1.1283090388522061,0.5646762523561453,0.8272985813284741,0.9273087178214842,0.5739442670335428
2017-09-26,0.5811519105954625,1.12653778839395,0.5453858777984876,0.8201502005290129,0.932927045896667,0.5929244579383903
2017-09-27,0.5691837486285866,1.142564700374575,0.5733809517459884,0.8677008981811484,0.9307495890776549,0.5741959848239314
2017-09-28,0.5431264149556024,1.1586031713469798,0.6154767563913773,0.8373267983831714,0.9410169207024626,0.5830128335357752
2017-09-29,0.6328598071705201,1.207363213948943,0.5745034067784228,0.8923765145480302,0.9395366912025249,0.5921294872175997
2017-10-02,0.6617052618786532,1.2235635782062964,0.5618583163276432,0.8622077785678279,0.9351666220396234,0.5941120341615392
2017-10-03,0.6559761000718992,1.218144927662454,0.5621688275905549,0.8622506176950562,0.9344322055636402,0.5949124735949142
2017-10-04,0.6597157321464856,1.2101679019593847,0.5504521698128991,0.8666262325413252,0.9366400960508604,0.594417778266666
2017-10-05,0.7360683874622562,1.2597497909072335,0.5236814034449773,0.8028038561993325,0.9317780943304574,0.6288419155149074
2017-10-06,0.7461272665943002,1.2797380237478868,0.5336107571535866,0.7861404182994243,0.9340024359494573,0.628744769064218
2017-10-09,0.721993466654406,1.2656991285808938,0.5437056619264878,0.7832465597296561,0.9325738440319316,0.6241090598566934
2017-10-10,0.7341697564384908,1.264704994291163,0.5305352378526722,0.7980757303880142,0.9350934597409295,0.6235002579546738
2017-10-11,0.7053865779009011,1.2458196582507384,0.5404330803498373,0.8150060217847883,0.9313229849452769,0.6272888914600856
2017-10-12,0.7238249367980192,1.2541693013431932,0.530344364545174,0.8144223553079188,0.934359052196985,0.6295394802150651
2017-10-13,0.7333129842952317,1.254803034778453,0.5214900504832212,0.8116345581870948,0.9330588346690212,0.634931166998753
2017-10-16,0.7292005303632367,1.2487695182898566,0.5195689879266199,0.812069081696587,0.9317340660177256,0.6350340073439014
2017-10-17,0.7282345149292634,1.2484759460318169,0.5202414311025535,0.816299341304251,0.9336335460764479,0.6368704999006836
2017-10-18,0.7347627505925598,1.2649196612335416,0.5301569106409818,0.7990126280567291,0.9344621953224911,0.6530090956917466
2017-10-19,0.7383924256508057,1.2698362497321787,0.531443824081373,0.79468469299388,0.9352769234389146,0.6545234989663097
2017-10-20,0.728865313984707,1.2596636718655079,0.5307983578808009,0.781484434615715,0.9340510133367985,0.6558924681684631
2017-10-23,0.775949787917007,1.310236896290601,0.534287108373594,0.7935562942617058,0.9306969650971862,0.6556517004076147
2017-10-24,0.7822786845879353,1.315649183826359,0.5333704992384238,0.7593525119993286,0.9311588361681408,0.6465297332999683
2017-10-25,0.8021947833558692,1.3206248880569311,0.5184301047010619,0.7752602351495194,0.9340489096911802,0.6491088942176421
2017-10-26,0.7892235437838881,1.283540707387612,0.4943171636037238,0.8041121300697981,0.9503786777959284,0.6698994655776689
2017-10-27,0.7667821757988318,1.2675542930180428,0.500772117219211,0.8055494361734499,0.950965007678801,0.6706509113528012
2017-10-30,0.893645324833749,1.3257307767359106,0.4320854519021616,0.7567241288421167,0.935321226338191,0.6933629076299039
2017-10-31,0.8669484782537508,1.3138589396828366,0.44691046142908586,0.8028519093671678,0.9434342824977862,0.6917797757113828
2017-11-01,0.8646096584833989,1.3117119411992657,0.44710228271586683,0.8020047969217456,0.9435610438718858,0.6915503641195606
2017-11-02,0.8457342574808322,1.3022791435082324,0.4565448860274002,0.8028152236198323,0.9467144032728974,0.6938056731379428
2017-11-03,0.8311760644338055,1.2926353266935546,0.4614592622597491,0.7952432986832163,0.9452894852971423,0.6921286842912437
2017-11-06,0.8082103228105104,1.2803661993498423,0.47215587653933183,0.7966913605971164,0.9486609489124966,0.6907959595327846
2017-11-07,0.8173029049624024,1.2901672619200633,0.4728643569576608,0.7889538079328928,0.949059221804579,0.6935177332142872
2017-11-08,0.8266354092568489,1.304657170089021,0.4780217608321722,0.7826806868209151,0.9468753336058886,0.6941809729055911
2017-11-09,0.9755944957082079,1.4621664848100182,0.48657198910181026,0.7986124145044661,0.9658285048681007,0.6888795219655335
2017-11-10,0.9071510026455815,1.3857460248686027,0.4785950222230212,0.8044688318991622,0.9664888831143925,0.6968720629143855
2017-11-13,0.8141071084890193,1.3160082318469077,0.5019011233578884,0.8267085511356025,0.9530135183292556,0.6702377452152738
2017-11-14,0.8184217488860112,1.3201948567881772,0.501773107902166,0.8210501021824926,0.953504649311337,0.6701170770082696
2017-11-15,0.8163447691123371,1.3368578471214683,0.5205130780091312,0.8103698032763151,0.954985854352986,0.6769301894911667
2017-11-16,0.9387314585230289,1.3162002321121227,0.37746877358909375,0.8710654717180764,0.9723067080324836,0.7856633543047895
2017-11-17,0.9484018708256607,1.3472398702565567,0.39883799943089593,0.8961735294840316,0.9650139149366667,0.7666095906769168
2017-11-20,0.9553641717811827,1.3643995396270476,0.4090353678458649,0.8720145411315146,0.9728067685944114,0.7540852437757456
2017-11-21,1.0820586224267776,1.4372388454426408,0.3551802230158633,0.8807538856706472,0.9695722642536728,0.8034944256531988
2017-11-22,1.050935972279054,1.4188642528517907,0.3679282805727367,0.9105194106991162,0.988783498872204,0.8189870652563541
2017-11-24,1.1072440307863216,1.465418744259945,0.3581747134736233,0.8625795294303229,0.9929441490686117,0.8225069874390778
2017-11-27,1.1072073563338622,1.4678754781012782,0.36066812176741586,0.8607411193071444,0.9937008389711116,0.8264642878461356
2017-11-28,1.1158423172971672,1.4723453891809715,0.3565030718838043,0.8835140081991195,0.992211855558049,0.8231813178395033
2017-11-29,1.0637716740968024,1.4598845565403318,0.39611288244352927,0.9058540086728317,0.9792651775031584,0.7309300320357058
2017-11-30,1.0746106006536755,1.475453767791738,0.4008431671380627,0.9185811630391469,0.9787591714045926,0.7263557054617724
2017-12-01,1.0737964517449412,1.48750916930406,0.41371271755911887,0.90968055344516,0.9758171003180932,0.7074373090423998
2017-12-04,1.0703977989896267,1.4714787825066553,0.4010809835170286,0.919578844957425,0.9734673421386753,0.7062451830786682
2017-12-05,0.9252642595790281,1.407138856941703,0.48187459736267485,0.9531656284109331,0.9949943639637389,0.703213822672305
2017-12-06,0.8770796457170249,1.3344831697331074,0.4574035240160826,0.9856064738556403,0.9976774588649301,0.6796504368219338
2017-12-07,0.8913345788524742,1.3379227124534714,0.44658813360099714,0.9978640854378935,0.9958930946296822,0.6733172788955194
2017-12-08,0.8555585978521315,1.3350625768014792,0.4795039789493477,1.0033019680571698,0.987903217001348,0.6668640578098586
2017-12-11,1.0832403536572695,1.4022275284011756,0.31898717474390614,0.978149112447364,0.9552151904445635,0.6925617105330586
2017-12-12,1.0319547704251115,1.3889750975389181,0.3570203271138067,1.0107483326501503,0.9687175360277881,0.6792397772221586
2017-12-13,1.0267714605449854,1.3901526075525044,0.3633811470075191,1.0140921700327366,0.9704193401491762,0.6802945911946993
2017-12-14,0.9586194126076146,1.3562892769750932,0.3976698643674786,1.0114841369345746,0.9774533090854087,0.6803583963205724
2017-12-15,0.9731399819259646,1.403641601181853,0.4305016192558885,0.9826813567539288,0.9595720436285622,0.659004441653825
2017-12-18,0.9242611524639237,1.3549738237131714,0.43071267124924767,0.9860373500585711,0.9365518790259947,0.6415586052383125
2017-12-19,0.9917347902347324,1.3763029147482324,0.38456812451350003,0.9708897553937421,0.9312135172661555,0.6712241272887547
2017-12-20,1.0048246501462088,1.3940781757984226,0.3892535256522139,0.9929106167756394,0.9439602167895794,0.6635966257758834
2017-12-21,1.035724391241198,1.4094257903174217,0.37370139907622363,1.0003400433188996,0.9430232820260833,0.667397954270477
2017-12-22,1.034829040170876,1.4050731330037756,0.37024409283289955,0.9945174531710391,0.9440802613110417,0.665616628920965
2017-12-26,0.9563047272996332,1.3772665402253428,0.42096181292570956,0.9818031824115911,0.9357348774694803,0.6320131538457424
2017-12-27,0.9824387063362796,1.401214998130765,0.41877629179448544,0.9754861834273807,0.9326227149794538,0.6356454223502623
2017-12-28,0.9049626375079376,1.342301160533195,0.4373385230252573,0.9841952689353017,0.9379663955349382,0.6129558001875872
2017-12-29,0.901278223851097,1.3427415491923578,0.4414633253412608,0.9834754028543575,0.9389488681484378,0.6138129387575231
2018-01-02,0.922857305652212,1.3605271301821467,0.43766982452993464,1.0018643795609325,0.948751478977615,0.6096790771282812
2018-01-03,0.9293210302988253,1.3546426717123994,0.42532164141357415,0.9804418591430449,0.9588855134431845,0.6656258126501021
2018-01-04,0.8893979010351799,1.3147066874895876,0.42530878645440773,0.9663046562120103,0.9510552307732294,0.6814203796405071
2018-01-05,0.949176755287451,1.3633512674901702,0.41417451220271917,0.9533690904799963,0.9538150242192587,0.6929040374920337
2018-01-08,0.8547391243507463,1.2689978400704442,0.41425871571969797,1.0250043743896153,0.9418019376568877,0.6699350261167879
2018-01-09,0.871204904114276,1.2823288990650679,0.4111239949507919,1.0193180076932897,0.9457881846830806,0.6771525227873321
2018-01-10,0.8348830116647581,1.2467346188206048,0.4118516071558467,1.036159026485191,0.9436744335085904,0.6868586449448949
2018-01-11,0.8006787368685666,1.218295503787593,0.4176167669190265,1.0248567415924366,0.9401006134075753,0.6717712450339091
2018-01-12,0.7797987775572551,1.2295581409461414,0.4497593633888862,0.9960750445481723,0.9390500721977523,0.6722344642611242
2018-01-16,0.7571058798343542,1.2105431103529072,0.45343723051855295,0.9974210207052641,0.9301560859918955,0.6617184760934901
2018-01-17,0.8401879617653045,1.2309392393046796,0.3907512775393751,0.993461552019956,0.9218709125464384,0.6646854601192466
2018-01-18,0.8021984049485258,1.1678347597164442,0.3656363547679185,0.9523500845682482,0.9130007696374294,0.6324023094176249
2018-01-19,0.7543569214411663,1.1488151241416,0.3944582027004337,0.9332273991046621,0.9129069559075108,0.618031256022831
2018-01-22,0.7531104022587439,1.1432608347811801,0.3901504325224362,0.9726402193853456,0.9157388006610686,0.6125186125757085
2018-01-23,0.7504402402467993,1.159538695343553,0.4090984550967535,0.9948196620336877,0.9201540557278262,0.5986199740852858
2018-01-24,0.7778591299146661,1.1671021936096573,0.3892430636949912,0.9711501332276149,0.9227900568907206,0.6089079654391717
2018-01-25,0.7287699636005485,1.171191622978777,0.4424216593782286,0.9450763343833726,0.9171296958706172,0.6259079865137774
2018-01-26,0.7493672800118154,1.1762461527622787,0.4268788727504633,0.9510635100649039,0.9155434814405605,0.6274629289073075
2018-01-29,0.6891710247237188,1.1711839264027837,0.48201290167906485,0.915927797134507,0.8864419748574418,0.5730837619135859
2018-01-30,0.5989313222027364,1.1389425908234332,0.5400112686206968,0.9156514784921794,0.8828003742645549,0.500068844970483
2018-01-31,0.5116537743593641,1.1477244992590938,0.6360707248997297,0.9131115054087979,0.8959271078333602,0.4977710604966561
2018-02-01,0.5347233223329468,1.1350527434959594,0.6003294211630126,0.9374231405220501,0.882259766285834,0.47942289337401106
2018-02-02,0.6148281346753436,1.1633661518332257,0.5485380171578821,0.935228111841,0.8861291492377814,0.48545621435956876
2018-02-05,0.6188940186326499,1.2060622323034016,0.5871682136707517,0.9478036381799773,0.9006319494490889,0.46768935530876515
2018-02-06,0.34987314620707477,1.1615975732581638,0.811724427051089,1.0169653229634223,0.9653259044520089,0.39489399936077746
2018-02-07,0.3915057606504274,1.1609689131396774,0.76946315248925,0.9663244210108995,0.9430263850530213,0.41296990143405116
2018-02-08,0.39041565314016824,1.1693696649994056,0.7789540118592374,0.9506049778475822,0.9412035508512109,0.4092128288802761
2018-02-09,0.35462943066531294,1.2054816814305689,0.850852250765256,1.0057276463062106,0.9603992936687024,0.3677540434080488
2018-02-12,0.33797317409053007,1.164538960727667,0.826565786637137,1.0183193680114044,0.9610098447908588,0.3611815736658224
2018-02-13,0.3504165017084968,1.1663278750497823,0.8159113733412855,0.9992882091719415,0.959569182475832,0.34720856648604914
2018-02-14,0.3423832638441707,1.1639244208717587,0.821541157027588,1.0002748819662357,0.9601766418091132,0.34770292429863353
2018-02-15,0.3587498955153976,1.1606372318351443,0.8018873363197467,1.0138349760798326,0.9529749484204966,0.3620870925637687
2018-02-16,0.3492388486670056,1.1543885362038755,0.8051496875368699,0.9734403916203278,0.957285971830544,0.3484129980759701
2018-02-20,0.3668516676136675,1.1634723966474192,0.7966207290337517,0.9971750463132154,0.9576560342923831,0.35033218272371247
2018-02-21,0.3901276020894614,1.1726540512881491,0.7825264491986877,1.01093808360658,0.9608614486165193,0.3438612526911186
2018-02-22,0.3851508183265757,1.1709014379468448,0.785750619620269,1.027909902226302,0.9626652994460889,0.3432918438611898
2018-02-23,0.3849186681456711,1.1708500289361155,0.7859313607904443,1.0285746196546863,0.9627878685947793,0.34322916603126175
2018-02-26,0.3839365185041568,1.1742895759523937,0.7903530574482369,1.0244203601967314,0.9628399692419622,0.3284489835079442
2018-02-27,0.396614497729888,1.176596473309144,0.7799819755792561,1.0196084537616308,0.9648383261250513,0.3258607046564039
2018-02-28,0.36817726570449105,1.1593934976479041,0.7912162319434131,1.0219537342801732,0.9685318271080182,0.3142237044862092
2018-03-01,0.3876649909199832,1.1717679309265145,0.7841029400065314,1.0391048121260407,0.9732033691785418,0.3158355947056136
2018-03-02,0.38146456546820506,1.163973993412132,0.782509427943927,1.0176509335842243,0.9715213050715973,0.3283978890680063
2018-03-05,0.411214191299058,1.165118522986092,0.7539043316870341,1.0169091961102998,0.9694492592314154,0.3268443947379121
2018-03-06,0.3884158051404968,1.1514777767810849,0.7630619716405881,1.0233796905291408,0.9713095389584301,0.3188031678587075
2018-03-07,0.37965653346049955,1.1464876982148375,0.766831164754338,1.0227580531982987,0.9714676297411764,0.3187715431321302
2018-03-08,0.3858587412858334,1.1493125030099294,0.763453761724096,1.022203831515058,0.9710166088975357,0.3174879922345301
2018-03-09,0.36831516829957145,1.1438188138271084,0.7755036455275369,1.020025173438642,0.9714092094191643,0.31397345257584924
2018-03-12,0.35775025203742306,1.1510461040798816,0.7932958520424586,1.040521775525197,0.9677707387110094,0.31019060294073525
2018-03-13,0.3620386734375236,1.1534859141753737,0.7914472407378501,1.0398205376144007,0.9675397589192377,0.31080121512864195
2018-03-14,0.3709781726662055,1.1541521660981537,0.7831739934319483,1.0381912602669547,0.9685906012250207,0.31432169477965927
2018-03-15,0.3833802084046821,1.160584477612236,0.7772042692075539,1.0318971009524383,0.967464793773206,0.3182577386138539
2018-03-16,0.3852324842313115,1.159217702162154,0.7739852179308424,1.0332324089226288,0.9667293908791078,0.31795391278682283
2018-03-19,0.38208494013155314,1.1576945513208594,0.7756096111893063,1.0362182875869377,0.9669760876705509,0.3170120909357591
2018-03-20,0.37850691794747515,1.1666597744581781,0.788152856510703,1.0319719162065537,0.9690452250149802,0.3171950284478486
2018-03-21,0.38973352255192517,1.1740764460599675,0.7843429235080424,1.0487422931445307,0.9713632896215503,0.3168500964394046
2018-03-22,0.3828418239530693,1.1694247557255797,0.7865829317725104,1.0455749941324806,0.9718611369960756,0.3122721509527843
2018-03-23,0.4279089537937276,1.1843606965890674,0.7564517427953398,1.0102678839079489,0.9640930773247558,0.3306070322881902
2018-03-26,0.4562297467791254,1.2111483464327977,0.7549185996536723,0.9967736503395707,0.9600620259326337,0.32700672271647474
2018-03-27,0.43151622820562696,1.1720642045802823,0.7405479763746553,0.9772455708122739,0.949514486955308,0.32316844030939623
2018-03-28,0.46887925489301596,1.1866642616759875,0.7177850067829715,0.9883641744396752,0.9454706990002305,0.3456977292482941
2018-03-29,0.47067353864701367,1.1835412903059506,0.7128677516589369,0.9865364428730916,0.9455477784017372,0.34750434456947565
2018-04-02,0.49870145114270104,1.196452045700357,0.6977505945576559,0.9811681250025746,0.9437362615412644,0.3527757934448786
2018-04-03,0.5120274696445077,1.2019414143536595,0.6899139447091518,0.9613137632103533,0.9435718349178661,0.35155103706723884
2018-04-04,0.5182342175092806,1.2059743239316156,0.6877401064223351,0.9761965730312951,0.9459483670921031,0.34819426255052405
2018-04-05,0.4961692074379107,1.1876865533028582,0.6915173458649475,0.9765673388077419,0.945965899198667,0.34065074445489185
2018-04-06,0.47872759412996335,1.185372678234471,0.7066450841045075,0.9752752366514648,0.948699765277612,0.3374973717870497
2018-04-09,0.4709768582438566,1.175056119928616,0.7040792616847594,0.9716543572496306,0.9480759834879202,0.3349299145099295
2018-04-10,0.48278442055710924,1.1860380040433347,0.7032535834862255,0.9704087266922947,0.9490666013931587,0.3338946680391298
2018-04-11,0.4907321756482397,1.1931355545397277,0.7024033788914881,0.9597743372767535,0.9471887747275182,0.3441369262321191
2018-04-12,0.4885606838159987,1.1883804449391069,0.6998197611231082,0.9585480240469635,0.9474602306462832,0.34491495710529607
2018-04-13,0.49556126351500085,1.19741290017229,0.7018516366572891,0.9596861854561916,0.9462122415574032,0.35026909501790315
2018-04-16,0.5171430385289172,1.2040476624895449,0.6869046239606277,0.9620179837204085,0.9459460619562997,0.35048162044899933
2018-04-17,0.5043715788367191,1.1994920064566268,0.6951204276199077,0.9645660574749013,0.9459590554582292,0.34521141341911676
2018-04-18,0.503421322657031,1.2077224479904203,0.7043011253333893,0.9774105119977814,0.9479060373229959,0.34471406726900755
2018-04-19,0.5058211480040804,1.2112289624715955,0.7054078144675151,0.9749029891293388,0.9488001176022524,0.3470446529164063
2018-04-20,0.49808462783327534,1.2072600806118212,0.7091754527785459,0.9765044449561788,0.9469015509365365,0.34506528133469844
2018-04-23,0.49252607816128036,1.2018860042713153,0.709359926110035,0.9692452710934709,0.9459603985633837,0.34248141027236395
2018-04-24,0.49835955244685193,1.2017743023479412,0.7034147499010893,0.9810387069086464,0.9459326030036532,0.3424142432085163
2018-04-25,0.526725197803936,1.2180949522309104,0.6913697544269743,0.9650121723553402,0.942786789527787,0.3477766863923559
2018-04-26,0.5252950641818476,1.217009000010154,0.6917139358283065,0.963866316388667,0.9419380847659381,0.34702048514162487
2018-04-27,0.520991463088666,1.2060898336995067,0.6850983706108408,0.9683946705732057,0.9457735973233905,0.3505005895152596
2018-04-30,0.5190268009228927,1.2207111716157018,0.7016843706928091,0.9741848113475711,0.9473585709776138,0.35272517238237
2018-05-01,0.5117347219394377,1.222976808485046,0.7112420865456084,0.9803923949574511,0.9471416196799508,0.3566135405944087
2018-05-02,0.507540786907988,1.22263440455503,0.7150936176470419,0.9627618237381625,0.9469887393827958,0.35806167766099173
2018-05-03,0.5026582587379319,1.219553378555231,0.7168951198172991,0.9687966613772312,0.9459796166857046,0.35672000991898745
2018-05-04,0.49954899224998095,1.2189341274896834,0.7193851352397025,0.9687426792410245,0.9460680389713336,0.3567344817450955
2018-05-07,0.5172670182196659,1.2310454572347824,0.7137784390151165,0.9486269800969604,0.9479763721636283,0.3608830142784685
2018-05-08,0.582101521552077,1.2232238762169942,0.6411223546649173,0.8922942353897687,0.9336335267606433,0.3845563213708984
2018-05-09,0.516415930993685,1.2014972868036797,0.6850813558099947,0.9069830161183142,0.9419721323477717,0.3690462199770339
2018-05-10,0.5272068880644948,1.2132619988390099,0.6860551107745151,0.9130906477283078,0.9404825187382021,0.37375755338309713
2018-05-11,0.5595281430903783,1.2103544753042932,0.6508263322139148,0.8946502614657992,0.9287988734126364,0.38576606192221674
2018-05-14,0.5823031507116763,1.2075888806158974,0.6252857299042212,0.8929829660387861,0.9279836642427918,0.392161465475163
2018-05-15,0.5476945316732829,1.19841188923716,0.6507173575638772,0.9026453313636186,0.9285811971888691,0.3972782222630325
2018-05-16,0.543076708212032,1.1992163216092033,0.6561396133971713,0.8949793176072993,0.9299563950622989,0.39762303339708643
2018-05-17,0.5264192379486139,1.2031725614632314,0.6767533235146175,0.9036512943805444,0.9351651450784719,0.3864536170955287
2018-05-18,0.5076184348101631,1.1826265865816041,0.675008151771441,0.9027434811271582,0.9313116310899184,0.39065815585075975
2018-05-21,0.5020353329572629,1.1765730158557006,0.6745376828984377,0.9036055817428671,0.9312876676485925,0.3909651576871369
2018-05-22,0.5414170923044614,1.1909590776223105,0.649541985317849,0.8974958981758233,0.9313538169771486,0.3962174553948548
2018-05-23,0.5470671524330667,1.190342071611041,0.6432749191779744,0.8972502004944107,0.9296724325489952,0.4010554441762189
2018-05-24,0.5505524859994946,1.188386791181523,0.6378343051820283,0.8987108044526537,0.9290937702548019,0.4024440594647218
2018-05-25,0.5509321119636492,1.189716378817014,0.6387842668533648,0.8931915779918991,0.9276745309745409,0.41656466263541475
2018-05-29,0.5469370854355773,1.1812108588029298,0.6342737733673525,0.8873022741472949,0.9248917875432294,0.41847508726537724
2018-05-30,0.5929061253740303,1.226293082064126,0.6333869566900957,0.9034336616601936,0.9215028806182063,0.4334918799479264
2018-05-31,0.6138184941990334,1.238179370210364,0.6243608760113306,0.9128195559850486,0.920884571087323,0.43359027119493926
2018-06-01,0.6194482653390679,1.2278931728560725,0.6084449075170045,0.9218210804919962,0.9223674026110362,0.4299192381210273
2018-06-04,0.6248577859632409,1.2298139319924473,0.6049561460292063,0.906480530400626,0.922241447071962,0.4355815255228024
2018-06-05,0.6243376756230927,1.2290768930800564,0.6047392174569637,0.9096481038071872,0.921120088641994,0.4457057373762012
2018-06-06,0.6192596083666955,1.2262570834937283,0.6069974751270328,0.9114141641753637,0.9209916461471461,0.4445735705942203
2018-06-07,0.6409341967885791,1.2424045347919317,0.6014703380033526,0.926836443800916,0.9241999245544008,0.45175321484158165
2018-06-08,0.6509726696235957,1.2450266512048556,0.5940539815812599,0.918493306988788,0.9236055069434885,0.4570396945027783
2018-06-11,0.6577318686600174,1.2669664119253343,0.6092345432653169,0.9168337736177627,0.9261575389052504,0.4669403104286061
2018-06-12,0.6597306214663704,1.2668399104754693,0.6071092890090989,0.9168482704157966,0.9262415663421361,0.4675376167249453
2018-06-13,0.6606834293424658,1.2731208615124519,0.612437432169986,0.9275952565840243,0.9256915095096877,0.4667148597414095
2018-06-14,0.6686855592924138,1.2816134839385909,0.6129279246461771,0.9162623552042803,0.9256032256785146,0.46017935971141
2018-06-15,0.6677477033739989,1.282405757731828,0.614658054357829,0.9131631983740225,0.9263818098334885,0.46023007969559027
2018-06-18,0.6726244400369383,1.2849762255352397,0.6123517854983014,0.9114383052618469,0.926560904035372,0.46166871987013997
2018-06-19,0.6283647118921787,1.2362505350793445,0.6078858231871658,0.9083780147539005,0.9229177398305212,0.4651576126240509
2018-06-20,0.6398454452890572,1.2410606201773495,0.6012151748882923,0.9106461872646965,0.9235192760012467,0.4691665189483123
2018-06-21,0.6384549053530131,1.2433370197149696,0.6048821143619565,0.9107461446740484,0.9233043821489488,0.47007851619349816
2018-06-22,0.6380630672707418,1.2480076261550732,0.6099445588843314,0.8828173246919264,0.9294671381543403,0.47643198943863746
2018-06-25,0.6161298553858532,1.2102821272787798,0.5941522718929266,0.924061642918516,0.9329606025656911,0.49354045402922786
2018-06-26,0.688718095556825,1.235617569749457,0.546899474192632,0.9647854959615475,0.9492284144432299,0.5526142429946146
2018-06-27,0.5519849913478554,1.2102544901162418,0.6582694987683864,0.9647875740305085,0.9589306318085826,0.5110470115425971
2018-06-28,0.5699302039546043,1.2066556065110579,0.6367254025564536,0.9525243129020387,0.951272452131642,0.5083310678282977
2018-06-29,0.553047867580018,1.2343475048281034,0.6812996372480854,0.9452728459226545,0.9572060855187335,0.5057789342760006
2018-07-02,0.6098280702892331,1.234910320413923,0.6250822501246898,0.9981323694207258,0.9565690786912051,0.525325844196574
2018-07-03,0.6384891398459722,1.2706597282194458,0.6321705883734736,0.9488347229292471,0.9503984813136447,0.534287434508794
2018-07-05,0.6660360762112885,1.2802580951051623,0.6142220188938738,0.9415084557208329,0.9528617946380611,0.5569342637840183
2018-07-06,0.6375804986451754,1.2761550474915229,0.6385745488463475,0.9040608644677184,0.9461632163923042,0.5505870028190382
2018-07-09,0.6073583151216623,1.2616404382451383,0.654282123123476,0.9327446544328775,0.9434719373546674,0.594295421168022
2018-07-10,0.6147724865806573,1.2490322164146033,0.634259729833946,0.9351277130119562,0.9401399019900976,0.6153858428807542
2018-07-11,0.6347316837768638,1.2617231812046086,0.6269914974277447,0.9497046040121799,0.9487860622675112,0.5899518769843796
2018-07-12,0.6353118399600581,1.2518706575281462,0.6165588175680881,0.9342581274811979,0.9468734308034622,0.5888002407923054
2018-07-13,0.6685174483861727,1.2638988767519304,0.5953814283657577,0.9575586799565254,0.9467456972674445,0.5753477929844549
2018-07-16,0.6673891012311106,1.2663356868758857,0.5989465856447751,0.9859686091013931,0.9488348326501004,0.5712731249719966
2018-07-17,0.6417387372319663,1.2406190791534313,0.598880341921465,0.9690972273838312,0.9520606975567145,0.5886184640365677
2018-07-18,0.7140924385319755,1.2715632462992517,0.5574708077672762,0.9770235005202905,0.9447692014343771,0.5947776859003786
2018-07-19,0.7267946492490653,1.2796841774220558,0.5528895281729904,0.9788672260681215,0.9443847166999865,0.5949676303760985
2018-07-20,0.7113023226599644,1.2660313524693358,0.5547290298093714,0.9885484073227435,0.9520477603035098,0.6077206787105766
2018-07-23,0.6851730654331877,1.2855699911599223,0.6003969257267346,0.9894192692736423,0.9568309642292528,0.6220208377096779
2018-07-24,0.6891382739732584,1.2864428282093057,0.5973045542360472,0.9894097579885139,0.9561714835744941,0.6214281763804986
2018-07-25,0.6533108855861032,1.2813282745091965,0.6280173889230933,0.9807473667409854,0.9726067817926284,0.6155693486539272
2018-07-26,0.6404897643071548,1.3078332788475315,0.6673435145403768,0.9794043745009684,0.97200231278284,0.6118295046739174
2018-07-27,0.6803042621501675,1.3246994814800905,0.644395219329923,0.9991395280684162,0.9458803747011479,0.5839643134213989
2018-07-30,0.6682296600816104,1.3010082067339286,0.6327785466523181,0.9730336692271784,0.9334196091761344,0.5750105879230073
2018-07-31,0.7137159293497316,1.278332288149342,0.5646163587996104,0.9930942961908776,0.9316087352219912,0.5934931776440997
2018-08-01,0.6406916837372432,1.2483261291591794,0.6076344454219362,0.9795022136815801,0.9330355561899917,0.5816010731139575
2018-08-02,0.6800183899368784,1.2408951224717246,0.5608767325348463,0.9925501179138901,0.9358382801642064,0.5953517785863782
2018-08-03,0.6598117346997535,1.231134927373495,0.5713231926737415,0.9733786085025975,0.9350381163862378,0.6079064721433395
2018-08-06,0.6673997976767622,1.2607298311767334,0.5933300334999713,0.9414145262259515,0.9318828570422658,0.6150100657178688
2018-08-07,0.6456164436431299,1.249588129032027,0.6039716853888971,0.9502544141776743,0.9322310800171041,0.6074522092424259
2018-08-08,0.6589428260478994,1.2532548071438585,0.5943119810959591,0.952733293096039,0.932531616224792,0.6183189079196025
2018-08-09,0.6689143713437089,1.2667810701741749,0.597866698830466,0.9558026268345531,0.9443472627447499,0.6044573798709595
2018-08-10,0.7230151177686192,1.255235996773142,0.5322208790045228,0.9503876068378779,0.9382247094441817,0.6391145865001738
2018-08-13,0.6875543196357976,1.2509380553192064,0.5633837356834088,0.9613438195649264,0.9417340694361374,0.6255588894128262
2018-08-14,0.7083282965639907,1.2715513919863115,0.5632230954223209,0.9505664067381756,0.9432453447967298,0.6210895087203859
2018-08-15,0.7731180557408794,1.3316283388693986,0.5585102831285191,0.9297046760793912,0.9320452506851653,0.6158376252880361
2018-08-16,0.7994976603828272,1.3293837257844097,0.5298860654015825,0.9179482769212359,0.9354788341705906,0.6291705193798245
2018-08-17,0.7587083998998819,1.3310117369527013,0.5723033370528193,0.9220398992005414,0.9434439799646347,0.6018168147096336
2018-08-20,0.7578245535464136,1.320292778740939,0.5624682251945254,0.9358819828286702,0.9394487739240256,0.5935839300350758
2018-08-21,0.7676903500134511,1.324147666967822,0.556457316954371,0.9290310299034616,0.9332697188975299,0.602036909934974
2018-08-22,0.7940178953999478,1.3349046574090522,0.5408867620091043,0.9172960655792066,0.9304653857331051,0.6055251822972076
2018-08-23,0.7822518855177975,1.3257897585469918,0.5435378730291943,0.9114277365214412,0.9317753354195653,0.6012320318330717
2018-08-24,0.7803532987794681,1.3194866563432939,0.5391333575638257,0.918009365704083,0.9318186654866002,0.5996405602571393
2018-08-27,0.7827871823463957,1.3120076860200827,0.529220503673687,0.9149303639136973,0.9365955648857673,0.6018100983742813
2018-08-28,0.7890758470055466,1.3104763312869037,0.5214004842813571,0.9267197655637636,0.9325007360250399,0.6351575033785153
2018-08-29,0.8321991003827651,1.2979646586283637,0.46576555824559857,0.9085284425645052,0.9183447075982067,0.6679720543672524
2018-08-30,0.8584132783181715,1.3258123652167457,0.46739908689857423,0.9102973300634936,0.9103003202833484,0.6779843624282751
2018-08-31,0.8652558795182831,1.3519520118753083,0.48669613235702525,0.9292974927230853,0.920875809900953,0.6597990871427862
2018-09-04,0.8896998722116498,1.3446409441581588,0.45494107194650896,0.9329390988806986,0.9192752664408739,0.658532643816471
2018-09-05,0.9200246781945218,1.3570907503608707,0.4370660721663489,0.9282903178550319,0.9192281324744621,0.6559822342252447
2018-09-06,0.8881420917574709,1.3150109215824353,0.4268688298249644,0.8598623780065733,0.9024389643618975,0.652831797738033
2018-09-07,0.9020082178844859,1.3276507616711632,0.4256425437866773,0.8645871491877835,0.9025952232534551,0.6539115963427213
2018-09-10,0.9108301998599421,1.333739729578521,0.42290952971857887,0.8621012114989678,0.9072442895975322,0.6527148338667222
2018-09-11,0.9188069439324688,1.3412454593739915,0.4224385154415228,0.8615670160301805,0.9101124506470566,0.6543384904254667
2018-09-12,0.8904178350446605,1.3215628243255553,0.43114498928089473,0.8649044543124801,0.906085643083811,0.6553562334519526
2018-09-13,0.9246495686713705,1.3510448440039848,0.42639527533261434,0.8727079350200451,0.9043927989840974,0.6780722320544321
2018-09-14,0.8929498018027867,1.3290419812092544,0.4360921794064677,0.8474080333084577,0.8988139459253147,0.6653100453769727
2018-09-17,0.887746961494035,1.3290435798003548,0.44129661830631983,0.8445577276164383,0.8978451491929658,0.6593147933303236
2018-09-18,0.9157286018563008,1.337407683144002,0.42167908128770126,0.8610853074875622,0.8931629541082702,0.6782959463417445
2018-09-19,0.8723199074258393,1.295469485568364,0.42314957814252463,0.8407727676392984,0.8853185915757718,0.6701789785130733
2018-09-20,0.8808617724520471,1.302506736319732,0.42164496386768485,0.8503169782273152,0.8865761202958312,0.6696483235497749
2018-09-21,0.799238759767564,1.2393528325529957,0.4401140727854317,0.820303845383943,0.8700860836248767,0.6491333836130037
2018-09-24,0.7872697785327109,1.2224997873364725,0.4352300088037616,0.7974618214095743,0.8694098094382794,0.6544916756771937
2018-09-25,0.704728309618555,1.176276686363248,0.4715483767446928,0.7435077379782249,0.8616507506572757,0.6033223070919399
2018-09-26,0.6836452190539763,1.1623440044309747,0.47869878537699834,0.7250242314100674,0.8615867518098616,0.5914495792221534
2018-09-27,0.7741348665610235,1.232915756865983,0.45878089030495955,0.7615492717109666,0.8811595991210771,0.586915240685525
2018-09-28,0.7958837393066874,1.260398218529935,0.4645144792232475,0.7465511693052325,0.8799676348457748,0.5869708001527048
2018-10-01,0.7968243346704481,1.2591261244990843,0.46230178982863623,0.746186094705046,0.8830716406464807,0.593107387675978
2018-10-02,0.878707624878326,1.3471656732786104,0.4684580484002844,0.7711925065821803,0.8944975896841545,0.6132613825262091
2018-10-03,0.8280692554287944,1.3075873389878518,0.47951808355905745,0.8078707109027763,0.8840861858204792,0.5940292444648964
2018-10-04,0.8873085361935534,1.3402723459067702,0.4529638097132168,0.8358114571142359,0.8836617511265364,0.6215317194053273
2018-10-05,0.8524713712111467,1.2769524974841355,0.42448112627298884,0.800241833506842,0.8794643061359556,0.6620758091518453
2018-10-08,0.8543944138773598,1.2999496061128764,0.4455551922355166,0.7844730617598897,0.884341493301929,0.643629905132829
2018-10-09,0.9142678481823587,1.3195622862855971,0.40529443810323845,0.7366204244562985,0.8763677446615479,0.6575927625264669
2018-10-10,0.8897949697137058,1.2794098645456722,0.3896148948319665,0.6805714861004644,0.8654325590274475,0.6790384744365785
2018-10-11,0.8014424225699763,1.3050195634381876,0.5035771408682113,0.7660046920925725,0.9245625419376264,0.5681925521459796
2018-10-12,0.6323987587770439,1.2318298815966024,0.5994311228195586,0.8969541206017797,0.9499563511647698,0.445516399252516
2018-10-15,0.615705345834212,1.228523540730149,0.6128181948959369,0.8379844045235569,0.9478302897045412,0.46848658586089875
2018-10-16,0.6273037240071556,1.2241012955414854,0.5967975715343298,0.8569356099135326,0.948199185811641,0.4821722771489771
2018-10-17,0.7183297033347094,1.2941539095772219,0.5758242062425125,0.8725534509680068,0.9552538920525729,0.4797364316901629
2018-10-18,0.7235602943515133,1.3007539687390333,0.57719367438752,0.8613105123733991,0.9564595593607823,0.4778631565787984
2018-10-19,0.7001972346903358,1.2979175173764566,0.5977202826861208,0.882686696764065,0.9528052733684025,0.4917936763568535
2018-10-22,0.7152782074415116,1.3002942017872285,0.5850159943457169,0.8754157702308634,0.9536789257111192,0.4925186845334077
2018-10-23,0.6927260322974598,1.2937044831746105,0.6009784508771507,0.9004215805689275,0.9547265016990839,0.49279775781184937
2018-10-24,0.7103446969913116,1.31664345507977,0.6062987580884585,0.8953431215567653,0.9544459781861337,0.4919325724219919
2018-10-25,0.6518496584919419,1.2094809408238312,0.5576312823318893,0.9659076644693781,0.9289943213602344,0.567757361185775
2018-10-26,0.7549286900082808,1.2304886349236672,0.4755599449153865,0.9595838176614435,0.9158299976504161,0.5844993175918894
2018-10-29,0.658968002845524,1.233411104125281,0.5744431012797571,0.9653505713966068,0.9237661650835818,0.5606322340294362
2018-10-30,0.7050538499747104,1.2423826981741657,0.5373288481994553,0.9371702518202398,0.9218214222446144,0.5826009779457043
2018-10-31,0.6344162774135682,1.220779892161902,0.5863636147483338,0.9417182758308367,0.925897253074866,0.5715821849994133
2018-11-01,0.6758490559882542,1.2071223115984642,0.53127325561021,0.9559648061475097,0.9236257621515515,0.5930132684265635
2018-11-02,0.7206009319769695,1.2270115655521967,0.5064106335752272,0.9350684692269249,0.9174371096954658,0.6137414446132446
2018-11-05,0.7196140533120259,1.2291213118131457,0.5095072585011198,0.9300368266323926,0.9132176768896229,0.6125612396320386
2018-11-06,0.7138970057346589,1.2359874735316057,0.5220904677969468,0.9287350639034356,0.9145338611738223,0.6003399313198393
2018-11-07,0.7148804663711396,1.234333697167347,0.5194532307962075,0.9319203735640343,0.9135639603044831,0.5942133962948878
2018-11-08,0.6904215908334348,1.208017801903843,0.5175962110704082,0.9151484017156143,0.9138740661900692,0.5890251057453394
2018-11-09,0.6844813712899944,1.2008780371310988,0.5163966658411043,0.9065791245409653,0.9132224395357814,0.5954209665018386
2018-11-12,0.6816190460769406,1.193615948334714,0.5119969022577734,0.8954014233012461,0.9116979998131638,0.6008667357241836
2018-11-13,0.7229740284996654,1.2208216287564015,0.49784760025673613,0.9196787342271833,0.925068782468114,0.6131218312614244
2018-11-14,0.7042261597595945,1.2137092506056748,0.5094830908460803,0.924241435311463,0.9240360816783567,0.6090521499185975
2018-11-15,0.7125366670633511,1.1924878103393075,0.47995114327595645,0.9206956595290406,0.9181045280044707,0.6172754493216684
2018-11-16,0.7518925472354642,1.2135599955630627,0.46166744832759854,0.9322606262696712,0.9168302344488447,0.6222994051096261
2018-11-19,0.7531623068420352,1.2121012260459765,0.4589389192039413,0.9297746675996469,0.9158917310625653,0.6144973630633229
2018-11-20,0.7248212985151307,1.1571730231260493,0.43235172461091864,0.8755577060142368,0.9141357667205523,0.6399869352571089
2018-11-21,0.7404955617409517,1.192667891334062,0.4521723295931103,0.88253439902829,0.9193384527824554,0.6013511485927976
2018-11-23,0.7580958255206133,1.2040897608408803,0.445993935320267,0.880713648955155,0.9174736469940749,0.6029008445744868
2018-11-26,0.7537752536881382,1.1961147412850122,0.4423394875968739,0.8878003036973249,0.9175708653984151,0.5963414444394254
2018-11-27,0.7784029367891739,1.2152999899364403,0.43689705314726635,0.8898790821618419,0.9200231685267497,0.5981133241777564
2018-11-28,0.7853221463860066,1.2180817867634721,0.4327596403774655,0.8939511079547204,0.9223137645196858,0.5972057374918343
2018-11-29,0.7067300570522197,1.1888261426744196,0.4820960856221998,0.9040269281861362,0.930459143482975,0.6007713074399093
2018-11-30,0.6988641886877583,1.183665202121818,0.48480101343405957,0.9040461595447268,0.9298237339585401,0.6017056832533555
2018-12-03,0.7041655541885561,1.1889482377627238,0.48478268357416776,0.9190313364405152,0.9301936025315101,0.5960665098179898
2018-12-04,0.7192153495353211,1.2058433094235037,0.4866279598881826,0.9169570716294683,0.9318127943595899,0.60731912350606
2018-12-06,0.6628226654328402,1.1843987696699916,0.5215761042371514,0.9687521366847327,0.9349357693892113,0.5973149430777055
2018-12-07,0.6644732217817967,1.1862489708274477,0.521775749045651,0.970781581943974,0.9350374921110615,0.5963987218672709
2018-12-10,0.6041083132754632,1.1362925362880156,0.5321842230125524,0.98484096934661,0.9352064859681258,0.5966586124577794
2018-12-11,0.6002053291068646,1.1318415685599037,0.5316362394530391,0.9813562741521175,0.9336227383538748,0.5968608352766497
2018-12-12,0.596596261418141,1.131324101428438,0.534727840010297,0.9848335355345833,0.9344603316283014,0.5951861967825403
2018-12-13,0.6112848656916101,1.1391161341923037,0.5278312685006936,0.9795747265280665,0.932055860126811,0.5986516720866315
2018-12-14,0.6117783510732833,1.144688962455824,0.5329106113825408,0.9850611200340865,0.933730450689363,0.6011738359998569
2018-12-17,0.56337004071378,1.1340439589064382,0.5706739181926581,0.9651329876887016,0.9322003138445564,0.5847536331529847
2018-12-18,0.5686094073706044,1.1623738625653715,0.5937644551947671,0.9272265358297758,0.937235039071263,0.5623382218063545
2018-12-19,0.5557221488094634,1.1522975882087088,0.5965754393992454,0.9287773373474116,0.9389045273671669,0.5627656014930847
2018-12-20,0.6037750737441134,1.1584746060133306,0.5546995322692172,0.9193311878007446,0.9387950574258987,0.5625893981295726
2018-12-21,0.5735589037247579,1.158850710952739,0.5852918072279811,0.9178394377546675,0.9415529288880773,0.561449023319629
2018-12-24,0.5803062095332163,1.1662203662108819,0.5859141566776656,0.9279587281381281,0.9399546933440152,0.5617011152604205
2018-12-26,0.5458018142660862,1.1563219352474843,0.6105201209813981,0.9213924539230445,0.9530245990239341,0.5224715807060543
2018-12-27,0.5502955347177764,1.2171954146215611,0.6668998799037847,0.9534485800005625,0.9652323877140266,0.49026827125665146
2018-12-28,0.5464117737897352,1.2166350766079985,0.6702233028182634,0.9580489426943362,0.9639139052405299,0.4852707629600923
2018-12-31,0.5422522651424599,1.2152382304429064,0.6729859653004464,0.9605170323087642,0.9638005624864346,0.48527347686714095
2019-01-02,0.5348222317024586,1.2120622535413252,0.6772400218388667,0.9628644150313124,0.9646278364442894,0.486287623261531
2019-01-03,0.5347186172014295,1.2099150817468938,0.6751964645454642,0.9582474418283325,0.9623786884068627,0.4850770281455003
2019-01-04,0.5267514690487007,1.1892468975765285,0.6624954285278277,0.9640011728584743,0.9591357916437008,0.4881073027155539
2019-01-07,0.5351183437915543,1.1647521510819683,0.629633807290414,0.9553360077262422,0.9599226735648667,0.49162292987458384
2019-01-08,0.5370736707309398,1.16989320278851,0.6328195320575702,0.9534208699593042,0.961849152872285,0.49475288230135483
2019-01-09,0.5293544488075921,1.1668794648811622,0.6375250160735701,0.9567557064847938,0.9608810343910187,0.4897054876066275
2019-01-10,0.5413338120051607,1.1781267002683302,0.6367928882631695,0.9586637681203909,0.9599197442571445,0.4916527279446621
2019-01-11,0.5420991118249604,1.1825857693204957,0.6404866574955353,0.9577970798028344,0.9601097724876713,0.490128566576227
2019-01-14,0.5343907940306868,1.1831169290560348,0.648726135025348,0.9530139796442986,0.9591940278398652,0.48667213005384763
2019-01-15,0.5404757465160875,1.173427200159,0.6329514536429125,0.9375548746752849,0.9554799134184618,0.5059249793518791
2019-01-16,0.5238236389180908,1.1657845008673946,0.6419608619493038,0.9346524356843868,0.956184397580065,0.5002375916035796
2019-01-17,0.5334018478293889,1.173942305761097,0.640540457931708,0.9321060615597384,0.9566782809692415,0.49886161648164584
2019-01-18,0.553684896795728,1.1877003157046422,0.6340154189089142,0.9215805804033619,0.9551227807252544,0.4987355388061522
2019-01-22,0.5218455934243484,1.1587085308092404,0.636862937384892,0.9317959007190888,0.9503892382938273,0.49341115570793925
2019-01-23,0.504307378511766,1.1524658632349374,0.6481584847231714,0.9278942711109142,0.9511586124789166,0.49514321970012765
2019-01-24,0.5033327008269232,1.1514563251150574,0.6481236242881342,0.9266967475355103,0.9512194216399995,0.494414559457763
2019-01-25,0.5021248097358688,1.1484709451584996,0.6463461354226308,0.9254864803724363,0.950870222007416,0.4973906191159564
2019-01-28,0.5168869340677534,1.1705079551757174,0.6536210211079639,0.922641171518013,0.9516725813557894,0.5003018481570644
2019-01-29,0.5087837382917455,1.159562701485739,0.6507789631939935,0.9345770431149979,0.96435143579491,0.4827033174916919
2019-01-30,0.44641223189559753,1.1189595421595644,0.6725473102639669,0.9622898188418243,0.971033847681997,0.4881892202813235
2019-01-31,0.5002452363792078,1.1659965108072707,0.6657512744280629,0.9469232307010584,0.9736977769667745,0.5065255211798064
2019-02-01,0.49809646683780573,1.1730034629984294,0.6749069961606237,0.9600368183537245,0.9787982099069136,0.497340101286238
2019-02-04,0.5132589465750976,1.1712185529762726,0.657959606401175,0.964766716519555,0.978305921492042,0.5058673176580027
2019-02-05,0.5046908577669948,1.1701922082343148,0.66550135046732,0.9600074880326277,0.9790051292789628,0.49670886899316335
2019-02-06,0.5564419741675145,1.2238994231820202,0.6674574490145057,0.9645045931166458,0.9818110386019884,0.4875880304804868
2019-02-07,0.5431217060828307,1.2131390551257202,0.6700173490428895,0.9677866815237186,0.9838480472238282,0.4860655192192893
2019-02-08,0.5752837877939425,1.2333901821025064,0.6581063943085639,0.9616448640477315,0.9833208312760813,0.4944006484686889
2019-02-11,0.5672343391684989,1.229476290937914,0.6622419517694151,0.9584559147653888,0.9838739002917625,0.4952132106753994
2019-02-12,0.5970593044525525,1.2586813884407178,0.6616220839881652,0.9562363051566768,0.9860681830647373,0.49545459678721815
2019-02-13,0.5967162734036064,1.2574192029295195,0.660702929525913,0.9605362275073843,0.9840902177745219,0.49252760488396835
2019-02-14,0.5918936428933553,1.2582607394475431,0.6663670965541878,0.9618608122675055,0.98484564256207,0.48809295396379193
2019-02-15,0.5338521192175907,1.2031315576141275,0.6692794383965368,0.9644183857669282,0.9813675893773414,0.4702011512250536
2019-02-19,0.5263542374988265,1.200839130001929,0.6744848925031025,0.9682543622048423,0.9832597310273142,0.46601371410116366
2019-02-20,0.5059140374870812,1.189422215364085,0.6835081778770038,0.9684816382047734,0.9851426646939943,0.4683306053835671
2019-02-21,0.5197213589808747,1.2098228418133359,0.6901014828324612,0.9640013145095139,0.9870459352554638,0.4668774891706385
2019-02-22,0.5295480602694421,1.215409079328022,0.6858610190585798,0.9645287250973611,0.9871048843867716,0.47021935369472256
2019-02-25,0.5162531494141617,1.2031091653908779,0.6868560159767162,0.9810118724307215,0.989421083055362,0.4483795247535519
2019-02-26,0.5574276672906009,1.206210116091321,0.6487824488007201,0.9697490352215266,0.9885652805127426,0.46646674968755547
2019-02-27,0.5557138852361875,1.2014829279517114,0.6457690427155239,0.9694695841178224,0.9892386580501698,0.4666400526094752
2019-02-28,0.5292620298274882,1.1807191349113657,0.6514571050838776,0.9668995715130874,0.9873420366381678,0.46748208450186984
2019-03-01,0.5572899885709023,1.215409798552054,0.6581198099811517,0.9667912979680519,0.9868815063668781,0.4653840140080499
2019-03-04,0.5495461835113606,1.20191586091337,0.6523696774020094,0.968033874174123,0.9849575863250942,0.46452302744613067
2019-03-05,0.5570311924303398,1.1969172658781089,0.639886073447769,0.962255128127411,0.9837105916348118,0.461919342448652
2019-03-06,0.5606121073820003,1.2021827572661654,0.6415706498841651,0.9642179425275956,0.9845294771458691,0.4623119299769226
2019-03-07,0.5783270303970147,1.2277183094677233,0.6493912790707086,0.9631905025181557,0.9851352732867537,0.4698310191393314
2019-03-08,0.5594923472324196,1.2115546347436728,0.6520622875112532,0.9703981720417636,0.9829837542835252,0.45755194170438357
2019-03-11,0.5619284794318309,1.2023820378162702,0.6404535583844393,0.9474942500598497,0.9871318269479653,0.44154258950412834
2019-03-12,0.5456151332272337,1.1938332126440765,0.6482180794168428,0.9575201067437626,0.9874991613027098,0.4406713631015018
2019-03-13,0.5657492748455981,1.221359048422058,0.6556097735764599,0.9715048638463886,0.9907811694243196,0.42918470559269295
2019-03-14,0.5627281311793146,1.2205329102458162,0.6578047790665016,0.9713255589086296,0.9911456633911284,0.4288402289041242
2019-03-15,0.5649546857748361,1.2226530651705858,0.6576983793957497,0.97101692581874,0.9906896998575732,0.429045017287355
2019-03-18,0.5573621158354164,1.2197202320796805,0.6623581162442641,0.9682155638066814,0.9910746537384569,0.4257377126495688
2019-03-19,0.5561553739254241,1.2185283206903434,0.6623729467649193,0.9661954990644515,0.9913197519651339,0.4252051809013336
2019-03-20,0.5488024263398334,1.2217175326995418,0.6729151063597083,0.9606214310936447,0.9960908682336925,0.4325347044990744
2019-03-21,0.5604513027940052,1.213728591369347,0.6532772885753417,0.9833238425854216,0.9930318625252992,0.4463103668940598
2019-03-22,0.5530458217614622,1.2093605184366547,0.6563146966751925,0.9686240911817834,0.9923617452550997,0.45169582732113883
2019-03-25,0.6417373793099739,1.2916563216697559,0.649918942359782,1.0026959272583107,0.9933497971309218,0.4586931008735495
2019-03-26,0.6297372651406847,1.275976407918525,0.6462391427778402,1.0026415630923338,0.9938566680667897,0.46529725943306244
2019-03-27,0.5939445216336099,1.249253120612905,0.655308598979295,0.9864179221715431,1.0019103000081446,0.460109184758807
2019-03-28,0.71501269831228,1.290979488936171,0.575966790623891,0.9977823154771068,0.9843087788285454,0.5240067225276562
2019-03-29,0.6926135533822788,1.248001146064584,0.5553875926823051,0.9078763104328811,0.964428393026902,0.6255613610754931
2019-04-01,0.7045714211877487,1.2380469044656404,0.5334754832778916,0.9218312517594319,0.965707292067085,0.6368204515020475
2019-04-02,0.7267775288551689,1.2512360020359865,0.5244584731808176,0.9489651538540026,0.9657798264829884,0.6432734768623145
2019-04-03,0.7190627321020528,1.2535518764683977,0.5344891443663449,0.9462472611315657,0.9648427928048022,0.6441422130942407
2019-04-04,0.7276390630262979,1.2627671197571169,0.535128056730819,0.943484341900811,0.9646885581489537,0.6454281281556694
2019-04-05,0.7818668568772738,1.2992893982043399,0.5174225413270661,0.9301977525724499,0.9844688457059342,0.6492514225759668
2019-04-08,0.8653035228008321,1.3190242545313435,0.4537207317305114,0.931810831653664,0.9872766956810456,0.696345001093058
2019-04-09,0.8699200963794541,1.3336213058315656,0.46370120945211146,0.9421036960821494,0.9828718277099863,0.6821051940094656
2019-04-10,0.8958915721421017,1.3409806490794425,0.44508907693734073,0.9775497691885799,0.9836882502085513,0.7129167431037922
2019-04-11,0.8751555093156325,1.3383755120352092,0.4632200027195768,0.97649681452164,0.9849417666328052,0.7125675565688675
2019-04-12,0.8867258525832884,1.34918053209813,0.4624546795148416,0.974761365828873,0.9839374859333458,0.7160842815295909
2019-04-15,0.8591773158329756,1.3385105898033367,0.4793332739703611,0.9682256363377109,0.9858362825756456,0.7086640813357812
2019-04-16,0.8773666075470796,1.33215758856682,0.4547909810197404,0.9727580699876857,0.9919857636317471,0.7332550374984839
2019-04-17,0.8805127970564159,1.3059154286826171,0.42540263162620123,0.9768522116777165,0.9916080698732344,0.7553382148160035
2019-04-18,0.8870526517681341,1.2916261243944533,0.4045734726263193,1.0007982555821624,0.9907755376869142,0.7521509143682201
2019-04-22,0.8976539131239432,1.2950162549031372,0.397362341779194,1.004362894815431,0.9919799478274071,0.756045243680108
2019-04-23,0.8588384600810337,1.3352959798997222,0.4764575198186885,1.0021187151432802,1.0147060115687803,0.7753182854369374
2019-04-24,0.9526978053396906,1.3420448275949557,0.389347022255265,1.0285358951338912,1.0113586454221515,0.7483594291720237
2019-04-25,0.9549172610601144,1.3420021549607704,0.387084893900656,1.015435287503181,1.0129066153717832,0.7476923756341635
2019-04-26,1.0033056036958667,1.393824454806334,0.39051885111046736,1.0064392584297568,1.014871317801569,0.7534485823119345
2019-04-29,0.963969158247161,1.3805299832337465,0.4165608249865855,1.020784775637418,1.011842545381643,0.7311008137371796
2019-04-30,0.9921284203278091,1.4068207557728654,0.4146923354450562,1.015294562000721,0.9906163209093518,0.6821176928436665
2019-05-01,0.9976299283973322,1.4153592444951015,0.41772931609776925,1.027553147053568,0.9886417459875368,0.6755650502031413
2019-05-02,0.8197196594518071,1.3472211755260977,0.5275015160742905,0.9192734033855527,0.9716602737776915,0.5953127148032535
2019-05-03,0.8628284341777333,1.3489001202499373,0.4860716860722041,0.8816321749999142,0.9439214567185551,0.592002618581678
2019-05-06,0.824614424785806,1.3279568256490533,0.5033424008632472,0.8890547015501371,0.9439667160823363,0.57907565319476
2019-05-07,0.8566921073914682,1.3326395273725162,0.47594741998104806,0.9086006127102684,0.9474451268957568,0.5800075513054217
2019-05-08,0.7996179402324527,1.327654555133934,0.5280366149014813,0.940503306724634,0.9547956790061575,0.5495456848933635
2019-05-09,0.8035798234784577,1.3317980195036279,0.5282181960251702,0.9482797362419926,0.9530397322112154,0.5484977952652429
2019-05-10,0.7573831495155321,1.3171291193643122,0.5597459698487801,0.9191954928375705,0.951106222827004,0.5261551228487701
2019-05-13,0.730161130664229,1.3124545980239142,0.5822934673596851,0.9106497563653829,0.9542149281513661,0.5210808959385298
2019-05-14,0.6896342983595999,1.2994489710613772,0.6098146727017774,0.9016258935309034,0.9344314839682106,0.5447040920904135
2019-05-15,0.666131832861056,1.3005799675148193,0.6344481346537633,0.8926351622501036,0.9375256358179299,0.5625274621952974
2019-05-16,0.6815656336294318,1.3035377127087007,0.6219720790792689,0.880647845759829,0.9339923683106252,0.5537444832942228
2019-05-17,0.6436047316952146,1.292408326329598,0.6488035946343834,0.8678143467327857,0.930471139531086,0.5452793906037477
2019-05-20,0.7426835275358644,1.3293469951540686,0.5866634676182042,0.8618501672944088,0.9247038665393534,0.5658073219088577
2019-05-21,0.7758570706066371,1.327725678998065,0.5518686083914278,0.8717815398441018,0.9247868502002669,0.5661659128429654
2019-05-22,0.7588908599532664,1.3205677138917309,0.5616768539384644,0.8687300773754439,0.923118077218658,0.5673079023722947
2019-05-23,0.7581324735752188,1.3201006775801656,0.5619682040049467,0.8523912084883476,0.9234340641630575,0.5685405481608667
2019-05-24,0.7289596801615404,1.2859434143396133,0.5569837341780729,0.8436505681811077,0.9214139093094804,0.5817675932649573
2019-05-28,0.7213228092388546,1.2824634679228388,0.5611406586839842,0.8409730646542648,0.9204505854706106,0.5796605954553242
2019-05-29,0.705176841561123,1.2796362812485595,0.5744594396874365,0.8408018911844879,0.9181899928598786,0.5437342217456296
2019-05-30,0.7414364094967902,1.3129694304943182,0.571533020997528,0.8485208009565278,0.9224903971103965,0.537049833540072
2019-05-31,0.7517412233108369,1.3149442515488907,0.5632030282380538,0.8523960270013574,0.9230950173932541,0.5330216775414718
2019-06-03,0.7242740464363848,1.3210183614253912,0.5967443149890064,0.8537101635095331,0.9262533240424253,0.5345581397533395
2019-06-04,0.7276028828997436,1.3169993031544678,0.5893964202547242,0.852857820979322,0.9240521778415497,0.5390999621445276
2019-06-05,0.7952576175622783,1.3603727146685798,0.5651150971063015,0.8443575817734896,0.9338001956570435,0.5728905977527601
2019-06-06,0.7446737621752311,1.3238658389819171,0.579192076806686,0.8271439807413906,0.9330460841559822,0.5516150194575191
2019-06-07,0.8036266808321709,1.3886143517177905,0.5849876708856195,0.8369694630668335,0.9430525347952228,0.5580291643237562
2019-06-10,0.8122445686221664,1.4013633180022218,0.5891187493800554,0.8181828071087774,0.9354155194003716,0.5533844312997425
2019-06-11,0.7872441339903903,1.3686147080632738,0.5813705740728835,0.8545374379075208,0.9301337763894252,0.5660325971805666
2019-06-12,0.7938821915540505,1.3728199079821444,0.5789377164280939,0.8576608430123938,0.9304910645247708,0.5670677267433782
2019-06-13,0.8175324145435396,1.3879846146666974,0.5704522001231578,0.848647765726471,0.9287841192166808,0.5722415860083863
2019-06-14,0.8331941100039246,1.3899724247735743,0.5567783147696497,0.856314263368172,0.929443912506932,0.5722712629482332
2019-06-17,0.8374134642353385,1.3889045363516273,0.5514910721162888,0.8506881469922383,0.9302775804582774,0.5782536187140919
2019-06-18,0.8166361931111866,1.3744697173186011,0.5578335242074145,0.8576738613433774,0.9312165610756222,0.5774196919009096
2019-06-19,0.8632353068317405,1.4212474977749985,0.5580121909432579,0.8611283076886074,0.9366455715167434,0.5938044875937932
2019-06-20,0.8722878586136992,1.420988260531435,0.5487004019177358,0.8527999760279514,0.9384265921221611,0.5928878190342212
2019-06-21,0.8720031999686401,1.416094824930446,0.5440916249618059,0.8774760587686249,0.9357833581945303,0.58317888307244
2019-06-24,0.8404926135952191,1.391548408876721,0.5510557952815018,0.8707934985937227,0.931980063347997,0.562966237734864
2019-06-25,0.8459482451879573,1.3898775409273503,0.543929295739393,0.8782105384102639,0.9323912970912744,0.5618928649483621
2019-06-26,0.8980252547638108,1.4289665138554,0.5309412590915892,0.8504281991569258,0.9296281167427703,0.5609401867432694
2019-06-27,0.8869836320775766,1.4224083872912323,0.5354247552136557,0.8481319285921265,0.9288492561419737,0.5560967359600554
2019-06-28,0.8932055048020537,1.4267661140834147,0.533560609281361,0.8469207453790628,0.9304058063581182,0.5555136765756121
2019-07-01,0.9174379124598449,1.441279710239736,0.523841797779891,0.8572118526688687,0.9299270973456574,0.5574432965237951
2019-07-02,0.8211103056486588,1.3788246826451345,0.5577143769964756,0.8626715805404093,0.9294059992000344,0.5408353534793856
2019-07-03,0.8099486953961289,1.372633887755365,0.5626851923592361,0.8567500320401958,0.9288960329941496,0.5353228687731417
2019-07-05,0.7824491075376225,1.3568279341726865,0.574378826635064,0.8499998170889629,0.9305883835848119,0.5238306468631159
2019-07-08,0.7688104896879817,1.3454809738563425,0.5766704841683608,0.8437411525515812,0.9313800968681828,0.5231664412274146
2019-07-09,0.7912326262111677,1.350957276641315,0.5597246504301472,0.8613691590562009,0.9300307277416805,0.5254511506993444
2019-07-10,0.7929269524987715,1.3508241147566395,0.557897162257868,0.8622820974883145,0.9305210761776738,0.5265727301450066
2019-07-11,0.7772927559019087,1.3285816384788056,0.5512888825768969,0.8974415985722296,0.9329130147620883,0.5223902938248033
2019-07-12,0.7770251934024147,1.3278205201121,0.5507953267096853,0.8999801501253077,0.9334502738156284,0.5215481852642163
2019-07-15,0.77970774767099,1.333904301073271,0.5541965534022809,0.9050715146964736,0.9314537814074261,0.5266779717647232
2019-07-16,0.7698115932565994,1.3214174641979601,0.5516058709413607,0.896659495687771,0.9297573552913144,0.5289635785525172
2019-07-17,0.7633824131363927,1.3181546449328405,0.5547722317964479,0.9029101750065671,0.9293603231024944,0.5248222299264574
2019-07-18,0.7566196497895427,1.3088634906874528,0.5522438408979101,0.8846959826954093,0.9258138199808246,0.5199665178556062
2019-07-19,0.7608600308944619,1.3126743501062952,0.5518143192118333,0.875995187321657,0.9226214584597074,0.5188823577087488
2019-07-22,0.7280626084869717,1.2891050314315082,0.5610424229445365,0.8693868900800982,0.9245407108352602,0.5047190245230462
2019-07-23,0.7283261394516256,1.2839069956554052,0.5555808562037796,0.8722517352794608,0.9237020274963238,0.5063310573096245
2019-07-24,0.7727214358323641,1.3311757108147617,0.5584542749823976,0.872639533702375,0.9331182951880277,0.5178673079579279
2019-07-25,0.781126039640109,1.3349596510642736,0.5538336114241647,0.8782431412285654,0.9318664120092719,0.5225314279413791
2019-07-26,0.7748492548759747,1.3188801648009039,0.5440309099249292,0.866903744300344,0.9335081353588424,0.5309843054901816
2019-07-29,0.7698009530651642,1.3307805685761953,0.5609796155110311,0.8926102367731971,0.9363335047794028,0.5331708951762965
2019-07-30,0.7807398082367418,1.335454748255267,0.5547149400185252,0.8898620120599972,0.9361563639849255,0.5335254033095873
2019-07-31,0.7947857405106382,1.3359130844478244,0.5411273439371862,0.8953455727248549,0.93392264137569,0.5305543698658781
2019-08-01,0.743813375649022,1.3078216522681205,0.5640082766190986,0.8343924490123958,0.9378776560813018,0.5383651299911021
2019-08-02,0.7861429065024854,1.3432203733377475,0.557077466835262,0.893256280987528,0.949700179613637,0.5539882061111345
2019-08-05,0.8087168762601188,1.3641300287312539,0.5554131524711351,0.8570823738142992,0.9431064161086454,0.5642591399779618
2019-08-06,0.6905884866376459,1.2981636646972037,0.6075751780595577,0.9387447826291668,0.935631751518835,0.5062030172054117
2019-08-07,0.707789496374217,1.3283477343193302,0.6205582379451132,0.9094362695853404,0.93038652322403,0.4954404337725398
2019-08-08,0.7074537052762523,1.329858104314146,0.6224043990378937,0.9093159523160745,0.9299430243722105,0.49631815468798696
2019-08-09,0.6911530427463174,1.312494664626308,0.6213416218799906,0.8884786220803489,0.9403964239998319,0.5092498543084029
2019-08-12,0.7000002569207612,1.3174532724276946,0.6174530155069334,0.9003387680504644,0.9374184423357926,0.512699646002319
2019-08-13,0.6189290166204213,1.2965360784041602,0.6776070617837389,0.902002140503378,0.9513857618521657,0.4858259361861966
2019-08-14,0.5914666441156795,1.2680939004867606,0.6766272563710811,0.9094299934434551,0.9431905002820477,0.4693676079978714
2019-08-15,0.5992282749220601,1.272538854500644,0.6733105795785839,0.9365788664166859,0.9511321153598307,0.45226554860384083
2019-08-16,0.5951205104142966,1.2680799781350203,0.6729594677207237,0.9494658936939886,0.9523674264597306,0.45481083078502543
2019-08-19,0.5802908998740358,1.2421423354962404,0.6618514356222046,0.9317241793546358,0.9576761569629855,0.46246145761175905
2019-08-20,0.5554240565564948,1.2371517948896331,0.6817277383331383,0.9363972532201642,0.9596958366314323,0.4586924861673965
2019-08-21,0.5330215588310593,1.2388953992287757,0.7058738403977164,0.908475655895542,0.9639554679586019,0.4569734443906881
2019-08-22,0.5310863202890266,1.2416994194016713,0.7106130991126447,0.9119927638232221,0.961721015193726,0.4496972223658301
2019-08-23,0.523705894060654,1.252565874244692,0.7288599801840379,0.9267255746484444,0.9642183887276716,0.44055938257722516
2019-08-26,0.5441397615450958,1.2416563945237447,0.6975166329786489,0.9251795357084942,0.9604490445668369,0.4396460524136434
2019-08-27,0.5810518475376749,1.2621967252926918,0.6811448777550169,0.9287535086577909,0.9664230225472094,0.45340846417203984
2019-08-28,0.5562555410459931,1.252824424059308,0.696568883013315,0.9314647558354721,0.9648417443874107,0.45680342921290606
2019-08-29,0.5456558991177058,1.253225114759042,0.7075692156413362,0.9349168197942297,0.9667266199963644,0.4564986693904366
2019-08-30,0.5881546007109788,1.2606443912277605,0.6724897905167817,0.9507526189479156,0.9695511563263334,0.4594652432601987
2019-09-03,0.5581728357736225,1.2367148133385157,0.6785419775648932,0.9559207092395544,0.9705124876215676,0.45619362636506067
2019-09-04,0.5170206403358455,1.2221846421314777,0.7051640017956322,0.9991663715912951,0.965057373588832,0.4343515584391457
2019-09-05,0.5530519748864855,1.2396370924655273,0.6865851175790418,0.9751156458832447,0.9628423438325842,0.44679979907352224
2019-09-06,0.5979267150362886,1.2509954169133002,0.6530687018770116,0.9841700470237926,0.9554518693857758,0.4572931414942402
2019-09-09,0.5941965657221725,1.2397635075128066,0.6455669417906341,0.9791344706548571,0.9608207528122718,0.4602549661587544
2019-09-10,0.5838899219196425,1.2359414522110248,0.6520515302913823,0.9823530576930939,0.9611757584509191,0.4542050160899088
2019-09-11,0.5833623618033036,1.236558373686335,0.6531960118830314,0.9828975251272978,0.9614245030143571,0.45432583768120255
2019-09-12,0.5614202309811454,1.224866889730514,0.6634466587493686,1.0015963376562653,0.9628140469726183,0.4479567392673194
2019-09-13,0.5616576070020138,1.2246824184768001,0.6630248114747863,1.0043803838883978,0.9629278936988037,0.44725257339023883
2019-09-16,0.5614930014702457,1.225894598362952,0.6644015968927062,1.0040928322718754,0.9635734054712832,0.4440873080207765
2019-09-17,0.550658254161031,1.2213163152058109,0.6706580610447799,0.9995301808342566,0.9624868512261531,0.44201785365883184
2019-09-18,0.5364209961697892,1.1988947332322808,0.6624737370624916,0.9927328486358225,0.9595729094078838,0.4306229007773186
2019-09-19,0.5441402071109438,1.203459786727501,0.6593195796165572,0.9926477142535481,0.9596972011889469,0.43224353592982695
2019-09-20,0.5399550089685556,1.2122540071629002,0.6722989981943446,0.9872928581915845,0.9624020136000061,0.44105205547344956
2019-09-23,0.5482049417084345,1.2184407866603666,0.6702358449519321,0.9843151317189556,0.9619949665103291,0.44330260668092974
2019-09-24,0.5460253171716671,1.217651804889209,0.671626487717542,0.9829397632749611,0.9618016970995152,0.4432664618338793
2019-09-25,0.5308936928034476,1.1975141834788585,0.666620490675411,0.9931525982106997,0.9657602962101225,0.45782827762425066
2019-09-26,0.5708963690038813,1.2303860474507666,0.6594896784468853,0.9898044081441928,0.9653932629408183,0.46625141232998474
2019-09-27,0.5612296346147242,1.2234193865685632,0.662189751953839,0.9919311220497984,0.9649978312359307,0.46401809631615565
2019-09-30,0.556282042474442,1.2150952013219822,0.6588131588475402,0.9909312623013514,0.964285312761246,0.4624198880411959
2019-10-01,0.5434122990975153,1.2122803697074884,0.6688680706099731,1.001033803745406,0.9639567807076419,0.4567393068320254
2019-10-02,0.5455323242100248,1.210288438112148,0.6647561139021231,1.0072395447467848,0.9660334627529121,0.45300914067994175
2019-10-03,0.5252350249954333,1.2006371364429669,0.6754021114475336,1.031992308476129,0.963059674264946,0.439887427286964
2019-10-04,0.5318483544285557,1.2029243534225231,0.6710759989939674,1.0310671411027679,0.9629826482549528,0.4376826353826719
2019-10-07,0.49978816782983504,1.1914280302300386,0.6916398624002036,1.019868551510111,0.9607284880300646,0.4208123006610059
2019-10-08,0.49702094004783537,1.1906113651045374,0.693590425056702,1.0312407149850533,0.9596032776952588,0.4177839554212782
2019-10-09,0.5021354592054021,1.1953313490438813,0.6931958898384791,1.0339929461129027,0.9581993393448914,0.41598854479874364
2019-10-10,0.49360876846694635,1.1925058847693015,0.6988971163023552,1.0212081925647223,0.9569503038059626,0.41406312933352707
2019-10-11,0.514586031669775,1.192764073469596,0.6781780417998209,1.0141065469753339,0.9586137347568708,0.4129607298461314
2019-10-14,0.5024111558869244,1.180210841541784,0.6777996856548596,1.0439100350908017,0.9572238370060584,0.42154396834015995
2019-10-15,0.4937476823243072,1.1749194406317636,0.6811717583074564,1.043413563535592,0.9567377227342401,0.42132225956600283
2019-10-16,0.515729915401069,1.180964168376711,0.6652342529756419,1.0211420668111026,0.9579397348515616,0.42457320570934953
2019-10-17,0.5155296239331761,1.1816981017002068,0.6661684777670307,1.02333001095479,0.9600959338966866,0.424853112163052
2019-10-18,0.5445556148941239,1.2005206124932544,0.6559649975991305,1.0262604786360447,0.9596460946471305,0.4291920846100792
2019-10-21,0.5422968491623767,1.2044878051656926,0.6621909560033159,1.0311517897228897,0.9606711538589165,0.4292135384302958
2019-10-22,0.524087624043146,1.1973743053141177,0.6732866812709717,1.0302719460685683,0.9605891863148611,0.43113663955432097
2019-10-23,0.547816031675044,1.2229636405164095,0.6751476088413655,1.004933420237354,0.9599542726962581,0.42882484939819254
2019-10-24,0.5413037180715323,1.2184991213152188,0.6771954032436864,1.0167096961422457,0.9599943597734003,0.42646840047035967
2019-10-25,0.5270342409639867,1.2001162069857159,0.6730819660217292,1.0089220304813553,0.9591821785202435,0.430081286553846
2019-10-28,0.5475193101695095,1.2155000564071943,0.6679807462376848,1.0140506024747447,0.9604850499918653,0.435274389601524
2019-10-29,0.5587376001398395,1.2257216528499795,0.6669840527101399,1.0114349094287935,0.959014396334243,0.440117004155961
2019-10-30,0.5742793501654463,1.2286978042945107,0.6544184541290644,1.0096579333595082,0.9551446911844965,0.43748331768122295
2019-10-31,0.565467589954876,1.2265935987803487,0.6611260088254727,0.9979032514367132,0.9499480096469738,0.42761462997197947
2019-11-01,0.5772685401751294,1.2412008487721153,0.6639323085969859,1.0065133525969459,0.9540816967940858,0.4214504695385821
2019-11-04,0.6397029866134308,1.2512583157387465,0.6115553291253156,1.049363947949098,0.9588996642982255,0.44798256669899106
2019-11-05,0.6702700416438581,1.2627883535021358,0.5925183118582777,1.0303221909214169,0.9596163663149392,0.46851932381843797
2019-11-06,0.6663550795161832,1.2649413295878507,0.5985862500716674,1.0276552085838233,0.9599766078947448,0.4674802473082382
2019-11-07,0.6984042871724293,1.2764509103503778,0.5780466231779485,1.0200622741879615,0.9533510345179119,0.46295964886133656
2019-11-08,0.7008034680770288,1.2807873311367273,0.5799838630596985,1.0282488536907564,0.9551731748659603,0.46182661297464317
2019-11-11,0.6947459902722928,1.2750096208768666,0.5802636306045739,1.0419132461295015,0.9518754552004011,0.45902505876984306
2019-11-12,0.7087042113270063,1.3014739380622717,0.5927697267352654,1.0205777453253488,0.9605661095611565,0.46649676124306055
2019-11-13,0.703122033464492,1.2882181708820453,0.5850961374175533,0.989864832703957,0.9545239150965054,0.49132208691471996
2019-11-14,0.7161435682412343,1.2955200715632367,0.5793765033220024,0.9972989715833964,0.9544441374920412,0.4961181812106796
2019-11-15,0.7223460571867448,1.3052217982136358,0.582875741026891,0.9966259510509512,0.9455689852364453,0.4821692086510413
2019-11-18,0.7235411996910707,1.3112842572853598,0.5877430575942891,0.9427994225768817,0.9438471074000271,0.4804773821485803
2019-11-19,0.7178641134565946,1.2986156496819754,0.5807515362253808,0.9484454747736755,0.9378472475313491,0.47879315734327116
2019-11-20,0.7457468019461406,1.317356805548082,0.5716100036019414,0.9742392356865867,0.9422826353915362,0.48611926474300343
2019-11-21,0.7493650094048367,1.3207942843833977,0.571429274978561,0.9964125541442485,0.940678331299548,0.48837434145260594
2019-11-22,0.8267859784240685,1.3770802658531744,0.5502942874291059,0.9638394833629699,0.940045171117946,0.5156468720390197
2019-11-25,0.8487376034071552,1.3486893280894205,0.49995172468226534,0.9559054287766897,0.9297327340395214,0.5373214462075947
2019-11-26,0.8530486651508401,1.3396213228572502,0.4865726577064101,0.930703359808265,0.9220884664707808,0.5394431258163
2019-11-27,0.8654321584449672,1.3457413987584408,0.48030924031347355,0.9144612404832484,0.9180009447094756,0.5420711947302955
2019-11-29,0.8707432811178644,1.3437011130084753,0.47295783189061086,0.8977304407859363,0.9094826341868656,0.536613190009847
2019-12-02,0.8608735645157191,1.3308732158628382,0.46999965134711913,0.907987331975709,0.910269134375202,0.5349027696606782
2019-12-03,0.830955630447801,1.3038163378540424,0.4728607074062414,0.8696172301834879,0.9151334799174766,0.501343189883128
2019-12-04,0.869585926962386,1.3143915412701577,0.44480561430777166,0.8841807068188623,0.9162537495159728,0.5170819686274731
2019-12-05,0.8571993705294385,1.2953898900841487,0.43819051955471017,0.9116916464953466,0.9258116512399722,0.4783249873870405
2019-12-06,0.8592687602390501,1.2966626528015315,0.4373938925624814,0.9090753920762273,0.9254658411601467,0.4779811926890302
2019-12-09,0.8382018258796695,1.289035014702283,0.4508331888226136,0.9382195590850735,0.9357145140800014,0.4880327665918902
2019-12-10,0.8463907105376006,1.2914036420589323,0.4450129315213317,0.942010611286409,0.9372701927815682,0.4902627366729151
2019-12-11,0.8738412809704136,1.3087214712057664,0.43488019023535285,0.9460600159487378,0.9339017569808514,0.4955097983741671
2019-12-12,0.8709550035930785,1.3038038261511227,0.43284882255804413,0.9404062939457813,0.9317521547558171,0.49730129438462095
2019-12-13,0.9155302017686153,1.3539180379956,0.43838783622698463,0.9817699769656656,0.9392437762316359,0.5158375947674227
2019-12-16,0.9443723107369537,1.3585948486906612,0.41422253795370745,0.9710793617763209,0.9423001586762021,0.5245909514863139
2019-12-17,0.8928074658716917,1.3577368894157025,0.4649294235440108,0.9740125677119985,0.9476904588255871,0.5204486958487876
2019-12-18,0.8938102238487131,1.3590119130924903,0.4652016892437772,0.9716142544606997,0.94718279504278,0.5192834568852642
2019-12-19,0.903506026803263,1.3579643018945404,0.45445827509127745,0.9725438536727031,0.9460772657793854,0.5192491070200617
2019-12-20,0.886326750021349,1.3347480691593967,0.4484213191380477,0.9635826672615321,0.9488782755208783,0.5146629949792862
2019-12-23,0.861077643964985,1.318415326824566,0.45733768285958093,0.9472387339782671,0.9497769177862714,0.5099859236660365
2019-12-24,0.7880633811008615,1.2742448506391282,0.4861814695382667,0.9141724281806447,0.9370712330393698,0.4928810594315197
2019-12-26,0.7793265875756127,1.2807011403043211,0.5013745527287085,0.9010821096356195,0.9381167717386804,0.49359948130564085
2019-12-27,0.7603814148934358,1.261583020340057,0.5012016054466213,0.9201566929453058,0.9364220541263213,0.48135871844574396
2019-12-30,0.7979945062403151,1.3010325796266167,0.5030380733863016,0.9267609618858654,0.9396667348879004,0.4939454416518922
2019-12-31,0.7913064237610885,1.3014018081089989,0.5100953843479104,0.9541710845087755,0.949882684474063,0.4929408508532439
2020-01-02,0.7387718811427016,1.2813019014953808,0.5425300203526792,0.9877459511729223,0.9423643690797293,0.4892136933172383
2020-01-03,0.9070711903987757,1.373358670957969,0.46628748055919333,0.9447383194587043,0.9495127313175142,0.5746793992419263
2020-01-06,0.9663552248717844,1.4035503616768166,0.43719513680503225,0.9292262629262409,0.9451706329759408,0.5868372200812163
2020-01-07,0.9522266751603273,1.3772790927572212,0.42505241759689383,0.9573780218535834,0.9566490134819036,0.6588775000930817
2020-01-08,0.9724726752368098,1.4011887265170537,0.4287160512802439,0.9420082237764378,0.9628534468634519,0.6614050299152358
2020-01-09,1.0120544434433838,1.4407914885844617,0.428737045141078,0.9248190772969055,0.9592917905085281,0.7022732198411599
2020-01-10,1.0152790788580657,1.4303354370728962,0.4150563582148306,0.9275056170740092,0.9634436634642134,0.7204451423594135
2020-01-13,1.0136414730225316,1.4463960925537787,0.43275461953124716,0.9628926382351867,0.9675854673875884,0.7267821053015106
2020-01-14,1.0561916618973464,1.4866269846766205,0.430435322779274,1.0378281952424433,0.9870270717231353,0.691878581557795
2020-01-15,1.0638443147943133,1.479831183557277,0.41598686876296376,1.0389390124434295,0.9895849811905557,0.7029646603740424
2020-01-16,0.9468499965164805,1.3753142638103149,0.4284642672938344,0.9479647875554529,0.9976452158140124,0.7082504121260944
2020-01-17,0.9450607217439098,1.3765542539506115,0.43149353220670167,0.9531632867580289,0.9867303885030224,0.6967461536144668
2020-01-21,0.9161669516745345,1.3615035257704864,0.44533657409595184,0.9552690269700109,0.9842824110426532,0.6933719094303366
2020-01-22,0.9371693228497601,1.3677240696950443,0.4305547468452843,0.8833663901506261,0.9755588952968097,0.6928835111140119
2020-01-23,0.8406056818922009,1.3605990555463647,0.5199933736541639,0.8861197909160577,0.9767065641315875,0.6822201014254611
2020-01-24,0.9676817963971249,1.3712861847872557,0.4036043883901308,0.876737639676389,0.9832688263655618,0.6977354452040183
2020-01-27,0.9814055310941163,1.4047621099377505,0.42335657884363415,0.9484639862624114,0.9799467363477952,0.6769849107151379
2020-01-28,0.9241291601869153,1.3706345412082555,0.4465053810213402,0.9886265752198979,0.9627312019361324,0.6626295717938957
2020-01-29,0.8963331272552498,1.3253462123748456,0.4290130851195958,0.9451336813437228,0.9393199509202209,0.6439658343570284
2020-01-30,0.8738523455561982,1.3353104176861725,0.46145807212997436,0.918208902135105,0.9498416199952172,0.6337832089131146
2020-01-31,0.8696020374558803,1.3276250132142504,0.45802297575837014,0.8864132119688053,0.9528665573198727,0.627919476622005
2020-02-03,0.8285447881511976,1.2912026359904112,0.4626578478392136,0.9880800810327603,0.9594148652245796,0.611080419006758
2020-02-04,0.8595715281557335,1.3165195657127227,0.4569480375569892,1.028664979673637,0.9584332661630786,0.606075729446066
2020-02-05,0.8274184012152798,1.310209230936209,0.48279082972092924,0.9936350513362752,0.9635930062235544,0.6027635662005932
2020-02-06,0.8091784965861342,1.30494478213495,0.4957662855488159,0.9841421033261656,0.9480564077955766,0.5638785839397036
2020-02-07,0.8274046120328269,1.3092233503992041,0.4818187383663772,0.9830678196922529,0.9449948509451553,0.5639165602424502
2020-02-10,0.8330897061052572,1.2938222920154447,0.4607325859101875,0.9805300121336888,0.9466786886589907,0.5606514862191934
2020-02-11,0.8109608801398519,1.2805458292022704,0.46958494906241854,0.9727382969724266,0.9470980802682013,0.554265720786708
2020-02-12,0.8070791080840743,1.2807241619461827,0.4736450538621083,0.9753883247860334,0.9487394974085533,0.5535955021888181
2020-02-13,0.8065832827987025,1.2659145331748585,0.45933125037615596,0.9983251513898095,0.9459256268110745,0.5612204087556137
2020-02-14,0.7909331745184864,1.2634766475933805,0.472543473074894,0.9930764666872174,0.9425766716412163,0.5624464554022887
2020-02-18,0.7839438413397231,1.2605645398713308,0.47662069853160766,0.9957839309489417,0.9430793387296912,0.561117023040354
2020-02-19,0.7985359835888506,1.2789370853468085,0.48040110175795797,0.9857592788450975,0.9396084137306693,0.5571804798138028
2020-02-20,0.820483317562943,1.2899571649509538,0.4694738473880108,0.9883714179854686,0.9397151755394917,0.5770705938741851
2020-02-21,0.8249548314453943,1.2916806108079235,0.4667257793625292,0.9938464233049856,0.9434428680267766,0.5875073404634653
2020-02-24,0.8491296757381728,1.2822270108986373,0.4330973351604645,0.9643183863871847,0.9440616312583869,0.6100643837774475
2020-02-25,0.786485275511323,1.264966628320081,0.47848135280875814,0.9525487369503853,0.9662275592522346,0.5555727940434508
2020-02-26,0.7197109182951817,1.1943897071852159,0.4746787888900341,1.0236317195815539,0.961411566638396,0.49901337339896756
2020-02-27,0.7149351804573851,1.188852573049201,0.4739173925918159,1.0033861606437886,0.9649472460849349,0.4999574030064315
2020-02-28,0.5465450071894873,1.1902034001779023,0.643658392988415,0.943834765711322,0.9861781545778766,0.4135274080141638
2020-03-02,0.4953726016187664,1.1722109795288413,0.676838377910075,0.9575725289677433,0.9875653312075384,0.3986576059762597
2020-03-03,0.3391715712734731,1.1253139525962126,0.7861423813227395,0.952284732662737,0.9951348217758891,0.3126064651849386
2020-03-04,0.33886111783668116,1.1138387127213238,0.7749775948846427,0.9212688816438148,0.986336177015262,0.29728537081158984
2020-03-05,0.1952008711153156,1.0098972452189727,0.8146963741036571,0.9269442082951944,0.9848679542645974,0.24077629769420983
2020-03-06,0.26535296061766567,1.0663221890087877,0.8009692283911221,0.9329406921529622,0.9873545601463688,0.23441031309011956
2020-03-09,0.2708206414343095,1.070102826946096,0.7992821855117864,0.9545064309542879,0.9873340435087137,0.23888627237904228
2020-03-10,0.44367595565595763,1.239728329528162,0.7960523738722044,0.926392593579064,1.0292153439967036,0.3256611638493986
2020-03-11,0.4022276784759232,1.2133366468219895,0.8111089683460663,0.9482737139163604,1.0188278515806461,0.31869258876894174
2020-03-12,0.38991693027278074,1.1996394822797658,0.8097225520069851,0.9521021724646754,1.022181478986459,0.2941509508243614
2020-03-13,0.34966029207789173,1.187000370214811,0.8373400781369194,0.9571674312555887,1.0243443842559532,0.2762169417949588
2020-03-16,0.39990674181945574,1.210991262177939,0.8110845203584833,0.9558019878446123,1.017242558368074,0.268353790546555
2020-03-17,0.39728687073028257,1.2219805970655195,0.824693726335237,0.9535075655017602,1.0158690367464387,0.26412858516608373
2020-03-18,0.3328768717898669,1.1846648682149379,0.851787996425071,0.967767396721712,1.0179751599858335,0.2334150723176979
2020-03-19,0.38067893092270944,1.207920519319226,0.8272415883965165,0.9707856434955717,1.017436347886778,0.24976706942568097
2020-03-20,0.3945301481567134,1.2153322694528372,0.8208021212961238,0.9696535283572254,1.0177673487179848,0.25331462439291463
2020-03-23,0.3441264529287058,1.1953713413949092,0.8512448884662034,0.9655021365011829,1.0154682722396375,0.24094031075561984
2020-03-24,0.3381854337361383,1.1965847120621886,0.8583992783260503,0.9756827321483438,1.0150176666643693,0.23602825262274488
2020-03-25,0.3989791088516481,1.2228935299517596,0.8239144211001115,1.0046943476049752,1.0324904466693028,0.26983667136523837
2020-03-26,0.41050745820542534,1.2326576328710446,0.8221501746656192,1.0059673770842958,1.0326524251150395,0.2730002794655953
2020-03-27,0.3630569123836699,1.2014627966442415,0.8384058842605716,1.0140062197757915,1.0313110819483098,0.2630148896690972
2020-03-30,0.3650196265206689,1.2021090332825648,0.8370894067618959,1.010098682485879,1.0311788199440426,0.26503073432190566
2020-03-31,0.35665059082890216,1.1903580622102485,0.8337074713813464,1.0107049082918351,1.0299308444338406,0.25560549003679156
2020-04-01,0.3542326664462401,1.1918759835608115,0.8376433171145714,1.0090634742250018,1.0298902008290187,0.2550911980398533
2020-04-02,0.3568933060376229,1.1905481811954384,0.8336548751578154,1.0170098696276528,1.0319632604614903,0.2575929418550705
2020-04-03,0.36589127620604567,1.2054748224989567,0.839583546292911,1.024367104186054,1.0351479543263147,0.25602787414725453
2020-04-06,0.3603033594965359,1.203057161914249,0.842753802417713,1.0251180073834427,1.0352615121444826,0.2561537060588405
2020-04-07,0.34835963436961925,1.1958047942509897,0.8474451598813705,1.0188392150603285,1.029996590130459,0.25426421520257203
2020-04-08,0.34803924323071167,1.1957567292512394,0.8477174860205278,1.0188198533595645,1.0299842074174645,0.25432696998700594
2020-04-09,0.3458968686236259,1.1919495997195844,0.8460527310959585,1.0077002567416908,1.0315887323259711,0.25584941661925426
2020-04-13,0.3401077538312606,1.188175373513094,0.8480676196818334,1.011760186827464,1.0323991572167726,0.2570736008393142
2020-04-14,0.3416685462094132,1.1900370862805292,0.848368540071116,1.01209916534175,1.0325149772134994,0.25757482391536396
2020-04-15,0.3386061548517436,1.1911694838615698,0.8525633290098262,1.0110526135665783,1.029875724218852,0.249700801917385
2020-04-16,0.3334219172051124,1.1870820259329435,0.8536601087278312,1.0127442735370469,1.029310612763881,0.25005448485862064
2020-04-17,0.33542779023275293,1.1894132796992527,0.8539854894664998,1.0118604984132094,1.0288222293555882,0.24887114291537937
2020-04-20,0.3249418167621676,1.1813368148039403,0.8563949980417727,1.0161726768931816,1.0310396209388348,0.25486387375164843
2020-04-21,0.3267532881391806,1.181263927352491,0.8545106392133104,1.01876849415,1.0314518455703143,0.25550277739156974
2020-04-22,0.32378557752318926,1.1795117941446194,0.8557262166214301,1.0153117029556826,1.030786561228651,0.25458571207115077
2020-04-23,0.33288134446046835,1.1832417910156738,0.8503604465552055,1.019093683511152,1.0304847874757526,0.2542534896825834
2020-04-24,0.33264068124117574,1.1833882935179072,0.8507476122767315,1.0185619603230398,1.030458613674629,0.2542289093877743
2020-04-27,0.3284511723674042,1.179799297932784,0.8513481255653799,1.0181875066958284,1.0294659604706835,0.25354756774879506
2020-04-28,0.3254749707959522,1.1807597378837995,0.8552847670878473,1.0196443504870747,1.0308087489611089,0.2548707166013547
2020-04-29,0.3263651235399275,1.1812891071896499,0.8549239836497223,1.0201001682175155,1.031359412052714,0.25399116466258553
2020-04-30,0.3215129819310113,1.1753785041529106,0.8538655222218993,1.0183779866984408,1.0280434333456134,0.2557821686558252
2020-05-01,0.320436141078295,1.1753485532308032,0.8549124121525082,1.0175265470445112,1.0278928743895386,0.25569594592190786
2020-05-04,0.32090333432643803,1.1767386206918948,0.8558352863654568,1.0201067523125231,1.0283834545122519,0.2557205151999464
2020-05-05,0.32367422277400903,1.1808883026301393,0.8572140798561303,1.0212845230919554,1.0283821993308022,0.2557768715750569
2020-05-06,0.3205693110628761,1.1767610361792482,0.8561917251163721,1.0206986940599325,1.0279996682167198,0.25545495396492984
2020-05-07,0.3146770904260039,1.1715572496429967,0.8568801592169928,1.0225896376812376,1.0287495340774242,0.2550229387249824
2020-05-08,0.32074854745696346,1.176029013368577,0.8552804659116134,1.0242271435632673,1.0288600162859696,0.2564231111849049
2020-05-11,0.3184771713752307,1.1767930688524646,0.8583158974772339,1.028801825764412,1.0296698942056666,0.2572699981721281
2020-05-12,0.319662357604375,1.1784164593746673,0.8587541017702923,1.0291621459728177,1.0296046276818402,0.25709447799614943
2020-05-13,0.3153338445019004,1.174242388378112,0.8589085438762115,1.0292577915760717,1.0293429928187299,0.25656310512875397
2020-05-14,0.31270216511415083,1.1743319335449343,0.8616297684307834,1.0309829319557782,1.0295918391783074,0.25714495247208125
2020-05-15,0.3143385629977101,1.1765868829439414,0.8622483199462313,1.0322991410458064,1.0296997775326768,0.2578154660646835
2020-05-18,0.3149075070585604,1.1768796627453502,0.8619721556867898,1.0331474022627112,1.0294418763240665,0.25748568384981185
2020-05-19,0.30605171795856234,1.1743039849826185,0.8682522670240561,1.032906963676171,1.0319703302802148,0.26247226975305754
2020-05-20,0.3050749796939862,1.1744797044454343,0.869404724751448,1.0329581969177426,1.0323775636349495,0.26227141352464645
2020-05-21,0.3020847273156011,1.1716354000776892,0.8695506727620881,1.0300732755278146,1.032298392369515,0.26317757938841296
2020-05-22,0.30279461666700214,1.171735025071341,0.8689404084043388,1.0305529978000727,1.0323166256238632,0.2627611481345423
2020-05-26,0.3043214970455128,1.1720195992029947,0.8676981021574819,1.0400167141471544,1.0327326542075708,0.2640688520312792
2020-05-27,0.3151101763492554,1.1749453242825525,0.8598351479332971,1.0423723306218233,1.034142435597393,0.2672533309407889
2020-05-28,0.3136164680406779,1.1746495873910976,0.8610331193504197,1.0416985163824393,1.0348252132987736,0.26853158196549565
2020-05-29,0.30757529674372197,1.1771455075672055,0.8695702108234835,1.0348772084603932,1.0351928554701817,0.2719627877165612
2020-06-01,0.3086095156013339,1.1770802957139797,0.8684707801126458,1.0336533736995774,1.0350272046507507,0.2720931605947949
2020-06-02,0.3212339415696255,1.1846163829296765,0.863382441360051,1.025676997059314,1.0355001982354433,0.27958247882491
2020-06-03,0.3392474133252521,1.1940850607887439,0.8548376474634918,1.0252681994577224,1.0369541161940183,0.2815416498660603
2020-06-04,0.3481365403525971,1.1925748120488446,0.8444382716962475,1.0249065145903318,1.0385363935051548,0.29119925646524514
2020-06-05,0.3483910242017285,1.1974472137248113,0.8490561895230828,1.0265722667849482,1.0390035872261283,0.29109063381222317
2020-06-08,0.3382879751340244,1.1928881165012466,0.8546001413672222,1.0221940343571405,1.039284835891773,0.29197775834995476
2020-06-09,0.32277126552493385,1.1837605858677913,0.8609893203428575,1.0201486711140437,1.0341101992411745,0.2826526858899316
2020-06-10,0.3348511581975736,1.1913080637508535,0.8564569055532799,1.0056094374890985,1.0368217420014139,0.28859799251698626
2020-06-11,0.3396189262773478,1.198239385061623,0.8586204587842753,1.0017560854136718,1.0366915880798693,0.29167658065157803
2020-06-12,0.34696956217041086,1.2255423494651323,0.8785727872947214,1.0182410317741866,1.0398372132207572,0.30618273269883517
2020-06-15,0.38476742151256316,1.2578920766672956,0.8731246551547325,1.032720693730111,1.0473304190182373,0.32439806493795376
2020-06-16,0.35960330475232294,1.2408729498462039,0.881269645093881,1.028189572934537,1.0575213550168585,0.3403154311015771
2020-06-17,0.3837364148150806,1.2370262509175227,0.8532898361024421,1.044221333393756,1.0569525369219128,0.37576230059738264
2020-06-18,0.3746427218876812,1.2496827885934332,0.875040066705752,1.0530390577333417,1.0606979849347276,0.35506695512519404
2020-06-19,0.375107988442387,1.2492888657268608,0.8741808772844738,1.0530999787207216,1.0608160465516467,0.35504761343885227
2020-06-22,0.37694129038194313,1.2567881358518387,0.8798468454698956,1.0366578017030887,1.0679045303997603,0.3777862128578795
2020-06-23,0.39402342749428676,1.2577788387909217,0.8637554112966349,1.062671219946637,1.0702027640591516,0.3796463861496515
2020-06-24,0.39982218759326305,1.2274548961019411,0.8276327085086781,1.040447414401657,1.0453923362264077,0.34744482722611786
2020-06-25,0.36608689516426285,1.2167936473057792,0.8507067521415164,1.0293165088969083,1.045170265678234,0.3394412307339806
2020-06-26,0.40950489831734993,1.2802291106037216,0.8707242122863716,0.9964018042797727,1.0490367113678263,0.359476434851739
2020-06-29,0.3832972191852355,1.262188634662618,0.8788914154773826,0.9973698148587393,1.0555419955280838,0.3530449191626989
2020-06-30,0.4085034510048957,1.2830475095139517,0.874544058509056,1.0118366741589684,1.060620857628501,0.3865728285994312
2020-07-01,0.4188107088869697,1.3012214442537307,0.882410735366761,0.9958416323286974,1.0607104593281558,0.3855847334566776
2020-07-02,0.48492344468223325,1.3333703000444506,0.8484468553622173,0.995433804136163,1.0564581626534428,0.3856777872770977
2020-07-06,0.4697472419755614,1.3166092379343972,0.8468619959588358,0.9886858708005678,1.0475316452244168,0.39246401591925495
2020-07-07,0.467644407406148,1.3179422022911647,0.8502977948850167,0.9913608005082888,1.048992087812683,0.3921840059634371
2020-07-08,0.5665842274933406,1.335472259119947,0.7688880316266065,0.9752533696652942,1.0725007489477163,0.4568892493737154
2020-07-09,0.5670400578242769,1.3339342967869963,0.7668942389627194,0.9721263900892547,1.0721153442162785,0.45896574272075913
2020-07-10,0.6391931061654957,1.376380885529356,0.7371877793638603,0.9565563608760143,1.0678708261779146,0.46851898382086327
2020-07-13,0.6957996154217228,1.4076744883339363,0.7118748729122135,0.9684989493616059,1.0687234315473388,0.47028697491094446
2020-07-14,0.7333746085387522,1.4281697115472511,0.6947951030084989,0.9716232841520969,1.0662204130039532,0.46208102249582383
2020-07-15,0.749240271534898,1.4408235521041362,0.6915832805692381,0.9580833434857424,1.0789497374077535,0.5168656073283506
2020-07-16,0.7483898600162566,1.4687450423689719,0.7203551823527152,0.9573155988820503,1.0846490308605814,0.5200683833266997
2020-07-17,0.7573592347384637,1.4689033631913921,0.7115441284529285,0.959281323875832,1.0852320767779655,0.5268693272084749
2020-07-20,0.730230093151499,1.4699539437167284,0.7397238505652294,0.9699924015678142,1.0758858296513458,0.4934481819513798
2020-07-21,0.7239411535806911,1.4679286686358277,0.7439875150551366,0.9824763593680494,1.0732320742749453,0.4920693656189098
2020-07-22,0.7376906337257866,1.483479500876237,0.7457888671504503,0.9359085650857781,1.0830137319779072,0.5139153065171336
2020-07-23,0.7593226191799297,1.4977576020470582,0.7384349828671285,0.9343534482335739,1.085510064077539,0.5304580521318798
2020-07-24,0.7749341756690525,1.5044716455923033,0.7295374699232507,0.9387210728412956,1.0803511960677865,0.5241270809631204
2020-07-27,0.7685843946072196,1.5102642314620707,0.7416798368548511,0.9255961033777754,1.0825664943024782,0.5354237356047725
2020-07-28,0.7615692728373468,1.513022361307667,0.7514530884703202,0.9337425874947175,1.0764327536204374,0.5285879166125872
2020-07-29,0.7832217070963204,1.5186500870462187,0.7354283799498983,0.9340995128541896,1.0742315470824133,0.5370110193062114
2020-07-30,0.7604144519206109,1.5209559652398523,0.7605415133192415,0.9515636175874984,1.0961512584689441,0.5239214498505258
2020-07-31,0.7418827711162848,1.5173105390573254,0.7754277679410406,0.9555490737357117,1.0989785682343203,0.5294870393826624
2020-08-03,0.6612778308997114,1.3871956518070698,0.7259178209073585,0.9682735113829702,1.0976349213176573,0.5340332307932392
2020-08-04,0.6640050985063772,1.3856258492114377,0.7216207507050605,0.9580554178024634,1.095922029186861,0.5338098584714215
2020-08-05,0.6825692339223561,1.3996715380825937,0.7171023041602376,0.9562052716065822,1.0993725684196944,0.5406519701041018
2020-08-06,0.7302525840559937,1.4258721000482877,0.695619515992294,0.947769871926585,1.0970569227037665,0.5451899076665963
2020-08-07,0.7198064961766897,1.4152850651049367,0.695478568928247,0.9560196019243707,1.096505876718753,0.5386853872492698
2020-08-10,0.7129595595707225,1.3998249046439508,0.6868653450732283,0.946053041552064,1.091692721598656,0.538197138936368
2020-08-11,0.7075733889945859,1.3966361380278751,0.6890627490332892,0.9457129292708417,1.0911010106463133,0.5363986919257437
2020-08-12,0.6966336294692277,1.4066350556603497,0.710001426191122,0.9647973314698974,1.094419152738913,0.5368369232950977
2020-08-13,0.7645419586472975,1.4667210983578576,0.7021791397105601,0.9679389689939246,1.0956613744604096,0.5199280102103505
2020-08-14,0.777893073012023,1.4689900848056556,0.6910970117936326,0.9770029033144803,1.0953607696733678,0.5228256814271497
2020-08-17,0.7723523062205842,1.4691348272288758,0.6967825210082916,0.977462819677582,1.0956986652458214,0.5223747032384983
2020-08-18,0.6876154195719447,1.4258813578247163,0.7382659382527715,0.9513592471820211,1.0803309888752424,0.48940177938239066
2020-08-19,0.6711466811982932,1.4128324182273595,0.7416857370290663,0.9477241890708618,1.0748684989700317,0.4912379972346419
2020-08-20,0.6423484797902341,1.3915769459500988,0.7492284661598647,0.9578898348392604,1.0768628039004637,0.4866434260463924
2020-08-21,0.6431594197173216,1.385365272670592,0.7422058529532705,0.954910664514913,1.078279386059174,0.4960874065928037
2020-08-24,0.6443906747197965,1.3856543498067435,0.741263675086947,0.9547759910210771,1.0782107629997202,0.4957024636554313
2020-08-25,0.5937723279808255,1.35306713859368,0.7592948106128546,0.9565809391646412,1.0754455857488883,0.486663725590496
2020-08-26,0.5685218152215918,1.3283120324936188,0.759790217272027,0.9659643434785983,1.0684936598638717,0.4780514120849114
2020-08-27,0.5500048139879856,1.3129247107916255,0.7629198968036399,0.9778949938088664,1.0657259707986204,0.46403449135260416
2020-08-28,0.551381827000874,1.31648236635102,0.7651005393501459,0.981398370409291,1.0664764519693377,0.46648517285537067
2020-08-31,0.5455008301288207,1.3133124011771962,0.7678115710483755,0.9812477265454229,1.065860800368438,0.4641808253679947
2020-09-01,0.5428093596469534,1.3126745488198792,0.7698651891729258,0.9792842755194837,1.065294705478232,0.4635852401015059
2020-09-02,0.5416305446025151,1.2944508468650946,0.7528203022625795,0.9755766226001473,1.0584823088190498,0.44741783162442095
2020-09-03,0.5588824038143915,1.3091692565553432,0.7502868527409517,0.9955541964253164,1.0570848621134576,0.4404406896395453
2020-09-04,0.45517107020462977,1.239399863131774,0.7842287929271442,0.9420836319295198,1.0195012269738228,0.37567911244779567
2020-09-08,0.46453146752529917,1.227097293347249,0.7625658258219499,0.9448088522026649,1.0077287114824232,0.3592729152941653
2020-09-09,0.52798320739995,1.2658669687446626,0.7378837613447127,0.9614679966098987,1.0032454425380564,0.3906648308946262
2020-09-10,0.5031687190777292,1.2379764231292811,0.7348077040515519,0.9275011055510998,0.9958459832597697,0.39134778776425766
2020-09-11,0.6173846688063991,1.2691635437305915,0.6517788749241924,0.8489031991586902,0.9565575758569482,0.46884424051818774
2020-09-14,0.5948343239055539,1.261497172432634,0.6666628485270801,0.8333471720932983,0.9491688583084776,0.47648818070462
2020-09-15,0.5649459035971907,1.2342345407282769,0.6692886371310862,0.8348275253066509,0.948377928934075,0.48111806044406374
2020-09-16,0.5971209451894564,1.232433593017354,0.6353126478278976,0.8107127294623209,0.9532684574880547,0.5048550433877426
2020-09-17,0.5566272200696417,1.202321325351956,0.6456941052823143,0.8049305462556444,0.9455666830317722,0.5098030861816448
2020-09-18,0.5340637423471493,1.179056025342779,0.6449922829956298,0.8043255453033098,0.9453122139067955,0.5120269340399642
2020-09-21,0.521548355273459,1.1546728888582425,0.6331245335847835,0.8108839593022912,0.9424012122989561,0.5055435755797855
2020-09-22,0.5088633021630432,1.1748544705342452,0.665991168371202,0.8291218551274928,0.9496275643975096,0.48535680249231417
2020-09-23,0.4920443968179813,1.1492218200922997,0.6571774232743184,0.819237913676554,0.9417924965353618,0.47522352024111114
2020-09-24,0.46294548003964886,1.1057956366938397,0.6428501566541909,0.7689776052993808,0.9357356936996685,0.5125885224498419
2020-09-25,0.4476546789343063,1.0838731955686605,0.6362185166343541,0.7722217521113992,0.9344257874669418,0.5158145580393634
2020-09-28,0.39948758441058896,0.9725821606949965,0.5730945762844075,0.7539175993634815,0.9091493105779549,0.5438806827854147
2020-09-29,0.3901577440073628,0.9727794203783269,0.5826216763709641,0.7565706653524391,0.8985590684743199,0.5425935103844849
2020-09-30,0.36820863488701794,0.9624896685984887,0.5942810337114708,0.7441953682214801,0.8992095870196448,0.5415185211607556
2020-10-01,0.3578502424560963,0.964391826813213,0.6065415843571167,0.7361765736380514,0.9021794939338318,0.5358031833714116
2020-10-02,0.3654491310737499,0.9639844287376343,0.5985352976638845,0.732838909630878,0.9008953802615355,0.5363432147565349
2020-10-05,0.38252059088999113,0.9506568376785216,0.5681362467885305,0.7371034304483912,0.8894030790964832,0.5377431570041921
2020-10-06,0.3866980911161618,0.9477922277552702,0.5610941366391083,0.7403429955749237,0.8885466629009995,0.5409387709474909
2020-10-07,0.37410122351356745,0.9465966254123139,0.5724954018987465,0.7348885555573736,0.8913208494986633,0.5391299565295572
2020-10-08,0.38158422409281834,0.9403003286640902,0.5587161045712719,0.74352705859951,0.8887043523505593,0.5402162286208726
2020-10-09,0.4111343327863657,0.9659084005067782,0.5547740677204125,0.735974267649983,0.8807059270066173,0.5377073128667872
2020-10-12,0.38976884673262613,0.9556589824731743,0.5658901357405481,0.7288103326972243,0.8791199059298299,0.5263579866755339
2020-10-13,0.40739915731555587,0.9531923817266799,0.545793224411124,0.724917650344221,0.8712494231439282,0.5332928079172145
2020-10-14,0.41060479824266294,0.9635213496344412,0.5529165513917783,0.7173331125265384,0.872080811242723,0.533224493705994
2020-10-15,0.4075773730936312,0.9690210362739556,0.5614436631803245,0.7248879811207241,0.8753193290937857,0.5249316000986695
2020-10-16,0.40286541332412995,0.9624045626137383,0.5595391492896084,0.7257055144931723,0.8754585317265625,0.527055904682905
2020-10-19,0.41829536069872963,0.9845669926918819,0.5662716319931522,0.7374123781772901,0.8791891713348744,0.5142224557899983
2020-10-20,0.4053564685806593,0.9836240020175746,0.5782675334369153,0.7495465883102072,0.8800947280527013,0.5030956133358768
2020-10-21,0.4039129312629537,0.9868456731631267,0.582932741900173,0.7446580003839018,0.8802761410691132,0.5019451994287519
2020-10-22,0.41675379787058076,1.0193825228777196,0.6026287250071388,0.7719829129980074,0.8850194587453651,0.49150537854894294
2020-10-23,0.4248079910871668,1.037140928117255,0.6123329370300882,0.7644730048070183,0.8925064900571716,0.49114945388608316
2020-10-26,0.41485049100938753,1.035220831061719,0.6203703400523315,0.7631024056638562,0.8936419047267233,0.4858472842531643
2020-10-27,0.43587114971744634,1.082316159436379,0.6464450097189327,0.7753193384688445,0.8970009815237105,0.46377395706646607
2020-10-28,0.3973202492325252,1.0543629444266702,0.657042695194145,0.763015433328212,0.8974332098047988,0.46045783235755977
2020-10-29,0.40270900977742174,1.0667207768659375,0.6640117670885157,0.7593691928088646,0.9009216631565142,0.4271873886895002
2020-10-30,0.43273885385838384,1.0956878919489161,0.6629490380905323,0.7629094287257252,0.9062143093056699,0.4277745087035071
2020-11-02,0.4856620801281619,1.1305882506548217,0.6449261705266598,0.762503152474216,0.9072277543851673,0.4349764844549032
2020-11-03,0.47397612705541114,1.126494751914042,0.6525186248586309,0.7759076400084155,0.9100223552601545,0.42480737157163634
2020-11-04,0.48411937425438656,1.1308987226211555,0.646779348366769,0.7735623993337177,0.911026562850756,0.41979854757223195
2020-11-05,0.4585959025791976,1.0785693303912138,0.6199734278120163,0.7433324046886095,0.8933804413015848,0.43324095756659936
2020-11-06,0.4500471477011765,1.0588120160841528,0.6087648683829763,0.7458307360264499,0.8892796551415765,0.4263457045129877
2020-11-09,0.444947318134287,1.0538404372509422,0.6088931191166552,0.7466365604486345,0.8890303191159301,0.42752456505692554
2020-11-10,0.3652638036692252,1.0052521826446363,0.6399883789754112,0.8074994801632962,0.9038448378794153,0.40430210786363513
2020-11-11,0.3694212279203929,1.0060123201138886,0.6365910921934957,0.8102136512013829,0.8991905480881308,0.3980797221291724
2020-11-12,0.3749825260063764,1.0100621961790948,0.6350796701727184,0.8006375370134542,0.8995289754011969,0.4005509801007092
2020-11-13,0.37535627502037405,1.013201449663744,0.63784517464337,0.8041870793323098,0.9010366386528557,0.3973865909129099
2020-11-16,0.36828793135767857,1.0090132113845853,0.6407252800269068,0.8047857860008546,0.9021660284252854,0.38861167633160376
2020-11-17,0.3810541429805422,1.0043387471305532,0.623284604150011,0.8323082415862642,0.9058054277614302,0.3908607537599956
2020-11-18,0.3841953878779618,1.0032178944938117,0.6190225066158499,0.8189457478672194,0.9018944971637105,0.3861874094508139
2020-11-19,0.3822350159431295,1.0039345592787403,0.6216995433356108,0.8358131891515661,0.9004012403115431,0.3730015532394619
2020-11-20,0.3851081350737432,1.006098945654054,0.6209908105803109,0.833071589807383,0.9003483369861112,0.3738871461239911
2020-11-23,0.37520842906931573,0.9955208625445621,0.6203124334752463,0.8214377808346522,0.8995737862032118,0.3778311324329792
2020-11-24,0.4019804349011157,1.0178872163635009,0.6159067814623852,0.8348003853123767,0.9029451945542168,0.38051434263698236
2020-11-25,0.46567045954590347,1.0865308258811974,0.620860366335294,0.8446626807782882,0.9119322550788163,0.3772237431236901
2020-11-27,0.4742336168931043,1.0922602907834724,0.6180266738903681,0.8448830078823428,0.9120030244778896,0.37692813045816803
2020-11-30,0.4751065047920666,1.0914020937525661,0.6162955889604995,0.8459970707074895,0.9113403984096524,0.377720988552914
2020-12-01,0.49656839694989263,1.1051458244973142,0.6085774275474216,0.8438431329736287,0.9142132797545981,0.3828708474296182
2020-12-02,0.4825110110801518,1.1095983064436408,0.627087295363489,0.8418816800897198,0.9153491833431147,0.38187431912669106
2020-12-03,0.5339570813477738,1.1312659452254081,0.5973088638776344,0.8452236280730285,0.9161075413577406,0.40451780029864903
2020-12-04,0.612010310959673,1.1888548272171084,0.5768445162574355,0.8536279310955283,0.9313805307081858,0.41408581919158716
2020-12-07,0.615363789254465,1.1960655191043135,0.5807017298498485,0.8506239780869578,0.9349346211425391,0.42269426700726015
2020-12-08,0.5876034809722815,1.19273636306764,0.6051328820953584,0.885973626860832,0.930355400705772,0.3821897148655639
2020-12-09,0.620881668298827,1.209666863384142,0.5887851950853151,0.9086708968535473,0.934402054171056,0.3886813472201336
2020-12-10,0.667389900698943,1.236469601288877,0.569079700589934,0.890010108231777,0.9305507450076619,0.38891041814635474
2020-12-11,0.6663229424467478,1.2370656365832582,0.5707426941365104,0.8866391398041503,0.9296473904126111,0.38557380927139956
2020-12-14,0.6826790481124276,1.2465364373440702,0.5638573892316425,0.9023509072245115,0.9301472405897326,0.38946364349630463
2020-12-15,0.6646204936038238,1.2384405459285839,0.5738200523247601,0.8930239143138647,0.9335793143113619,0.3902329719880812
2020-12-16,0.6432679304170935,1.2224129897055498,0.5791450592884563,0.9134209364766451,0.9369032241346807,0.3895525676290079
2020-12-17,0.6317312650410796,1.20977376887851,0.5780425038374304,0.9329989176481683,0.9365039247518424,0.39136348408950783
2020-12-18,0.5952589171265426,1.2091748852706685,0.613915968144126,0.9213101987353036,0.9371563448510561,0.3922300541531403
2020-12-21,0.6617944544783458,1.24367782318533,0.5818833687069842,0.8950371161914847,0.9325375580445143,0.3964751856889075
2020-12-22,0.6217230483657576,1.2199637973085031,0.5982407489427455,0.9049604866258647,0.9397414158514997,0.4042742239560319
2020-12-23,0.5956258348931456,1.1885501110488832,0.5929242761557376,0.899046008301778,0.9351578684579264,0.3945777405119723
2020-12-24,0.594797304035639,1.1904062765055266,0.5956089724698875,0.8981656884818416,0.9346819838855771,0.3936894987677986
2020-12-28,0.58626070748482,1.1857245587049658,0.5994638512201459,0.9043155283337332,0.9347679864908365,0.3952304406410413
2020-12-29,0.6034156094071295,1.2108147878711257,0.6073991784639963,0.910682234419529,0.9355612426755086,0.39706551104644966
2020-12-30,0.5983857151165808,1.2051149666844863,0.6067292515679055,0.9121386771228204,0.9339676478282344,0.39343710359430933
2020-12-31,0.609551515747064,1.2069438581502467,0.5973923424031827,0.9085258716063322,0.930988591855338,0.399747065937585
2021-01-04,0.6000815492731206,1.2027966362842566,0.602715087011136,0.9169017275299824,0.9324152340298054,0.39712940880384096
2021-01-05,0.5507911109908386,1.1740580985528044,0.6232669875619659,0.8826310839896974,0.9368044587086456,0.3896614373771437
2021-01-06,0.5523981054218126,1.1744689135651487,0.6220708081433362,0.8715867903105877,0.9393180321464472,0.4008566221027373
2021-01-07,0.5772120166082233,1.1907710347718257,0.6135590181636024,0.8497183153464362,0.9405648716277272,0.40253486332049077
2021-01-08,0.6068626981516589,1.2110609139977728,0.6041982158461139,0.8800361822766049,0.9373325108067365,0.4180303043187172
2021-01-11,0.5934278992837895,1.2108513451745218,0.6174234458907323,0.8778179397652226,0.9347748483027077,0.4150799015928214
2021-01-12,0.5853625426998783,1.1940760055220632,0.6087134628221849,0.8803640858401665,0.9361696320121816,0.4191688283311399
2021-01-13,0.5868928701742753,1.217167532891957,0.6302746627176816,0.8897393954453741,0.9454002485565963,0.4226956936452234
2021-01-14,0.5779767836004651,1.19500651302336,0.6170297294228949,0.8974152351171444,0.9447719523623271,0.42072213571808187
2021-01-15,0.5788152095859008,1.1844170416746962,0.6056018320887954,0.8957411316719699,0.9389419728861378,0.41372642780025165
2021-01-19,0.6097455142767574,1.214134919845605,0.6043894055688477,0.910195101457217,0.9454438336200303,0.43162259553163684
2021-01-20,0.5870568968342302,1.1957037640854007,0.6086468672511705,0.9085331979862926,0.9423833942468375,0.43214023457387596
2021-01-21,0.6109733646051346,1.1949877697643254,0.5840144051591908,0.9353908242746282,0.9358641526520923,0.42595271321733436
2021-01-22,0.6024619404932976,1.1890191995339894,0.5865572590406918,0.9388706318317689,0.9372588895144082,0.4290912638500872
2021-01-25,0.6080824669586619,1.184804440821444,0.5767219738627821,0.9168496804113595,0.9324940884792452,0.4285634563000719
2021-01-26,0.6155281644523746,1.192199808315118,0.5766716438627434,0.9153371918891792,0.9284770750131349,0.42511126495087775
2021-01-27,0.6056697433025149,1.1913764451466644,0.5857067018441495,0.9171346698862634,0.9286349534759738,0.42816039661044814
2021-01-28,0.5315369107424243,1.1963194822205974,0.6647825714781731,0.9961768533926383,0.9418173284199199,0.3807327620467564
2021-01-29,0.5303717525752771,1.2043576077419007,0.6739858551666236,1.018096744955796,0.9387513287356675,0.3778066961298377
2021-02-01,0.6611793776244459,1.2632294150276304,0.6020500374031845,0.9294547419321253,0.9274485393760313,0.42370419131275455
2021-02-02,0.6474617970633585,1.2546514148870946,0.6071896178237361,0.948339556104165,0.9183642013264011,0.41187072252046836
2021-02-03,0.671879237944963,1.2744351715907587,0.6025559336457957,0.9738645588881024,0.9248193245987977,0.4141446825041228
2021-02-04,0.703039831982193,1.2976264441283896,0.5945866121461966,0.9831070236051334,0.9181663835442505,0.42133260841628917
2021-02-05,0.7435966510023393,1.3136722263018545,0.5700755752995152,0.9522495537010986,0.9143380679350639,0.4445282516500978
2021-02-08,0.825904261028678,1.3581041132961258,0.5321998522674478,0.8835860984739923,0.9536442371184377,0.48646997865197167
2021-02-09,0.8265134943656851,1.386720167052639,0.5602066726869539,0.8954825112155913,0.9714454125738923,0.5247046187984411
2021-02-10,0.8246558083619003,1.3867727720836212,0.5621169637217208,0.8991585427683861,0.9710630657068204,0.5228251924560051
2021-02-11,0.7045013407445802,1.3429893801044526,0.6384880393598724,0.8892050050573819,0.9387985508823544,0.4427531600935252
2021-02-12,0.7010494487613992,1.339118256960414,0.6380688081990149,0.8745077871715171,0.9416688402768248,0.4446000478607039
2021-02-16,0.7226264102689317,1.3445927209207162,0.6219663106517845,0.858975989536537,0.940264988001788,0.4558455796106164
2021-02-17,0.7096886142450174,1.3260103891330415,0.6163217748880241,0.8615303226764743,0.9354458100982659,0.447214966932082
2021-02-18,0.7267790431881112,1.3587380849110307,0.6319590417229195,0.8734653527555929,0.9334787493568144,0.4569543761973826
2021-02-19,0.7313620844001582,1.3427009034660433,0.6113388190658852,0.870288751922282,0.9284925599501774,0.4414622077708205
2021-02-22,0.7143869792580787,1.334240076049028,0.6198530967909494,0.874735240911586,0.9380393598424683,0.44577732744979326
2021-02-23,0.656784225815786,1.2748817530802001,0.6180975272644141,0.8849712563421152,0.9373382732404825,0.47319891087252713
2021-02-24,0.6669222157942394,1.287738409033932,0.6208161932396927,0.8901641296076199,0.9377151087937192,0.47173410638448465
2021-02-25,0.6806509917674397,1.288662657421637,0.6080116656541974,0.9116680580883806,0.93918470340075,0.4849209493839874
2021-02-26,0.6612599705657305,1.2519047763049862,0.5906448057392557,0.9015934053845032,0.9116597145605799,0.47297827263478914
2021-03-01,0.6095668426149109,1.2087900948331192,0.5992232522182083,0.8972642087574274,0.9018410082564665,0.44891517222069466
2021-03-02,0.6156556459308157,1.195973925395029,0.5803182794642133,0.8780401317603341,0.8935614729255394,0.44231147350383154
2021-03-03,0.6324339732829389,1.2008197218345469,0.568385748551608,0.8865106885822013,0.8914590405559661,0.44679421094371524
2021-03-04,0.5585503107177252,1.125185144765292,0.5666348340475669,0.8499589535097412,0.8721188194635239,0.4420356218205978
2021-03-05,0.46965192527639266,1.0600065764968758,0.5903546512204831,0.8396987958034273,0.861364342955839,0.4419487693339939
2021-03-08,0.44614219271812927,1.065284335916172,0.6191421431980428,0.8573785780669458,0.8544923661799496,0.3913204402805375
2021-03-09,0.46693452326222995,1.071679555391146,0.6047450321289161,0.8411900393470667,0.8515504062163672,0.4044080222816294
2021-03-10,0.4080787125852524,0.9970272247816278,0.5889485121963753,0.8065182495259271,0.8470117537072658,0.4498401967533877
2021-03-11,0.4089857490953962,0.9897239424270271,0.5807381933316309,0.8140953141920176,0.8510106189574287,0.4505111273242336
2021-03-12,0.4312416847757996,1.004541210643285,0.5732995258674853,0.7828304725167778,0.8481242095263131,0.46542253546091455
2021-03-15,0.3981152025723167,0.9810588448184305,0.5829436422461138,0.7866930304653336,0.8492245462069518,0.4516393078372831
2021-03-16,0.39746879186470974,0.9737871560512643,0.5763183641865546,0.7694530738667898,0.8510124950393817,0.45234988404778254
2021-03-17,0.4212250613861108,0.9956184792135043,0.5743934178273935,0.768073785606356,0.851812888812264,0.45316350024359575
2021-03-18,0.42287381186373674,0.9865487926379919,0.5636749807742552,0.7522162186338324,0.848118686735831,0.4670229698572131
2021-03-19,0.4613064067415622,1.0209916127251721,0.5596852059836099,0.8074787912452657,0.8471988977190017,0.49969711023529145
2021-03-22,0.4615456371364738,1.0155067106605236,0.5539610735240498,0.8091123858371195,0.8481193364357226,0.49884797045618634
2021-03-23,0.4761882306985834,1.0241050248937593,0.5479167941951759,0.7928480175206234,0.8470696712972635,0.4993427854187888
2021-03-24,0.4911388091993576,1.0160468871785782,0.5249080779792206,0.7662508438442364,0.8435835092198277,0.5005688781583414
2021-03-25,0.49532848271388996,1.0217034011392703,0.5263749184253803,0.7437796239741135,0.8448189830377189,0.506340119968315
2021-03-26,0.4967576651881951,1.0240614830897938,0.5273038179015987,0.7379966900826006,0.841978785335119,0.5047361585397494
2021-03-29,0.4524787725870335,1.0171695876288216,0.5646908150417881,0.7521652216416284,0.8423546374777378,0.4719465312582749
2021-03-30,0.46098409779050664,1.020497701956049,0.5595136041655424,0.7505483075767105,0.8425006529804315,0.47205293093167655
2021-03-31,0.4723596553441366,1.031690536733151,0.5593308813890144,0.7565404739891339,0.8446467674175325,0.4695211055403392
2021-04-01,0.47051026328563617,1.0267848320395199,0.5562745687538837,0.7514496681046992,0.8434802021658551,0.47480974816817834
2021-04-05,0.4792881484200664,1.0280106061102035,0.548722457690137,0.7603562297571241,0.8408118523352255,0.47451538854075453
2021-04-06,0.43169287050502203,0.9830731920512259,0.5513803215462039,0.7452625809469715,0.831486473677397,0.4748189044773666
2021-04-07,0.45149602372913133,1.002935201557554,0.5514391778284226,0.7236549125632068,0.8281953824883458,0.4995301453749289
2021-04-08,0.4620110512896912,0.9994429595297661,0.5374319082400749,0.725760770589515,0.8243788898509022,0.49971092521395855
2021-04-09,0.46256931978825355,0.9881255080758596,0.5255561882876061,0.7279207877915554,0.8190453478055996,0.5094217803031762
2021-04-12,0.45537755692352777,0.9765587849081602,0.5211812279846324,0.7407481631996997,0.816970447085967,0.4897475878158465
2021-04-13,0.45464718999873865,0.9650463820794077,0.5103991920806691,0.7369810656153459,0.8162839089239422,0.4853390671631901
2021-04-14,0.4728615499099106,0.9804900422434012,0.5076284923334906,0.7305503017370159,0.8191893459678569,0.4849588838677125
2021-04-15,0.4632284070385685,0.9819215822829942,0.5186931752444257,0.7280608696225626,0.8164546075575209,0.4912128152512672
2021-04-16,0.47723656096904254,0.9935206285826367,0.5162840676135941,0.7271464917418632,0.8173581796788747,0.4944378308971734
2021-04-19,0.4727322795796819,0.991595202791581,0.5188629232118991,0.7404804298005649,0.8192227685663608,0.4906289226774605
2021-04-20,0.5175155993494309,1.0081156729738745,0.4906000736244435,0.702395670049641,0.8116134108586963,0.4951834040456468
2021-04-21,0.48448118625688474,1.0268373390037433,0.5423561527468586,0.7309542720595528,0.8177799555049099,0.49030298501252584
2021-04-22,0.43595473056195333,0.9870455829832936,0.5510908524213403,0.7541203812227759,0.817860681302292,0.47740199971040226
2021-04-23,0.42870901262209027,0.9674604362617049,0.5387514236396146,0.7641123500510477,0.8175029640310582,0.47784186477387447
2021-04-26,0.41389855132110154,0.952218957875294,0.5383204065541924,0.745952096252086,0.8189066106087282,0.48254143731317933
2021-04-27,0.40958324465876794,0.9522709945770009,0.542687749918233,0.7484136291407111,0.8184020411699804,0.4829239989661965
2021-04-28,0.40308056495260847,0.9570688525676265,0.5539882876150181,0.7391532697704434,0.8180827688938256,0.48386608717143514
2021-04-29,0.3550816622118118,0.8832833729101199,0.5282017106983081,0.6935079866982476,0.7863995395549316,0.5233072367826019
2021-04-30,0.24021912857162964,0.809136098218562,0.5689169696469324,0.6878293519564833,0.7870374762685264,0.5303068194924601
2021-05-03,0.4469977093926135,0.9575900940690888,0.5105923846764753,0.6693342718373134,0.7839893768369995,0.5540210711477882
2021-05-04,0.429258173650081,0.9591917340072492,0.5299335603571682,0.6657982747693556,0.7905385585276581,0.5480989999664396
2021-05-05,0.4765474746584768,0.9577928706368363,0.48124539597835947,0.6354060319676638,0.780937764344131,0.5553180635141601
2021-05-06,0.47678097580231027,0.9560946426819698,0.4793136668796595,0.6350136547757599,0.7810160052555546,0.5553904354091804
2021-05-07,0.475947297077702,0.9449419640322902,0.46899466695458825,0.6290672234940806,0.7811527544413045,0.561747061902523
2021-05-10,0.4695956409295209,0.9523821025423233,0.48278646161280236,0.6323146526039178,0.7829718495710112,0.561533752670002
2021-05-11,0.5284108422030385,0.9913314925097122,0.4629206503066738,0.6156235661422828,0.7703712347574393,0.5769303835800581
2021-05-12,0.4709365684350329,0.958188407625169,0.4872518391901361,0.6310975395993894,0.7782394900950813,0.5563420638136448
2021-05-13,0.43520443654743013,0.9479347088856501,0.51273027233822,0.6437489771766831,0.7841909388476519,0.5300639317177438
2021-05-14,0.4236248022916419,0.9369969748945883,0.5133721726029464,0.6496540239892242,0.7821118304004885,0.5062091719258053
2021-05-17,0.39785640270042155,0.9158460760385517,0.5179896733381302,0.6668161420927001,0.7845704932999926,0.511080711076774
2021-05-18,0.397042511102744,0.9183683531771973,0.5213258420744533,0.6651657572796115,0.7856428431190464,0.5111052825951423
2021-05-19,0.3852267106119128,0.898392996666432,0.5131662860545192,0.6558062984109305,0.7889338062473832,0.49788202735436754
2021-05-20,0.35917494533401695,0.8827659987335821,0.5235910533995651,0.6630861756221782,0.7883039706073952,0.4952143462990914
2021-05-21,0.3751628002639673,0.8973880832362474,0.5222252829722801,0.6632834924638797,0.788515260395054,0.5022626353547593
2021-05-24,0.32297142860304096,0.8638313004519863,0.5408598718489454,0.6832315936263862,0.7920284666128352,0.4844561470271691
2021-05-25,0.31720602604702997,0.8537290313659189,0.536523005318889,0.6745080007154944,0.7910462401336329,0.4914711044708195
2021-05-26,0.3509614195620392,0.8757626225626569,0.5248012030006177,0.6672516773739362,0.7883506193603727,0.4841019111345552
2021-05-27,0.44345768379925643,0.9213979811811811,0.4779402973819247,0.6875219056733689,0.7874723311677003,0.47360351377923315
2021-05-28,0.49298747982703195,0.9232802117485817,0.4302927319215497,0.6578347212671587,0.7743325764452306,0.4905560798990255
2021-06-01,0.5496694337564869,0.9348735909156466,0.38520415715915973,0.6404108743657899,0.770117579411776,0.5152919713866833
2021-06-02,0.5875714700588257,0.9612989906656557,0.37372752060683,0.6404433763108887,0.7698950498602917,0.509970990708475
2021-06-03,0.47366514831990314,0.9253809907303572,0.45171584241045404,0.6921959701331055,0.7787349888115916,0.48567269510949734
2021-06-04,0.470449851504407,0.9200148495463225,0.4495649980419155,0.7275291634794435,0.7906302247571501,0.49573060319337087
2021-06-07,0.4943234633917666,0.9315818174509816,0.437258354059215,0.6628163915113644,0.7914509553987463,0.5709649820412352
2021-06-08,0.43156282894416287,0.9085063772020503,0.47694354825788743,0.683326795838046,0.7967531931891185,0.5365295021855254
2021-06-09,0.3398582158607133,0.9031735575680634,0.5633153417073501,0.7001440383237578,0.7989067515881949,0.4635741867436521
2021-06-10,0.3554709940715778,0.8978802841537633,0.5424092900821855,0.6912944394856746,0.7944491988308785,0.4739723072015254
2021-06-11,0.38929856592936696,0.9432322513557913,0.5539336854264243,0.6994620526619473,0.7992813031439129,0.4503184971204007
2021-06-14,0.3895453599609323,0.9450874743493027,0.5555421143883704,0.6964644422634931,0.7990262415256806,0.4505147239075851
2021-06-15,0.35664569800509227,0.9111495906782996,0.5545038926732073,0.720656805028299,0.7979628025663464,0.44980059631967834
2021-06-16,0.361388463185185,0.9144237350185022,0.5530352718333171,0.7112949714677224,0.7974013057019214,0.4525525407814301
2021-06-17,0.36643287977640937,0.9173950682434642,0.5509621884670548,0.7187698313841415,0.80124024853413,0.4417228267793307
2021-06-18,0.4015789524027139,0.9478575857808758,0.5462786333781618,0.7611014644699255,0.7997501560460314,0.4092053429409423
2021-06-21,0.38961345685817705,0.9678811345514655,0.5782676776932885,0.7940314507079693,0.8203452021563684,0.36974306622823655
2021-06-22,0.38791072610968813,0.9863341330860095,0.5984234069763213,0.8257266196341476,0.8347931674167806,0.3394154107223443
2021-06-23,0.3362377475883237,0.9523317486464847,0.616094001058161,0.8251536250343479,0.8387607322166422,0.33743753171731705
2021-06-24,0.3577417554084841,0.9816900949226903,0.6239483395142063,0.8392773093502873,0.8386212932495651,0.3235163666084016
2021-06-25,0.35025586398562936,0.9731644732418533,0.6229086092562239,0.8343396427287586,0.8416076910392546,0.32713022282592047
2021-06-28,0.41389874162932205,1.0261819887422896,0.6122832471129676,0.8068433329299227,0.8416170831277695,0.3669405361592904
2021-06-29,0.39663883255174825,1.0224149216268201,0.6257760890750719,0.804750091560089,0.8429525242454594,0.3664298094821109
2021-06-30,0.4185269786859035,1.033021829605125,0.6144948509192215,0.8079949222987644,0.8430301143435626,0.3725253051177297
2021-07-01,0.44233797163510213,1.047787861203681,0.6054498895685789,0.8140418105950467,0.8442857812995022,0.36850594302481937
2021-07-02,0.44978838436067425,1.0554242027817007,0.6056358184210264,0.8233800070939064,0.8513875534124709,0.3656669312456569
2021-07-06,0.5166107215673782,1.1145797533259176,0.5979690317585394,0.8347546383107878,0.8659989175856483,0.36643283578168445
2021-07-07,0.517789401906034,1.1138285651444717,0.5960391632384378,0.827557777629018,0.8709452863274845,0.3673189266516292
2021-07-08,0.5047555918111859,1.1017319782031538,0.5969763863919679,0.8280115015180032,0.868185221076858,0.36229571048919024
2021-07-09,0.5295062160982719,1.1219088080907624,0.5924025919924906,0.8478429003194021,0.8698059624123304,0.3589074560837203
2021-07-12,0.529755625934544,1.1238966604612615,0.5941410345267175,0.8581944393784597,0.8780254140635577,0.36374454604170714
2021-07-13,0.5085011010621578,1.1228046172727741,0.6143035162106163,0.8563941135226663,0.8797598494894305,0.3664078208952427
2021-07-14,0.5407509680949952,1.147853272664351,0.6071023045693559,0.8609788758362535,0.8823846322196773,0.3668224006520193
2021-07-15,0.5295514721440628,1.147252780617046,0.6177013084729832,0.8775032570412582,0.8875282452378171,0.3691328781210192
2021-07-16,0.6002435032895712,1.1665991963375881,0.5663556930480169,0.8755904070059284,0.885699836651852,0.3871623765180455
2021-07-19,0.6352971119054481,1.1728074937663866,0.5375103818609385,0.8578924562721448,0.8902538431304499,0.40883013550519515
2021-07-20,0.7093492614435897,1.2379994891380532,0.5286502276944636,0.852648453095123,0.8930801162386308,0.40568834763709277
2021-07-21,0.6705894462699493,1.2125405177522481,0.5419510714822988,0.8689545106190055,0.8829637085453543,0.3978299730993098
2021-07-22,0.6733742970266883,1.2286658731242108,0.5552915760975226,0.8700234487451596,0.8903310223098261,0.4105565772817875
2021-07-23,0.6168349271187319,1.1916640137849086,0.5748290866661767,0.8669503232197133,0.8916961212121144,0.4087522016374817
2021-07-26,0.5767993436208566,1.1542000550947762,0.5774007114739196,0.8908017988117114,0.8860050969224353,0.3846212174963578
2021-07-27,0.5794425592162316,1.1579581105829753,0.5785155513667437,0.8913769699227623,0.8873445711101233,0.38571794821611344
2021-07-28,0.5870018916692316,1.155116531303011,0.5681146396337794,0.8639787937628415,0.884437393499211,0.39137617270587577
2021-07-29,0.5889117523958448,1.155571646534641,0.5666598941387962,0.8663969505505761,0.885006459330328,0.391807995672512
2021-07-30,0.5837520777234622,1.1527747392209735,0.5690226614975114,0.8663688529124766,0.8823665853909782,0.38429736142425824
2021-08-02,0.5580250195753675,1.1409805274967562,0.5829555079213886,0.8656695059278353,0.8860561484592406,0.3761739398820736
2021-08-03,0.5598547797647335,1.1441545525128038,0.5842997727480703,0.8749128255929315,0.8841809725037334,0.3770983651989467
2021-08-04,0.603961773600808,1.1646368905127962,0.5606751169119881,0.8857418480858685,0.8923276663884983,0.37448516175579194
2021-08-05,0.5976558298027094,1.1734492884354732,0.5757934586327639,0.8928429730728447,0.8936326769958687,0.3762029181865498
2021-08-06,0.6137100647409245,1.1877803341930637,0.5740702694521392,0.9088427687087512,0.8949049567198573,0.3802579264811161
2021-08-09,0.6083978530760654,1.1896311827969455,0.58123332972088,0.9000520499844837,0.8921150152052404,0.3744123651918428
2021-08-10,0.5925758199348009,1.2087613274611768,0.6161855075263759,0.9220588319542569,0.9120620887668008,0.3778915310354541
2021-08-11,0.5765122618075493,1.187074097146207,0.6105618353386577,0.9273397207327791,0.9056273269178856,0.37327009314676823
2021-08-12,0.7780792234088979,1.275717011252522,0.4976377878436241,0.8705339286021878,0.9231518628769508,0.45973019675173626
2021-08-13,0.7938798548920755,1.2819158976127474,0.4880360427206719,0.9165626235307215,0.9345842362530015,0.4902825198083698
2021-08-16,0.7916686008789082,1.2761731608636744,0.4845045599847661,0.9110444095043189,0.9408002167453873,0.4805499447043612
2021-08-17,0.7992927606817649,1.2738878188416245,0.4745950581598596,0.8926371673003888,0.9400210770631271,0.48994039287848573
2021-08-18,0.8163700535627866,1.3169704360951504,0.5006003825323638,0.8350033042854854,0.9337975755783096,0.49206108822011546
2021-08-19,0.7959675033297307,1.313176235753199,0.5172087324234684,0.849187557109476,0.9333357416559772,0.45598133531416235
2021-08-20,0.8073909696681373,1.3273763090445896,0.5199853393764523,0.818899442583164,0.9355556087871683,0.4934405983612369
2021-08-23,0.7756281449917133,1.3225951765578792,0.5469670315661659,0.8460337541291076,0.935170173153726,0.48852556259440955
2021-08-24,0.7553599778314919,1.2966145367637694,0.5412545589322775,0.8157597357379078,0.9433155598889964,0.5176224775063538
2021-08-25,0.7767217586027562,1.3108286056332945,0.5341068470305383,0.8107056229041409,0.9410431523493621,0.5184111145618534
2021-08-26,0.7783458631654672,1.3145690576425102,0.536223194477043,0.8084982054263999,0.9405184601410588,0.5198644644796906
2021-08-27,0.7764063937677186,1.3268872134721568,0.5504808197044382,0.7994084688784262,0.9404393643672869,0.5176620392260062
2021-08-30,0.812576890372114,1.3521742284081792,0.5395973380360652,0.8002930303506492,0.9405035741500705,0.5303601051471744
2021-08-31,0.846360196485579,1.3675829108029307,0.5212227143173517,0.8080576493826954,0.9381615235029522,0.5292800474772181
2021-09-01,0.8467314671491107,1.3680261208776248,0.521294653728514,0.796974941726424,0.9378234062844056,0.5298588807258905
2021-09-02,0.8636771957164585,1.3610015341374504,0.4973243384209919,0.8004013754521084,0.9422760860827387,0.5416164166800096
2021-09-03,0.9136267304108188,1.356831314505228,0.4432045840944092,0.8145809675238971,0.9517452267361362,0.5580554211763454
2021-09-07,0.9261671659552816,1.3691048283979892,0.4429376624427076,0.8244922251570981,0.9517703671269963,0.5598785799532853
2021-09-08,0.8684297146495706,1.3340708198997902,0.4656411052502195,0.8301258025203644,0.9546680835043367,0.5539080410034237
2021-09-09,0.8723358521148976,1.3324596792063326,0.460123827091435,0.8235800621073073,0.9525475180315616,0.553259436290372
2021-09-10,0.8524304283667812,1.320892352166738,0.4684619237999567,0.8491641423668944,0.9522284873128584,0.5438241246950398
2021-09-13,0.8695817927009193,1.365089725904264,0.49550793320334474,0.8308295771565852,0.9470067243225645,0.5232664112221471
2021-09-14,0.8688897237615132,1.3618669298642112,0.492977206102698,0.833394440221565,0.9491169534990939,0.5321370552637017
2021-09-15,0.8598846144068689,1.3667813618689366,0.5068967474620677,0.8237216133242171,0.9555422391236722,0.5426058312468421
2021-09-16,0.8903695502217702,1.3710292640541935,0.48065971383242323,0.8367121065097992,0.9544468266245704,0.5707424253437609
2021-09-17,0.8847941093665478,1.3724922565452515,0.48769814717870374,0.8403140117533836,0.9553182397555633,0.5609733120211149
2021-09-20,0.9369439458923216,1.3717719504567227,0.4348280045644012,0.8621272663552155,0.9268189758486446,0.5663622957016899
2021-09-21,0.9895529851680778,1.4004156545878559,0.4108626694197781,0.8645394738470613,0.9193768578923411,0.5346887761042389
2021-09-22,0.976896330043153,1.4027692721672984,0.4258729421241454,0.8648244164865669,0.9213888361772958,0.5365949154707165
2021-09-23,1.0174169771527601,1.4478620498285317,0.43044507267577153,0.8788912596870395,0.9249431122691161,0.5591602114874384
2021-09-24,1.0250754892119343,1.435434938137345,0.4103594489254108,0.8648698387898838,0.9220748252309728,0.5735105562942587
2021-09-27,1.0444383933284587,1.4432776188344993,0.39883922550604073,0.8403341436552141,0.9183181344792892,0.5765755954952964
2021-09-28,1.035349245940114,1.440584810009282,0.4052355640691681,0.8337792323092132,0.9155791801950343,0.5627667576032027
2021-09-29,0.8567400040694633,1.3413872654804808,0.4846472614110176,0.8339369602810562,0.8980545020899162,0.48050463078778194
2021-09-30,0.8436720806366693,1.3373149755094909,0.49364289487282154,0.8333552103777717,0.8979780556116163,0.4768094576802878
2021-10-01,0.8371266795651023,1.329693649792617,0.4925669702275147,0.8289965482645774,0.8978569742229421,0.46954357342229397
2021-10-04,0.8963375831339127,1.3553162307857307,0.45897864765181806,0.8384549544887636,0.9057386005436968,0.4929319553277923
2021-10-05,0.8349842294865171,1.3127959876730337,0.4778117581865167,0.824200006621582,0.8821988119685295,0.47140907005120736
2021-10-06,0.8581715756359547,1.3309796454070257,0.472808069771071,0.8288613231391833,0.8805650527315028,0.47737055322347566
2021-10-07,0.8485801729488522,1.318443134647935,0.46986296169908276,0.8148158696796843,0.8829156067177475,0.4716916303098911
2021-10-08,0.8300918944513966,1.3158037143998185,0.48571181994842183,0.8344144148513708,0.8769407934282748,0.4554765170260699
2021-10-11,0.822092847537591,1.3024598059055847,0.48036695836799365,0.8374556618401497,0.8747775602111502,0.450891386972224
2021-10-12,0.8222437618262385,1.29768368117583,0.4754399193495916,0.8389115134790118,0.8792969471684994,0.44457287179985205
2021-10-13,0.825942390413682,1.3076668991332094,0.4817245087195275,0.8309114352331659,0.8799659987846546,0.4488642930251503
2021-10-14,0.8240344671716219,1.30382180454918,0.4797873373775582,0.8331697865534624,0.8805205261103659,0.441726722300159
2021-10-15,0.7194037239516362,1.1990626751106168,0.4796589511589806,0.843894058143981,0.867857143453431,0.39526573352033945
2021-10-18,0.7080301992293461,1.2140777203562798,0.5060475211269337,0.845072924259836,0.8651371761574685,0.3933630028793316
2021-10-19,0.6863766785212588,1.190910026094561,0.5045333475733023,0.8400477189217297,0.8687011650567352,0.3935301105745002
2021-10-20,0.6077090942685739,1.1488969134735911,0.5411878192050172,0.8265598380746947,0.8699596114494602,0.3619896580094399
2021-10-21,0.5992837934770612,1.1570175359446377,0.5577337424675766,0.8242641370562492,0.8742247885815521,0.3564618880059187
2021-10-22,0.6470398188872978,1.1840720532597566,0.5370322343724588,0.859359848180125,0.8801516638015366,0.37606381185075954
2021-10-25,0.6305938827365163,1.169230884706124,0.5386370019696076,0.855618906505317,0.8775449287091448,0.37479565602211196
2021-10-26,0.6217926278432486,1.1748328622009006,0.5530402343576519,0.876520757449115,0.8809838330329354,0.36926030505954405
2021-10-27,0.6336782674041106,1.181840584111665,0.5481623167075544,0.8750106091888242,0.8828077373720734,0.37151303332892366
2021-10-28,0.6278263424355496,1.1859169680236246,0.558090625588075,0.8485938199224319,0.8875246663405547,0.37143982747072724
2021-10-29,0.5766600249688337,1.1464008907847538,0.5697408658159201,0.8733558441822551,0.8896028991525748,0.3599739646751957
2021-11-01,0.5700234875895486,1.1463746585976409,0.5763511710080923,0.8692483423139711,0.8897118754302992,0.3597710040065247
2021-11-02,0.5814013248003055,1.1528050692776972,0.5714037444773917,0.870979535157391,0.8874387092254135,0.3631246246791979
2021-11-03,0.5877420857851522,1.1512733836023004,0.5635312978171482,0.8762133090599205,0.8841533753548373,0.36783216556032233
2021-11-04,0.5788519497791077,1.135885953549976,0.5570340037708682,0.8504052477720763,0.8769949880218187,0.36539055875687354
2021-11-05,0.5890233473790243,1.1406112136167108,0.5515878662376865,0.8607212675296161,0.8732086449251946,0.3744652954865889
2021-11-08,0.6042788465666775,1.1496082757556818,0.5453294291890043,0.8563882948968131,0.8723805318665717,0.375187349616883
2021-11-09,0.6040348926219111,1.1494673080663536,0.5454324154444424,0.856837347363385,0.87230263673818,0.3750537487589495
2021-11-10,0.5976575091008309,1.1359791586399983,0.5383216495391674,0.8477083814748119,0.8719511157120347,0.37892227760556996
2021-11-11,0.6336190052391149,1.1505798770164735,0.5169608717773586,0.8792586571286245,0.867710002783752,0.40508371993812925
2021-11-12,0.6345240382386723,1.1499977482913422,0.5154737100526698,0.8794598634919939,0.8677950462303315,0.4059050808171054
2021-11-15,0.6305129834376563,1.1394087901839922,0.5088958067463359,0.8936745270730051,0.8639647130013479,0.40866460684018424
2021-11-16,0.5776005270946103,1.1174424336737587,0.5398419065791484,0.8810143831178581,0.8667191860699448,0.398481438635657
2021-11-17,0.6453926611021461,1.1438184280416772,0.4984257669395311,0.8927764635031697,0.856916975977519,0.4053382681785548
2021-11-18,0.6249638469223677,1.12986871442206,0.5049048674996923,0.8882997120991678,0.8585066640877874,0.410405236313524
2021-11-19,0.630439206416893,1.1301407693986076,0.49970156298171464,0.8757461458208697,0.8578880259912237,0.4145164516827109
2021-11-22,0.596184767608384,1.1234662546326866,0.5272814870243026,0.8790744192339517,0.8590485388178658,0.3925438566231604
2021-11-23,0.5891574219168227,1.1092846671830938,0.5201272452662711,0.881262977730835,0.8521900977608537,0.39482246653380676
2021-11-24,0.5866412046253229,1.108760395929255,0.522119191303932,0.8809925450247615,0.8539334704932785,0.3928648238800605
2021-11-26,0.5921621539635419,1.1129544312699473,0.5207922773064054,0.8720400911206874,0.8518204160956314,0.394996223591907
2021-11-29,0.6254745091502056,1.183450070515856,0.5579755613656503,0.9055588898417424,0.8613167518215045,0.40839965481017454
2021-11-30,0.6081903663208496,1.1613862199285487,0.5531958536076992,0.893113450658542,0.8517075861703075,0.4213107064964515
2021-12-01,0.5138118141522887,1.1325353423744116,0.6187235282221228,0.8801312500575036,0.8719231286770419,0.38899470172299566
2021-12-02,0.5525085404134742,1.163235164895924,0.6107266244824499,0.8518260269268938,0.8802516362638845,0.4114922758728925
2021-12-03,0.5284861101760965,1.1529313770923708,0.6244452669162743,0.8691443705298699,0.8881182475881408,0.4197579557853479
2021-12-06,0.5538492825446076,1.1610211124828225,0.6071718299382148,0.8553789043089275,0.8818314314704777,0.43834957746465536
2021-12-07,0.5069843674124356,1.141590911102738,0.6346065436903024,0.8602639121244436,0.8787116350360341,0.4348862920088812
2021-12-08,0.5395378655727245,1.161426046289842,0.6218881807171175,0.8222919359118511,0.8606394255131206,0.44019143928134696
2021-12-09,0.5410474620343665,1.1622842113879663,0.6212367493535998,0.8234263776668747,0.8580471694618196,0.44465174873218605
2021-12-10,0.5454664638445239,1.1596583044037312,0.6141918405592073,0.851036960381043,0.8597908071996976,0.4569990850563493
2021-12-13,0.5130952574492057,1.1328816972742186,0.6197864398250129,0.8580919067476205,0.8533866086748839,0.4416354142352231
2021-12-14,0.5544866205284902,1.1518067256611881,0.597320105132698,0.8343046036501046,0.8476167344688401,0.46954624049724947
2021-12-15,0.5381899283743605,1.1412964324509194,0.6031065040765589,0.8499349362576996,0.8409546491477745,0.4654362111687132
2021-12-16,0.5049377020265807,1.101515567717342,0.5965778656907613,0.7937642858033769,0.8346175292138298,0.456202068916505
2021-12-17,0.5387888562035257,1.1028180463111976,0.5640291901076719,0.779888044108835,0.8213407058380953,0.4847062413783824
2021-12-20,0.504730384650422,1.0798543035026031,0.5751239188521812,0.7768597860562174,0.827858044985262,0.47457781433941487
2021-12-21,0.506258737728725,1.0710673933539605,0.5648086556252355,0.7925574246430342,0.8242918271785721,0.4784577410250929
2021-12-22,0.528746848309137,1.0671746908698174,0.5384278425606804,0.7975822397412862,0.8190447421034288,0.4995072715203308
2021-12-23,0.47351874348790823,1.0363436746943828,0.5628249312064746,0.7517738197891586,0.8156840768710858,0.49181104048420593
2021-12-27,0.4819513898578608,1.0397896928105637,0.5578383029527029,0.74842000854775,0.8153319722142773,0.49390274247631705
2021-12-28,0.5018050224635326,1.0619097502194927,0.5601047277559601,0.7702964673674487,0.8207533020909424,0.49614440044458413
2021-12-29,0.5818495825040393,1.0843828459842753,0.502533263480236,0.8136245968915281,0.822328431198263,0.512482112496935
2021-12-30,0.5823402078994554,1.0847530214953824,0.502412813595927,0.8136946428149294,0.8223588946397892,0.5126146589365499
2021-12-31,0.5957464577031191,1.067291104122331,0.47154464641921195,0.8017156305462751,0.8167803758752744,0.5404207011743748
2022-01-03,0.5944163256132197,1.08724188496788,0.4928255593546603,0.7844303511058381,0.8129393579929372,0.5500553306988823
2022-01-04,0.5775856362978447,1.0675918760195255,0.4900062397216809,0.7945759021697617,0.8301823091368538,0.5686675695151321
2022-01-05,0.5577081515463558,1.0713804340804622,0.5136722825341065,0.7878935823856421,0.8310426320814805,0.5692521374165552
2022-01-06,0.6198059964076059,1.0724208475292383,0.4526148511216324,0.8126585621268816,0.8220941308524848,0.5929188925235406
2022-01-07,0.6122766010715928,1.0671122812830856,0.4548356802114928,0.8163018591876289,0.8226199313377703,0.5971937198379278
2022-01-10,0.6182600860821992,1.0712555418391818,0.45299545575698263,0.8086075897978233,0.8185480403321796,0.6036519055156766
2022-01-11,0.6658972206541355,1.0869465680800567,0.42104934742592126,0.8246999231836194,0.8130020859024142,0.6141843489025536
2022-01-12,0.6558756278240875,1.0848762534069536,0.4290006255828661,0.8151073972629888,0.809875839270425,0.6214922985918521
2022-01-13,0.6563365746367441,1.0824549967385864,0.42611842210184225,0.8142866031280755,0.8096722883791104,0.6211168241545246
2022-01-14,0.7037197236904014,1.1284338816540929,0.4247141579636915,0.7873366054431006,0.8066167416989848,0.6469029872461278
2022-01-18,0.6746115046747309,1.0982209178968099,0.423609413222079,0.7863406968552946,0.8052976135822635,0.6491360669770115
2022-01-19,0.6447824789654621,1.0636912077269276,0.41890872876146545,0.7581724829649651,0.8068166283946854,0.6206469654934069
2022-01-20,0.653753089911103,1.086133556330041,0.4323804664189379,0.7454785543290283,0.801045455846144,0.6325698436808447
2022-01-21,0.6624043660317128,1.1087050845397384,0.44630071850802555,0.7385765866185935,0.7995404517958691,0.6349241981409458
2022-01-24,0.7357149943103426,1.1711996986908335,0.4354847043804909,0.7149215713426462,0.8107016184780342,0.6324343768437123
2022-01-25,0.736992757299169,1.1669350387825401,0.4299422814833711,0.7147260817808694,0.8089868627973827,0.6328793595596421
2022-01-26,0.7481306753972428,1.1728966621183232,0.42476598672108046,0.7081437127355877,0.801342923789423,0.6302437855011752
2022-01-27,0.7465331940602187,1.1719496083213954,0.4254164142611767,0.7087781452082981,0.8001835493212959,0.6289724782451704
2022-01-28,0.7322207377264465,1.1448629323637292,0.41264219463728274,0.7042195014433021,0.7963352867236426,0.6387888297482579
2022-01-31,0.6068923475465393,1.049673479846825,0.4427811323002857,0.6758740131083258,0.7862357248531637,0.6049224552123855
2022-02-01,0.5886931167457689,1.0186218580052238,0.4299287412594549,0.6944488482045089,0.8012869434262894,0.6328088984610272
2022-02-02,0.5991165000550741,1.0269745118603641,0.42785801180529004,0.7066736732390235,0.8052784687962251,0.6327621856703173
2022-02-03,0.5765013655811746,1.016204268970722,0.4397029033895474,0.7052296240162241,0.8050882747242417,0.624668353995459
2022-02-04,0.5963687170223123,0.9994128195095124,0.40304410248720013,0.6669831624581006,0.8041244746702026,0.6310301404914246
2022-02-07,0.6238287023600928,1.0157807763459505,0.3919520739858578,0.6977497859219649,0.8059366787247723,0.6312540508095922
2022-02-08,0.6080585065100212,0.9976975793199618,0.38963907280994053,0.6993063940038058,0.8053708631312292,0.6329046740565488
2022-02-09,0.6107076483885931,0.9971992553219828,0.38649160693338974,0.7130730738902374,0.7987496893437006,0.6320068766685487
2022-02-10,0.6406077404512394,0.9872392694433267,0.3466315289920873,0.6915618023205943,0.798155389986652,0.633874128285471
2022-02-11,0.5901355500852201,0.9601369972477558,0.37000144716253575,0.721084258066807,0.8026290045961677,0.6094503009221652
2022-02-14,0.6051407988989053,0.9628535256165077,0.3577127267176024,0.7445261276059386,0.8050262318630915,0.6205679150671183
2022-02-15,0.6012902651474158,0.9637238206412668,0.36243355549385103,0.7578656174947447,0.807603499678312,0.617421949667479
2022-02-16,0.6038675041631375,0.9556435705299908,0.3517760663668533,0.7209068707667659,0.8029931192334886,0.628973501339453
2022-02-17,0.6031663356341748,0.9594907676569775,0.35632443202280273,0.7216924637994815,0.80409216601312,0.6266811560601083
2022-02-18,0.6571052195203697,0.9815541458700294,0.32444892634965966,0.6938815286209643,0.8059639609663521,0.6280684003806806
2022-02-22,0.6562848950252622,0.9849528172903699,0.3286679222651076,0.699411235168905,0.8075287957535948,0.623741739397192
2022-02-23,0.6534458401740666,0.980676379117806,0.3272305389437395,0.6989148353150821,0.8088882045261243,0.619453273539031
2022-02-24,0.6283677767812301,0.9769375590849771,0.348569782303747,0.6929713879314066,0.8128999736864402,0.6134932716624535
2022-02-25,0.5981577717149644,0.9546762191877131,0.35651844747274863,0.6822599889662863,0.8044777257632174,0.6387091836015515
2022-02-28,0.5260418182786906,0.9545580227024693,0.4285162044237787,0.7124064055387853,0.818977093457052,0.592679061497282
2022-03-01,0.528667286398893,0.9153385423765672,0.3866712559776742,0.7179613310334998,0.814904315940064,0.6140456961523721
2022-03-02,0.6022928578641534,0.9802221925529914,0.37792933468883794,0.7121707402178237,0.8205562187276225,0.604503247226469
2022-03-03,0.6649434361259442,0.9979976929125318,0.3330542567865876,0.7219895399514273,0.8142037338319459,0.6122268392977785
2022-03-04,0.6792898121877213,1.0040257293576644,0.32473591716994304,0.7167967397356481,0.8101764243749963,0.6105470942360237
2022-03-07,0.7095988409010034,0.9980849605746032,0.2884861196735997,0.7100226626351228,0.8012908894798253,0.6260425869186927
2022-03-08,0.735914951661559,1.0435172155190489,0.3076022638574899,0.7019841132190002,0.8010014178234552,0.6147976616247367
2022-03-09,0.7174162627333026,1.0227215508589096,0.305305288125607,0.7024113029305736,0.8004464768239363,0.6199281756660265
2022-03-10,0.7618447523683218,1.068726989056101,0.3068822366877792,0.6722827145224666,0.8024292672809504,0.6322742812098839
2022-03-11,0.7586145358585212,1.0700474898762649,0.3114329540177437,0.6697573925815149,0.8029654612951236,0.6334018392231724
2022-03-14,0.7715726809816223,1.0826562580859318,0.3110835771043094,0.67433812062458,0.8036186701508619,0.6312824310483983
2022-03-15,0.813462683794616,1.099195416806794,0.28573273301217794,0.6636859714672874,0.8052745366283568,0.6405277123969033
2022-03-16,0.7419205351755506,1.0608774353936883,0.3189569002181377,0.6818204901025211,0.8042222711132088,0.646260781254553
2022-03-17,0.7721493088042548,1.0874621269213651,0.31531281811711026,0.6814800547823648,0.8097340527025574,0.6598166943111688
2022-03-18,0.7997292865737526,1.1051109660294482,0.30538167945569555,0.6916088882117957,0.8150416996658174,0.6501081949366841
2022-03-21,0.7931604868649744,1.1155241854661568,0.32236369860118247,0.7062746626532688,0.8193668301103034,0.6497425553722502
2022-03-22,0.7925922802204522,1.0970879022184243,0.3044956219979721,0.6958607143509907,0.8135053115925881,0.6596392712994795
2022-03-23,0.8185293159890888,1.107869443915312,0.2893401279262232,0.6937752067254018,0.8135845153078836,0.6649649490680519
2022-03-24,0.7901311912422693,1.1128252744371605,0.32269408319489123,0.7133231878871857,0.8153455584641093,0.6615379206107279
2022-03-25,0.7891958018506764,1.102071344516097,0.3128755426654206,0.7015955861038476,0.8119900373530619,0.6669971274260655
2022-03-28,0.794442710301891,1.1109395060054839,0.31649679570359285,0.7056350236259006,0.8137746135788906,0.6616469901643052
2022-03-29,0.7965040602071075,1.1078720428933244,0.3113679826862169,0.7002782449490677,0.810083708868472,0.6700046692117085
2022-03-30,0.7791753869236002,1.0964768936270242,0.31730150670342394,0.7142012733721668,0.8105354637947989,0.669738929787089
2022-03-31,0.7871753429931805,1.1049315978004688,0.3177562548072883,0.7109658428954049,0.8099062906913012,0.6722066584313746
2022-04-01,0.8031018195511237,1.1242176348075716,0.321115815256448,0.71052875530899,0.8154502982277376,0.665937375711653
2022-04-04,0.796001777759877,1.1232743019614069,0.32727252420152986,0.7181249971507793,0.8160220126607471,0.6635257923440706
2022-04-05,0.770420107351228,1.0938249861157403,0.3234048787645123,0.7240444069278059,0.8120795640844107,0.6653280684010962
2022-04-06,0.7714882104696343,1.0880886009890047,0.31660039051937044,0.7018252352211392,0.8121153454351793,0.6673187244563081
2022-04-07,0.7928822888100135,1.1158384230919807,0.3229561342819671,0.7124681460170411,0.8116646791328571,0.6715823129461687
2022-04-08,0.7870994948236094,1.1140259790040128,0.32692648418040343,0.7076912811483299,0.8118472956016174,0.6692102636881317
2022-04-11,0.7895614047550202,1.1150060669987825,0.32544466224376223,0.70702767190929,0.8124912862033657,0.6690008962081267
2022-04-12,0.7843546461946359,1.1032955038403867,0.31894085764575075,0.6898306120455004,0.8137833967531807,0.6581618412304776
2022-04-13,0.7792098655431399,1.1039973454753014,0.32478747993216145,0.6813457964238341,0.815333794844721,0.659566121617275
2022-04-14,0.78054268012114,1.1066006750194557,0.32605799489831566,0.6809637062741283,0.8146615452801877,0.6589370122857061
2022-04-18,0.7599187057131935,1.0927563394027473,0.33283763368955377,0.6949117057315515,0.8157418229534827,0.6593352483938066
2022-04-19,0.7634876626442146,1.0945310718205754,0.3310434091763607,0.6943015862264619,0.8159487097922834,0.6592644461112682
2022-04-20,0.8295334831270422,1.1547177296565152,0.32518424652947303,0.72579574030048,0.8186448111411632,0.6654631716879966
2022-04-21,0.8330868121894867,1.1553802502864836,0.32229343809699695,0.7326645999808901,0.8208248750303151,0.6682529772953104
2022-04-22,0.8578676880914589,1.1526693301675364,0.29480164207607745,0.7406934487947007,0.8231385191410049,0.6673282381961745
2022-04-25,0.7844305089415423,1.137499943519679,0.3530694345781368,0.7670967215126419,0.8260555085595958,0.6236886977577784
2022-04-26,0.7762014009705285,1.1394383295351345,0.36323692856460604,0.7665529246975866,0.8246521748250317,0.6262911047451295
2022-04-27,0.7888506915180745,1.152298742003827,0.36344805048575257,0.767778051781583,0.8373760201168559,0.6156632804479301
2022-04-28,0.7880233414306327,1.152011852491454,0.3639885110608213,0.7669001624404964,0.8358763049316587,0.6149556059315479
2022-04-29,0.771031082496511,1.1533814774264188,0.38235039492990786,0.7312661721562942,0.8456306819327101,0.6132215327957097
2022-05-02,0.742924436211162,1.1392318836315676,0.39630744742040563,0.7759108367807199,0.8563146171815662,0.5857843004226194
2022-05-03,0.7603851006773754,1.1563729265436382,0.3959878258662628,0.7708438712067904,0.8501427355519381,0.5804544375254728
2022-05-04,0.7567210837104248,1.1609153171300202,0.40419423341959543,0.7772494423923877,0.8485337816079459,0.5778956268391832
2022-05-05,0.7440639571266888,1.1639902562042026,0.4199262990775138,0.7719339377088879,0.8634279797280349,0.5623549850713171
2022-05-06,0.7220779776239139,1.1726863829453111,0.4506084053213972,0.8078898385886488,0.8669977549331175,0.5460393140133792
2022-05-09,0.7168863374381054,1.1688257460227707,0.45193940858466536,0.8213208646679724,0.8655977415804631,0.5439000746526855
2022-05-10,0.7336208517492939,1.1748291900083208,0.4412083382590269,0.8086530663659487,0.8757785057876826,0.5333537105631716
2022-05-11,0.7276009182105311,1.17041038226444,0.442809464053909,0.7995046761559337,0.8779955247757208,0.5334821451397208
2022-05-12,0.7151414859936638,1.1716140065043934,0.4564725205107297,0.8058868953736129,0.8768838801481429,0.5367157568607306
2022-05-13,0.7337687325896993,1.1805667319610724,0.44679799937137304,0.8103020588483625,0.8772357682575466,0.5449122800702206
2022-05-16,0.7271877571580236,1.1786445581275011,0.4514568009694775,0.8165821276129694,0.8847698691124962,0.5471852969900333
2022-05-17,0.7286051653292829,1.177789470133824,0.4491843048045412,0.8154074759297506,0.8842453203581785,0.549922731040514
2022-05-18,0.746096776245035,1.2002578562849924,0.4541610800399573,0.8591622180933077,0.8885939186402821,0.5489808953995144
2022-05-19,0.6630438704061886,1.1629751832792676,0.499931312873079,0.8539307171939144,0.8866784723860397,0.5232584146863805
2022-05-20,0.628916434385983,1.1394175481570843,0.5105011137711013,0.8438921571230142,0.8869164721766031,0.5180253551279668
2022-05-23,0.6300142456265286,1.138242800080543,0.5082285544540143,0.8457159391986835,0.8867769722698616,0.5179042420104089
2022-05-24,0.6387187736550418,1.1565535371097657,0.5178347634547239,0.8794479859090839,0.8908366630620841,0.5081448174725554
2022-05-25,0.6738559991775076,1.1672383936963064,0.49338239451879884,0.8801288659936254,0.8890831510127052,0.5159957081059443
2022-05-26,0.6869785773847066,1.1817632234248105,0.49478464604010397,0.8787524884285325,0.8934113408615929,0.5072548649251762
2022-05-27,0.6788316931508699,1.1908049853724376,0.5119732922215677,0.8728475349556487,0.8873897665443831,0.5364846785788182
2022-05-31,0.6636948453038425,1.175805967104678,0.5121111218008356,0.8760602203840853,0.8863748141993242,0.5337168953976048
2022-06-01,0.6460077651548046,1.1652001945872759,0.5191924294324712,0.8730706366971356,0.8856364255422784,0.5294011263814778
2022-06-02,0.656941577647457,1.1787734245044361,0.5218318468569791,0.874634819855076,0.886002006616357,0.5352483916390706
2022-06-03,0.6322060266733109,1.162462090364372,0.5302560636910612,0.8696009521502703,0.8882956225490308,0.5429786024316547
2022-06-06,0.6335636503566431,1.1525218403905035,0.5189581900338605,0.8696650114381504,0.8879497381513158,0.5413204700510265
2022-06-07,0.605030166886183,1.1473597770817676,0.5423296101955846,0.8641866155274955,0.893036420744026,0.536625520386054
2022-06-08,0.6030095988356209,1.1467326452449411,0.5437230464093202,0.857194375774265,0.8928372536331021,0.5375124954642836
2022-06-09,0.5745886801628166,1.1274056815455586,0.552817001382742,0.8503890562260095,0.8986258604556047,0.5241465063010172
2022-06-10,0.5782844918731933,1.1345941496520284,0.5563096577788351,0.8472437623478737,0.9022969411254297,0.5113362575929131
2022-06-13,0.5948853590877505,1.1424912249408627,0.5476058658531122,0.8579879993026761,0.9071190945959399,0.5042922232275767
2022-06-14,0.5601094410745717,1.1357088117341263,0.5755993706595546,0.8382095304265407,0.9178228404737107,0.48778599533256395
2022-06-15,0.554507130292438,1.1320232525668994,0.5775161222744614,0.8408872654305128,0.921941637989402,0.4818296435981655
2022-06-16,0.5845788466962085,1.163740169157658,0.5791613224614496,0.823551340537283,0.9249681822027882,0.4798661611468614
2022-06-17,0.5650607311872409,1.1450657762333338,0.580005045046093,0.85788064594604,0.9223208712988019,0.4791973620196367
2022-06-21,0.5543354960101164,1.1355782723038614,0.581242776293745,0.8498234918260851,0.9228329132773495,0.4745741354517899
2022-06-22,0.5514965182990058,1.1266881592134055,0.5751916409143997,0.8634906042615559,0.9248584315631867,0.45673742404524603
2022-06-23,0.5552311280662617,1.1346925714198233,0.5794614433535615,0.8701849902453493,0.9267634732564753,0.4546969238511661
2022-06-24,0.559356995500198,1.1457455061964663,0.5863885106962683,0.8597556554523731,0.9260485116317726,0.4516324272404128
2022-06-27,0.5731918365162281,1.164184100476449,0.590992263960221,0.8682894993261396,0.931170924133707,0.45076493601850903
2022-06-28,0.5796475016831252,1.1642509048453515,0.5846034031622264,0.8649119453073383,0.9302582080733732,0.45344021143412677
2022-06-29,0.5663440387507319,1.150650866918216,0.5843068281674841,0.8600510684501556,0.9300585996142041,0.45463951443480916
2022-06-30,0.5654898854239047,1.1424229234423409,0.5769330380184362,0.8685720462172515,0.9308778206945232,0.4538866658199307
2022-07-01,0.5679817865830659,1.1421385307868557,0.5741567442037898,0.8704766141685238,0.931129618526335,0.4539999118917243
2022-07-05,0.5729766124817278,1.14814509704218,0.5751684845604522,0.8641462189437994,0.9313334444223732,0.44832735330556045
2022-07-06,0.5785522232382155,1.1450016189346082,0.5664493956963926,0.863678404901163,0.9300565208548844,0.45296809825965584
2022-07-07,0.5768348845551973,1.15219569803063,0.5753608134754328,0.8640306856262847,0.9310755105549492,0.44788422351937063
2022-07-08,0.580683647794343,1.1579115049315547,0.5772278571372117,0.8714398718174198,0.9323695338870235,0.44913941943874536
2022-07-11,0.5714902895884102,1.16518299755008,0.5936927079616698,0.8734264263357592,0.9343706123084652,0.44379846746156776
2022-07-12,0.5749464992333002,1.1618897336215834,0.5869432343882832,0.8693550388287821,0.934390577534775,0.44890325736177944
2022-07-13,0.5762998951636746,1.1631256550420725,0.5868257598783979,0.8679569976700532,0.9341881742511225,0.4473774600639036
2022-07-14,0.581363646013835,1.160255644327891,0.5788919983140561,0.8673011486434621,0.9349181457655953,0.44624436647238813
2022-07-15,0.581046652571009,1.1598513117321727,0.5788046591611637,0.8679660499108857,0.9349824147651181,0.44616138294608876
2022-07-18,0.5718488648929609,1.1498326268428722,0.5779837619499113,0.8762496431883358,0.9425547933609688,0.4434564085285541
2022-07-19,0.5656506371680167,1.1451887789121031,0.5795381417440865,0.8762015485693946,0.9432416444738492,0.4378917497499603
2022-07-20,0.5472216364884405,1.1352748963555825,0.5880532598671421,0.8890778454725353,0.946261735230784,0.4390650117478022
2022-07-21,0.5400447578086156,1.1356078890989239,0.5955631312903082,0.8862229072577953,0.946781858608056,0.444158926305022
2022-07-22,0.5388018586333239,1.1342835349665792,0.5954816763332553,0.8850175193069112,0.9467068317792565,0.4483163911885649
2022-07-25,0.5411844242322532,1.1342084970000568,0.5930240727678036,0.8881491140227111,0.9465904336615087,0.44803787578730486
2022-07-26,0.5560781279927929,1.1448139146430836,0.5887357866502907,0.8704794999953599,0.9469014780637932,0.4618033823356487
2022-07-27,0.5742509503607741,1.1468144419358297,0.5725634915750556,0.868850969121963,0.9477242263542218,0.465373405292277
2022-07-28,0.6170514684403265,1.1766397241044868,0.5595882556641603,0.8514631663746403,0.9389151340390107,0.46962442891871453
2022-07-29,0.6413370794287035,1.1820535330538775,0.540716453625174,0.8485722580536116,0.9396138789297965,0.46559367849813377
2022-08-01,0.6458612086639829,1.1847102866541728,0.5388490779901899,0.8711891777384175,0.9374068786745244,0.4641063582117897
2022-08-02,0.647604845316358,1.1644073029240367,0.5168024576076787,0.8918218544658162,0.9377265494045223,0.4812458876883615
2022-08-03,0.6459145128753758,1.1672371181212553,0.5213226052458795,0.896099276969748,0.9395282056634986,0.47605196803539535
2022-08-04,0.643501094599578,1.164586499229242,0.521085404629664,0.8807274302874548,0.9349062662499488,0.4764155364406994
2022-08-05,0.6695649458443949,1.1719754510303233,0.5024105051859284,0.8533699059065765,0.9288262966995524,0.4887333256207815
2022-08-08,0.7026574698482604,1.193983959811497,0.4913264899632365,0.8812780041903251,0.9334851429493844,0.48652989216516473
2022-08-09,0.701377129550107,1.1966994957654526,0.4953223662153456,0.8901247971518671,0.9351055981580382,0.4855601360772372
2022-08-10,0.6345494824173712,1.1621292331780366,0.5275797507606654,0.8545636261851193,0.9273374158955863,0.4760643394754352
2022-08-11,0.6515996492866147,1.1761852748212063,0.5245856255345915,0.8605178891910739,0.9265250038764606,0.47943185019356604
2022-08-12,0.6303918189481958,1.164940226728661,0.5345484077804652,0.8625851651828346,0.9292940999551477,0.47018949439155816
2022-08-15,0.6359947015879566,1.1713385363219038,0.5353438347339472,0.8657197294669092,0.9295902441159907,0.46611012104160865
2022-08-16,0.635040368369386,1.1753430400589584,0.5403026716895724,0.8685530270015172,0.9257730189401929,0.4546573779163112
2022-08-17,0.6268076280465686,1.171053348712837,0.5442457206662683,0.8686681755211103,0.9264243230032215,0.45114877080716626
2022-08-18,0.5445523424121352,1.1477222150909965,0.6031698726788612,0.8630890903850066,0.92758666716356,0.4450614317341104
2022-08-19,0.603066171293976,1.1620892205692703,0.5590230492752943,0.8992388945720251,0.9355708913049562,0.4639131064885584
2022-08-22,0.616580060099683,1.1666533600971845,0.5500732999975014,0.8985675899375203,0.9363353552364971,0.47326542775067904
2022-08-23,0.6053940890817867,1.1692738185007032,0.5638797294189165,0.8879553511046088,0.9364430504110456,0.4700182419011261
2022-08-24,0.6063602708737427,1.165056338990332,0.5586960681165892,0.8560612330410846,0.9324956334082862,0.4811786647686622
2022-08-25,0.5998302304406389,1.1661729223074355,0.5663426918667966,0.8679530565824329,0.9354841898728907,0.4692570922849182
2022-08-26,0.594000561160217,1.1623454428573718,0.5683448816971548,0.8682692010209919,0.9359585813917184,0.4652586494186855
2022-08-29,0.5547028623419157,1.1461861706538259,0.5914833083119102,0.8777249955591269,0.9371146311276891,0.44968162608156503
2022-08-30,0.551821066260589,1.1561524122262297,0.6043313459656406,0.8754242923251779,0.9396770921073865,0.4540026150534469
2022-08-31,0.5533320956754506,1.1586043105988804,0.6052722149234298,0.8704824605904702,0.9414366228106406,0.45371253537609674
2022-09-01,0.553544253061386,1.1552502887592877,0.6017060356979017,0.8650404799451472,0.9417851040201648,0.45401973529116646
2022-09-02,0.530654794834881,1.1531570995834202,0.6225023047485392,0.8794069843215246,0.9402034484082123,0.4388726496860168
2022-09-06,0.5289727204209284,1.1544936029560369,0.6255208825351085,0.8779752929854678,0.9446734292723095,0.43201226895575345
2022-09-07,0.5281432919229548,1.1554993367343926,0.6273560448114378,0.876294409178935,0.9455415638511174,0.4321904614407019
2022-09-08,0.538815544433576,1.1580354283460006,0.6192198839124246,0.8791956076427504,0.9441370832087561,0.430921555410534
2022-09-09,0.5353745036370794,1.1558097197186812,0.6204352160816018,0.8820893958296836,0.9466005698230612,0.43600759130247857
2022-09-12,0.510274044403537,1.1409631971596224,0.6306891527560854,0.8754566567628284,0.9451898911734861,0.4446921605418653
2022-09-13,0.4695890755395883,1.1104952533688266,0.6409061778292383,0.8959574540532143,0.9417218822007172,0.4403455350381418
2022-09-14,0.4932282505763035,1.0938430866868822,0.6006148361105788,0.8985675355033318,0.9349077894985179,0.43944757035111226
2022-09-15,0.48932292520394904,1.0943181921127425,0.6049952669087935,0.8922522904165764,0.9340894220700663,0.4421571487132399
2022-09-16,0.4743726392672809,1.088593253141612,0.6142206138743311,0.8696435121234425,0.9314631671676449,0.4260493115011088
2022-09-19,0.516225571321064,1.0889486495914822,0.5727230782704182,0.892312469491253,0.9349912132711636,0.42874439217255694
2022-09-20,0.5104280208442814,1.087075764211426,0.5766477433671445,0.895910692448337,0.9355732588118875,0.4283051451553479
2022-09-21,0.6047040400634298,1.1183384125736386,0.5136343725102088,0.9063533571977576,0.9357626903498761,0.4577042827714606
2022-09-22,0.6043755389889341,1.1266370451931407,0.5222615062042065,0.919603935963838,0.9381258482762707,0.44808302256093835
2022-09-23,0.6188673779690941,1.1583383438019657,0.5394709658328716,0.9201611217203667,0.9394984694944346,0.4557484144054394
2022-09-26,0.5954179577264711,1.1734967052759704,0.5780787475494993,0.9236096265130479,0.94413856975255,0.44579642240596457
2022-09-27,0.5816937458255553,1.175483991243745,0.5937902454181896,0.9348798760146484,0.9480552071963424,0.4401355058833458
2022-09-28,0.5771683144421853,1.1964842480708446,0.6193159336286593,0.9211685525450706,0.9527122094737973,0.43035159453098143
2022-09-29,0.5920250996431313,1.213495083270148,0.6214699836270168,0.944102383446459,0.9578043208032978,0.42980956003462645
2022-09-30,0.5342208578281971,1.1893339681746236,0.6551131103464265,0.9315825676568168,0.9603257767450527,0.42263012588412285
2022-10-03,0.550749708942609,1.1929631414495288,0.6422134325069198,0.9368174860391303,0.960518429779484,0.4313975519312862
2022-10-04,0.5022632724799916,1.1824710697289442,0.6802077972489526,0.9440416401492855,0.964709507443821,0.40285710729184876
2022-10-05,0.5126405758581117,1.1917214697522214,0.6790808938941096,0.929548805451051,0.9661497188895567,0.392504696441274
2022-10-06,0.5080495389804311,1.199964981636481,0.6919154426560499,0.9333597130900625,0.9660352483147094,0.38592453238666746
2022-10-07,0.5021570024113327,1.199175685997905,0.6970186835865724,0.9387542638976756,0.9688082937367355,0.37832757860228095
2022-10-10,0.4654892914424109,1.1775837644367706,0.7120944729943597,0.9318662268219665,0.9689721728007742,0.3813906455263797
2022-10-11,0.46256601051011836,1.1688527124359998,0.7062867019258814,0.9353073125379794,0.9689573387455283,0.3835203178072027
2022-10-12,0.47930054623992435,1.1767906470199982,0.6974901007800739,0.9312775710138914,0.9698980990560011,0.3868206569589336
2022-10-13,0.4711309227550029,1.1748769205528429,0.70374599779784,0.9305329524949365,0.9694146116727852,0.3859852585313226
2022-10-14,0.4153260746088374,1.1489861583733159,0.7336600837644784,0.953106142679736,0.9711074903658384,0.3656424117759477
2022-10-17,0.414927219308566,1.1447238196388918,0.7297966003303258,0.9459905993661977,0.9662715035965308,0.37109515375849733
2022-10-18,0.37954970181573855,1.1139196612819968,0.7343699594662583,0.919101711047513,0.9648657245820581,0.36628501258306934
2022-10-19,0.38400966018667815,1.1248985372739875,0.7408888770873093,0.9230301050598158,0.9658529968940457,0.3547818452493259
2022-10-20,0.3809558616274915,1.1304329715896146,0.7494771099621231,0.9218791812615397,0.9661465953330338,0.3473730300057392
2022-10-21,0.3772401602290886,1.130801746197157,0.7535615859680683,0.9328677272160399,0.9666133385902368,0.3426399354442719
2022-10-24,0.406531447512799,1.1512007054119775,0.7446692578991785,0.931229012031024,0.9650019593660175,0.3382772978379323
2022-10-25,0.39079082956558386,1.1504820946369427,0.7596912650713589,0.9375259730728954,0.9638068609266276,0.32531155782402416
2022-10-26,0.3580642936424864,1.1506923123544546,0.7926280187119682,0.956195753114331,0.9742911423487217,0.3151741464231394
2022-10-27,0.37682262463572014,1.1595523444138067,0.7827297197780866,0.9588978941218276,0.9717870486612612,0.32284505109876377
2022-10-28,0.3879077075357831,1.1522389331184126,0.7643312255826296,0.9660924396871415,0.9721555194718632,0.32276298077318777
2022-10-31,0.4109718242919662,1.134401662233319,0.7234298379413528,0.9477430760577473,0.9694108466235762,0.31342078463241874
2022-11-01,0.41918697342187616,1.1325551520701778,0.7133681786483016,0.9415019705531639,0.9679992792775624,0.3164929044622626
2022-11-02,0.37044516833191543,1.133921560245664,0.7634763919137486,0.9526316100689448,0.9729331719316942,0.3111265700545359
2022-11-03,0.361264012780806,1.1155216338020424,0.7542576210212364,0.9566467404805331,0.9652401072113752,0.3096159381737272
2022-11-04,0.34771940560167414,1.094584771956968,0.7468653663552938,0.9547817561683941,0.9613611099806226,0.3080746034351768
2022-11-07,0.37219162977230513,1.1078005735934224,0.7356089438211173,0.9600373666786703,0.9620604440661042,0.31029087693075663
2022-11-08,0.38174308265418244,1.1189669760997172,0.7372238934455347,0.9436720855922355,0.9606831760175644,0.308846522605711
2022-11-09,0.3568692221923615,1.113862675376776,0.7569934531844145,0.9620045085867865,0.9636642009787967,0.2966297387778781
2022-11-10,0.32273500290637225,1.1037304755268444,0.7809954726204722,0.9499846899081754,0.9652210476962894,0.2975747530539233
2022-11-11,0.3971471552261261,1.1216460163886568,0.7244988611625307,0.9674273911170315,0.966511906691124,0.3418347026903236
2022-11-14,0.39256458260746496,1.1218885096920803,0.7293239270846154,0.9713165335096787,0.9689406973766981,0.34898369731300216
2022-11-15,0.39940182987351025,1.1235311617718036,0.7241293318982933,0.9707748282533348,0.9684498303432983,0.3486482125364776
2022-11-16,0.39305101447058644,1.1268197057256013,0.7337686912550149,0.9613875027608374,0.9683859097481029,0.3505156598106227
2022-11-17,0.3958368156786559,1.1233790256731986,0.7275422099945427,0.9621935037332149,0.9689253304281154,0.352783467419463
2022-11-18,0.3871781477768541,1.1268211276996591,0.739642979922805,0.957884269031134,0.9699827745441,0.34901998140911833
2022-11-21,0.3813953401364861,1.1287590012149786,0.7473636610784925,0.9553691210553075,0.9703154848468631,0.3462136570957939
2022-11-22,0.37468782031766235,1.1242008893119522,0.7495130689942898,0.9542236234315458,0.969838684775056,0.346892825676503
2022-11-23,0.3758117416606035,1.1233355706141155,0.747523828953512,0.9553861520321235,0.9689130546789014,0.3467019104425446
2022-11-25,0.3680752251528975,1.1243717689366495,0.756296543783752,0.954622095364171,0.9698253961915224,0.3463976655735876
2022-11-28,0.34982561978649973,1.1287050586152736,0.7788794388287739,0.9509640259969266,0.9719687036937343,0.3478923918935318
2022-11-29,0.34509137184100624,1.1359918888230847,0.7909005169820784,0.9545863355095887,0.973345280090309,0.34557984652902257
2022-11-30,0.34812428689825314,1.1303188064351246,0.7821945195368715,0.9524017101780728,0.9721209310021905,0.347793724619407
2022-12-01,0.35894326753383254,1.1309878061098655,0.772044538576033,0.9229282734879752,0.968910376204774,0.361114472355091
2022-12-02,0.35663539468785166,1.1286801546220113,0.7720447599341597,0.9230195785178115,0.9689810037014197,0.3620027187421257
2022-12-05,0.34775118212292777,1.1306004725055878,0.78284929038266,0.9225734540730504,0.9683649860078389,0.36356626301240336
2022-12-06,0.360821709201675,1.1353582112115406,0.7745365020098656,0.917640621421046,0.9706481265587308,0.3613528088180373
2022-12-07,0.35866505617168176,1.1263193730778394,0.7676543169061576,0.929524088828305,0.9731002684396504,0.36690506749107377
2022-12-08,0.35064481527501057,1.1225510291709775,0.7719062138959669,0.9281596133948767,0.972280607249427,0.36645637633867456
2022-12-09,0.3806552321690181,1.1384497448576738,0.7577945126886557,0.9180647573367582,0.9725087311296409,0.3653379325811471
2022-12-12,0.3939006290205198,1.1501680944220005,0.7562674654014807,0.9194993796592994,0.9723907804724478,0.3649807832963166
2022-12-13,0.3492612125976404,1.1392748945368891,0.7900136819392487,0.9472993252073385,0.9729902978264781,0.36489210340573086
2022-12-14,0.3625798353044727,1.1510141737675879,0.7884343384631152,0.9399850829466341,0.9732825508720659,0.3664109036865719
2022-12-15,0.3766004786887569,1.154608592206003,0.7780081135172461,0.9347214618396054,0.9743282858813174,0.36942662328732073
2022-12-16,0.36726849727240096,1.1492945957664797,0.7820260984940788,0.9364816909022139,0.9698086779600218,0.36724552912954184
2022-12-19,0.36659710684715874,1.1490350189305103,0.7824379120833516,0.9374201773530604,0.9712854408802637,0.36383174693510556
2022-12-20,0.36722204428677085,1.1485065909288177,0.7812845466420468,0.9320599658099136,0.9692109208391785,0.3665994533846968
2022-12-21,0.37673736594844554,1.1559220450745507,0.7791846791261051,0.9302279093403408,0.9680802665790564,0.3734417428848745
2022-12-22,0.3680373817501167,1.155788929539864,0.7877515477897473,0.9197023478577532,0.9712426315433663,0.37135690548399575
2022-12-23,0.39045167979189066,1.1565365516734607,0.76608487188157,0.903995204268391,0.9664533408192681,0.38089027451500157
2022-12-27,0.3956391180055536,1.1558022594998163,0.7601631414942627,0.9018730913795561,0.9634766205477425,0.382652031603041
2022-12-28,0.392364503982376,1.1504563051626107,0.7580918011802347,0.8999709320895289,0.9629699055760929,0.386496171622775
2022-12-29,0.3939031720896101,1.146985879490334,0.7530827074007239,0.8948915380730895,0.9600809423267032,0.38398805079753445
2022-12-30,0.43688675978754654,1.1794571783831564,0.7425704185956099,0.8903188502805042,0.9581335730128335,0.39144336557559295
2023-01-03,0.4480325840465512,1.1815351781734615,0.7335025941269103,0.8813441340378025,0.9552257411987257,0.3956155614239454
2023-01-04,0.47547545777909817,1.1748728255367675,0.6993973677576694,0.8747667332010589,0.9524814321987003,0.41202546903842496
2023-01-05,0.49715777574954,1.1850901426133726,0.6879323668638326,0.8690216250141155,0.9556119791675128,0.4277233999170984
2023-01-06,0.5345910867539139,1.1974518645765135,0.6628607778225997,0.8606661703633791,0.9541880382335906,0.4295247895062346
2023-01-09,0.5102611710677145,1.1840912573283993,0.6738300862606847,0.8500156906725183,0.94532062251629,0.42801746325769413
2023-01-10,0.5233880984899575,1.2105986766265036,0.6872105781365461,0.8625092133133598,0.9424726783990223,0.41670756905306305
2023-01-11,0.5224053466829238,1.2058857256805937,0.6834803789976699,0.8633765422598123,0.9430597197670504,0.41751734870543566
2023-01-12,0.5589971174948325,1.231793450510577,0.6727963330157445,0.8502802606826743,0.9390876689122725,0.4183418144685608
2023-01-13,0.5610117200292252,1.2316795953913107,0.6706678753620855,0.8475509708545614,0.9391227000574798,0.4201679824853338
2023-01-17,0.6261155955864085,1.2521225940033742,0.6260069984169657,0.8169906219907459,0.9309914570919667,0.4420817156332786
2023-01-18,0.6316097765376018,1.2548615777568384,0.6232518012192366,0.8246250204352826,0.9357439672277217,0.44021192586820457
2023-01-19,0.5522187108976172,1.207518480308535,0.6552997694109178,0.8317078372050607,0.9381690953498953,0.42438121447701066
2023-01-20,0.5693233312328217,1.2234492178857306,0.6541258866529088,0.8359974278996609,0.9384703282146731,0.42945271600103707
2023-01-23,0.5387109322234747,1.2011394737807506,0.6624285415572759,0.8173952311808317,0.9359057757383767,0.4402726696944242
2023-01-24,0.5307055697016275,1.1748876959389152,0.6441821262372877,0.8130125780145746,0.9349581633677423,0.4507109771491065
2023-01-25,0.5783290162393908,1.2160130670376792,0.6376840507982884,0.8198958794074851,0.937065551979294,0.46884560853771584
2023-01-26,0.5948432743361567,1.2236960747589452,0.6288528004227885,0.8245190397828749,0.9412118449718231,0.47697703620984966
2023-01-27,0.575036001392959,1.2059284381025188,0.6308924367095599,0.8157405704720582,0.9411389188696664,0.4753960020782635
2023-01-30,0.5881939540081706,1.2212956155448818,0.6331016615367111,0.8186330282291934,0.9440902827911116,0.4702133601393227
2023-01-31,0.5965427589295116,1.2266242071244227,0.6300814481949111,0.8313453422900796,0.9453293161439392,0.46946442066444083
2023-02-01,0.6289229649285107,1.245860790532531,0.6169378256040202,0.8161451757597966,0.9461965398550787,0.48872685807698546
2023-02-02,0.6230989671652798,1.2392932652693476,0.6161942981040678,0.8105624016318922,0.9449537682012467,0.4973591262136507
2023-02-03,0.6397878867974348,1.2407679311140183,0.6009800443165835,0.8018806433871513,0.9430852242626879,0.514722977718997
2023-02-06,0.6358606565522671,1.2478230790545468,0.6119624225022797,0.820541423347191,0.9549781266153298,0.5178812119051482
2023-02-07,0.6421637084137636,1.2689518264531459,0.6267881180393823,0.8520913888601196,0.9601811462037746,0.5211951506658534
2023-02-08,0.6659598829476343,1.257425049499857,0.5914651665522226,0.8399467665481254,0.9554299166117931,0.5271390794148411
2023-02-09,0.6681404030016383,1.2573398551651034,0.589199452163465,0.81593851574433,0.9554389545244496,0.5278495369173832
2023-02-10,0.6756789496137727,1.265068612908473,0.5893896632947002,0.826219601007532,0.9573296120964607,0.527024929645995
2023-02-13,0.6312039297771157,1.2090033685219497,0.577799438744834,0.8335542361876809,0.9540424512698534,0.5280593215380878
2023-02-14,0.5635968221468239,1.1809222511539108,0.6173254290070869,0.8392522648751759,0.9472007261837458,0.5171035175814138
2023-02-15,0.5486366681281182,1.1671614830842028,0.6185248149560846,0.8232044056722909,0.9423748504352442,0.5057562351403472
2023-02-16,0.5716785539691132,1.1708197451744202,0.5991411912053071,0.8147819013018749,0.9429211513787557,0.5095584423549062
2023-02-17,0.5569186453829448,1.1514347892542864,0.5945161438713417,0.8247837478975542,0.9461938772511711,0.5108579555016152
2023-02-21,0.5537652969109335,1.1437062670662088,0.5899409701552754,0.8247500434257113,0.9440205848819534,0.5053233326569511
2023-02-22,0.5416364373378444,1.1590376679468846,0.6174012306090402,0.8305851455782076,0.9464671357327117,0.4952315953705195
2023-02-23,0.5400988438029766,1.1561027547940026,0.616003910991026,0.8287230567979924,0.9474842020457626,0.499956420814456
2023-02-24,0.5499285057094628,1.1661070621078562,0.6161785563983934,0.8280285150796952,0.9484166048487563,0.5012518171916335
2023-02-27,0.5782964685260534,1.155342291705369,0.5770458231793156,0.8475736110531296,0.95049791238716,0.5099250774820749
2023-02-28,0.5733924781143227,1.1658610015241222,0.5924685234097995,0.8422781615316948,0.9502737060498043,0.5084393247767184
2023-03-01,0.5637866311730405,1.1638170802984007,0.6000304491253602,0.8385007424108382,0.9508262154739907,0.506758012794221
2023-03-02,0.5774151596276181,1.1532947277282624,0.5758795681006442,0.8342491327519408,0.9481836769454575,0.5142186740818562
2023-03-03,0.5662080177653104,1.1579845203921288,0.5917765026268185,0.8459275330479532,0.9522351747137082,0.5096964166895237
2023-03-06,0.5276784311403951,1.171551300874353,0.6438728697339579,0.8312674067198738,0.9572546045886288,0.500063140485739
2023-03-07,0.5299927704475718,1.1723080436311775,0.6423152731836057,0.8313721935156921,0.9569278923152194,0.4995563577886611
2023-03-08,0.5345118055945901,1.1871014123880612,0.6525896067934711,0.8452318067465472,0.9612291600720534,0.482618524367826
2023-03-09,0.5336801026086719,1.167464404969995,0.633784302361323,0.8424932615520839,0.9542193623346458,0.4907721806548067
2023-03-10,0.5595863720205612,1.1859716524596662,0.626385280439105,0.8404709420831284,0.9567428748138594,0.47184661822989415
2023-03-13,0.558393766224845,1.1888041665543865,0.6304104003295414,0.8401061043476665,0.9496579817531791,0.46883237641797376
2023-03-14,0.5662691704406839,1.1962977081292174,0.6300285376885335,0.8420134573424416,0.9504367461834214,0.4688311665102992
2023-03-15,0.5489920069405132,1.1587718669774814,0.6097798600369682,0.8473378064810749,0.9541441080665405,0.47799073290226046
2023-03-16,0.5417186050767595,1.1559734415895642,0.6142548365128047,0.8535359129313862,0.9523033651231001,0.49364502103537605
2023-03-17,0.565891597536979,1.1513081299917316,0.5854165324547526,0.8794469369168553,0.9468615390474585,0.49954858823174036
2023-03-20,0.5655693038939222,1.1518067674149286,0.5862374635210064,0.891002829799695,0.9504522853328671,0.49120833801947306
2023-03-21,0.5296761844483191,1.1502304063736637,0.6205542219253446,0.9113052745620706,0.9590415500557772,0.48803669590860244
2023-03-22,0.5472983047261778,1.1572757740259036,0.6099774692997258,0.9397608861410495,0.9532924758490368,0.4921601177869664
2023-03-23,0.5680522440328319,1.1777748854711279,0.6097226414382959,0.9346894132927304,0.9593192673614374,0.4752397914663751
2023-03-24,0.5693612568582077,1.1758667126116569,0.6065054557534492,0.9352655509864192,0.9589368472088999,0.4770036593494034
2023-03-27,0.5314127276400687,1.141468017403577,0.6100552897635082,0.9220083711968703,0.951058290102276,0.4814444923670103
2023-03-28,0.5168045030601802,1.1463471983970266,0.6295426953368464,0.9327340259706087,0.9526906616066644,0.4633806304423209
2023-03-29,0.5264031959202216,1.14622565771908,0.6198224617988584,0.9310935420259198,0.9519500458311223,0.46979710887062953
2023-03-30,0.5166918662858934,1.1516481155053284,0.634956249219435,0.9260984801663452,0.9528128138797071,0.4541594774121633
2023-03-31,0.5222711854035398,1.1565086507647586,0.6342374653612188,0.9304176255362175,0.9544296145113302,0.4614907361955317
2023-04-03,0.5154354895808504,1.1578577387550415,0.6424222491741911,0.9420489128282457,0.9531346715464616,0.4501032270483089
2023-04-04,0.5245561708530274,1.1612285287312896,0.6366723578782622,0.9499739345683809,0.9538970649050226,0.44568799920686386
2023-04-05,0.561454542462795,1.1920082998351658,0.6305537573723707,0.9587403034023506,0.9556745700131789,0.4440796021238834
2023-04-06,0.5633712591695355,1.1733966258021034,0.6100253666325679,0.9552349436638143,0.9477732521221669,0.4498070299857366
2023-04-10,0.6145653188747555,1.1922669109794395,0.577701592104684,0.9679179277551192,0.9504727133323372,0.4463540286041692
2023-04-11,0.6461208152514721,1.2011203930435865,0.5549995777921144,0.9790288514408186,0.9594736030462335,0.47419696233191794
2023-04-12,0.6432088870747614,1.199057324707277,0.5558484376325157,0.9769106518594819,0.9594392914008922,0.4778170753378085
2023-04-13,0.6352660605533038,1.1978953783864692,0.5626293178331654,0.9658367915928958,0.9575590646923965,0.4814550943714379
2023-04-14,0.6160006656883044,1.1728561052879434,0.556855439599639,0.954228516234805,0.9585165909348672,0.4778261529455516
2023-04-17,0.6036583984598771,1.1685546247859704,0.5648962263260933,0.9457568861279861,0.9568955748045442,0.4751522247234553
2023-04-18,0.6068009326826711,1.1749547489330792,0.5681538162504081,0.9460224749062272,0.9564570023294876,0.47433903085209755
2023-04-19,0.6024713046213304,1.1693227680298022,0.5668514634084718,0.9339988431921772,0.9562427622713332,0.47723662918487836
2023-04-20,0.683968492442869,1.189617199861197,0.5056487074183281,0.9333138201404467,0.9501708903080688,0.5047520374442254
2023-04-21,0.6972565683486331,1.1865755436330894,0.4893189752844563,0.9482624170246068,0.9555079767916284,0.5090203196193174
2023-04-24,0.7095492425100353,1.2070397332253695,0.49749049071533424,0.9763916694845771,0.9590157979690785,0.5015300090132032
2023-04-25,0.6833293051880588,1.2019280775578025,0.5185987723697437,0.9664007636953043,0.9574196043827694,0.48276567136729265
2023-04-26,0.7263773669418134,1.232915954841607,0.5065385878997937,1.0341824365846768,0.9598805571739362,0.49017348285494583
2023-04-27,0.7219168001000364,1.2397287602809355,0.517811960180899,1.038802746388111,0.9634524440669876,0.4850408628448658
2023-04-28,0.6225032348998796,1.190731441839503,0.5682282069396234,1.0564883841309904,0.9672035338055873,0.480338645385914
2023-05-01,0.6299991897437364,1.1987018462100403,0.5687026564663039,1.0549602327216288,0.9682216678479822,0.4747280749498184
2023-05-02,0.6067691986908018,1.2202294115866195,0.6134602128958176,1.0651470556520337,0.9686533310007648,0.46816521134704747
2023-05-03,0.6013470815931524,1.2378241393790708,0.6364770577859183,1.0722311412304633,0.9770033304603631,0.47061581271411695
2023-05-04,0.5807911075517638,1.225173200773549,0.6443820932217852,1.0585853969666021,0.9800204387385857,0.45876574847763274
2023-05-05,0.594056982796183,1.253232697873919,0.659175715077736,1.0482298862077961,0.9864753833148356,0.4026661519397946
2023-05-08,0.6118968368328839,1.2503847371457686,0.6384879003128847,1.0547887482125853,0.977710201253191,0.40588025534141076
2023-05-09,0.6005369578726467,1.2434456730720176,0.6429087151993709,1.048977314570808,0.9812264043788753,0.4067246026875838
2023-05-10,0.5680179914140135,1.2506121413126547,0.6825941498986412,1.0515265031158796,0.9890459182960876,0.39921635887422235
2023-05-11,0.5544552917826178,1.239367730037808,0.6849124382551903,1.0514990430882123,0.9922818786055126,0.4056037939564422
2023-05-12,0.5933379009924987,1.2601870472666357,0.6668491462741369,1.0418524898484962,0.990402221247413,0.4098943175641406
2023-05-15,0.6028235110071832,1.2687321383541819,0.6659086273469986,1.0398284499710782,0.9902636322643085,0.41513508936651683
2023-05-16,0.6134615811684062,1.2710916613472074,0.6576300801788012,1.0405024023557317,0.9915371418146445,0.42591458082206435
2023-05-17,0.56494188672605,1.2352960861777889,0.6703541994517389,1.048652965699563,0.9959670659129289,0.4198146516287534
2023-05-18,0.5664388335617692,1.249467151756873,0.6830283181951038,1.0665947591916616,1.0027319794082554,0.43578264588928495
2023-05-19,0.5850619906878884,1.2535730346818235,0.668511043993935,1.0587281974955638,0.9967049891280482,0.44011611239296144
2023-05-22,0.5901898107920612,1.2545241077322953,0.664334296940234,1.0618104687496208,0.998498130866311,0.4378208261552456
2023-05-23,0.6139410252790041,1.2690468142811573,0.6551057890021532,1.0676924761365494,0.9996685612671704,0.44817348289712866
2023-05-24,0.602860073369403,1.2551720144831127,0.6523119411137097,1.0567538642588787,0.988167761261959,0.44076954985416406
2023-05-25,0.5923251785526493,1.254698271110065,0.6623730925574156,1.0750492572184132,0.9888553135237189,0.4327194732043705
2023-05-26,0.5998763448580547,1.2481720265156473,0.6482956816575925,1.056585153199174,0.9799688889397794,0.4525714844467401
2023-05-30,0.593207106964051,1.2528910461192604,0.6596839391552094,1.0241312309904689,0.9742036366011254,0.4569176788038967
2023-05-31,0.5997123206514111,1.256586877927357,0.6568745572759459,1.0162652653658066,0.9739228537971769,0.4597313528489313
2023-06-01,0.6809894261387097,1.300989096244234,0.6199996701055244,1.0493039505464976,0.9716901137536061,0.4696017019074176
2023-06-02,0.6744019975270824,1.2498561807775954,0.575454183250513,1.02412340213462,0.9616184322228253,0.4793896194312573
2023-06-05,0.7097589553774155,1.2607484956919675,0.5509895403145519,1.0340063863395397,0.9681123489867478,0.478072874705078
2023-06-06,0.7096620193489915,1.2624706753323913,0.5528086559833998,1.038001985638199,0.9688013982508339,0.47864598261331714
2023-06-07,0.7191626663980677,1.266722543641089,0.5475598772430212,1.0392770853465425,0.9645802108402715,0.4921731471477829
2023-06-08,0.6956305525891928,1.2349524919866914,0.5393219393974986,1.018288002774094,0.9557226905441067,0.49069019738950154
2023-06-09,0.703718530810158,1.2583911560500136,0.5546726252398556,1.0531398950018382,0.949713384450567,0.4889180966841219
2023-06-12,0.7376275829863715,1.2968253494072894,0.5591977664209179,1.0453687147162913,0.9646213192377435,0.499416354078782
2023-06-13,0.7025886309923184,1.2584466549612494,0.555858023968931,1.0416207890592366,0.9571589161147733,0.4934799673603549
2023-06-14,0.7502396875060793,1.282491074239698,0.5322513867336187,1.0279957183823996,0.9495301105938722,0.48961621833416213
2023-06-15,0.704481865073171,1.2701349157820363,0.5656530507088653,1.0261463938922506,0.9518323435725341,0.480377500786102
2023-06-16,0.6538527987111518,1.2346721585365117,0.5808193598253599,1.0161003981014962,0.9550159548978084,0.4627639286981995
2023-06-20,0.6378628835347424,1.2053339435729955,0.5674710600382531,1.0048395294359138,0.9430927784092448,0.4664944983060189
2023-06-21,0.6776468617720327,1.2428494705274322,0.5652026087553995,1.0153594595864854,0.9480033765784164,0.46913093788193555
2023-06-22,0.6642201806579956,1.2227242929673632,0.5585041123093676,0.9954294054235637,0.9485068972578627,0.4641398744320256
2023-06-23,0.7078828138320755,1.2546410149673375,0.546758201135262,0.9537763474538594,0.9376213698886102,0.4897733138322179
2023-06-26,0.707630408851837,1.2612083307118969,0.5535779218600598,0.9708654091514546,0.9391754545244217,0.48040561980881613
2023-06-27,0.7382052199734791,1.2563104728654038,0.5181052528919247,0.9305533731243882,0.9315416992617689,0.5001519331632229
2023-06-28,0.7363282137451963,1.2485513372847294,0.5122231235395331,0.9143844022511747,0.918646475083362,0.5023697222916732
2023-06-29,0.7285222034965425,1.2437626580318888,0.5152404545353463,0.9127299483093434,0.9178495782735901,0.49995834554913604
2023-06-30,0.7042534051368671,1.2132412945899316,0.5089878894530645,0.9238183392956871,0.9138300110958049,0.5083319983851177
2023-07-03,0.6902950409148447,1.214062345700546,0.5237673047857012,0.9152844511201621,0.9107284499953713,0.4955014183518564
2023-07-05,0.6958840931901973,1.2201618473724487,0.5242777541822514,0.8915924062174414,0.9055993637147574,0.5041554340184332
2023-07-06,0.7093268284128769,1.227004182005815,0.5176773535929382,0.8956166645207917,0.9019539862540153,0.5111491538405424
2023-07-07,0.7161624480632147,1.2645679950070603,0.5484055469438456,0.909974282995933,0.9200471324020602,0.4980017095053334
2023-07-10,0.6708441373527234,1.2409851400810905,0.5701410027283671,0.9152087412408816,0.9227174535889217,0.4782691772005493
2023-07-11,0.6626148866145779,1.2273962118022301,0.5647813251876522,0.9246420451568846,0.9230987698057386,0.47894406352419977
2023-07-12,0.6702341484512846,1.2271621045941905,0.5569279561429059,0.9412389751596788,0.9293029460510908,0.4756099014754608
2023-07-13,0.6713586221515033,1.225546197963752,0.5541875758122488,0.9465148880830484,0.9332816925690448,0.4778735762069763
2023-07-14,0.6778548368011383,1.2246932992733515,0.5468384624722131,0.9448796873920028,0.9321733451661492,0.47190980723428005
2023-07-17,0.6411572284779583,1.182660655494045,0.5415034270160868,0.9404924761611511,0.9357292961118329,0.488931757309957
2023-07-18,0.6931496804631164,1.2144952497217574,0.521345569258641,0.937954287621738,0.9322486828454152,0.4973908530230006
2023-07-19,0.7189953424879933,1.2477158942206557,0.5287205517326623,0.9364018138195838,0.934092789167215,0.5018358840034202
2023-07-20,0.7121008571099765,1.2496839414543344,0.5375830843443579,0.9403134984573842,0.9357915343465513,0.5008725201523201
2023-07-21,0.7132879446559134,1.2468827839982346,0.5335948393423212,0.9380520453068889,0.9232275299496648,0.5355672366474277
2023-07-24,0.7694151575682728,1.2318606630531745,0.46244550548490165,0.9254019063277126,0.9123087668108831,0.5315698555241062
2023-07-25,0.7670617024044462,1.2359464640800848,0.4688847616756387,0.931868060892394,0.9156803246433142,0.5302323941518141
2023-07-26,0.7650824568584897,1.2327806021282988,0.46769814526980896,0.9334018518142044,0.91527287190928,0.5298184879777883
2023-07-27,0.7378511129029743,1.216517165370916,0.4786660524679416,0.9062983285688768,0.9048749961160651,0.5225208121608851
2023-07-28,0.6432908906274912,1.1212774766194245,0.4779865859919333,0.8784705283351919,0.8970399723068426,0.51772371250192
2023-07-31,0.7497166518671055,1.1323377674723472,0.3826211156052417,0.8305951230985963,0.8697911305784221,0.5506888542430878
2023-08-01,0.7657070828915928,1.1466973904336393,0.3809903075420464,0.8256831603084882,0.865680168146658,0.5540044610267384
2023-08-02,0.7527831944535489,1.1489238087975813,0.39614061434403236,0.822493447219095,0.8669834065526654,0.5480094435029431
2023-08-03,0.777376419968685,1.1479329215019896,0.37055650153330455,0.7831670456586551,0.8481766651754035,0.5820178413345939
2023-08-04,0.766524520219507,1.1499560839510115,0.3834315637315045,0.7591340221495766,0.8415254850687247,0.5710656050338867
2023-08-07,0.7347406615240186,1.1230570645378204,0.3883164030138017,0.7817121873988007,0.8410259066229998,0.567437729471534
2023-08-08,0.6923126562212831,1.0801111396262701,0.38779848340498696,0.7557024146031286,0.8387373558827386,0.5745298598292908
2023-08-09,0.70212100712857,1.0877099938163022,0.38558898668773217,0.7655768567710817,0.8391681040158966,0.5837516763372401
2023-08-10,0.7197296095457227,1.0923463193803122,0.3726167098345895,0.760243424965674,0.8395489755727771,0.605246676161828
2023-08-11,0.709314648194416,1.0920550078506563,0.3827403596562403,0.7466037370965024,0.8406271912884627,0.6070573637422774
2023-08-14,0.7020669032282667,1.0736389924906744,0.3715720892624077,0.7314936293969021,0.836034029663021,0.6177066573886523
2023-08-15,0.6732898045182337,1.0409958754046391,0.3677060708864054,0.7205257250648551,0.8294877097186912,0.618848771069372
2023-08-16,0.673646658917319,1.0745455198135585,0.4008988608962395,0.717330413207593,0.8437695087723084,0.5921171005403087
2023-08-17,0.6800511785473925,1.075107235182717,0.3950560566353244,0.7179164481192429,0.8379349528983956,0.6243224500152343
2023-08-18,0.6277867403017225,1.02383088687062,0.39604414656889747,0.6705237382565816,0.8156395353556211,0.6243282323305274
2023-08-21,0.6456726049178424,1.0253387244867547,0.3796661195689123,0.679783695473051,0.8184428693092156,0.6089079238752332
2023-08-22,0.659252979515378,1.0174867208984688,0.35823374138309083,0.6498009663629849,0.8075228266854959,0.6281501613218647
2023-08-23,0.6581008829420838,1.021439630866697,0.36333874792461335,0.6499304148213119,0.8109467670949668,0.630804230923026
2023-08-24,0.646319255913443,1.0338549593825177,0.3875357034690748,0.6551474515034038,0.8188674826318432,0.6467082268258065
2023-08-25,0.6523146339990054,1.0685739124923934,0.41625927849338806,0.6185802796685291,0.8184611449136715,0.6601940563388102
2023-08-28,0.6198548645874732,1.0679680516650765,0.4481131870776033,0.6373281244737937,0.8332779044886537,0.5957507423077268
2023-08-29,0.6140191647055615,1.0880080587415148,0.47398889403595335,0.6743019851495076,0.8392078561451151,0.5769506913409529
2023-08-30,0.6136450230812689,1.0767151390959042,0.46307011601463527,0.6772290044466083,0.8436366727107291,0.5815809789450017
2023-08-31,0.5868036125427072,1.0668550757211044,0.48005146317839714,0.6726856443154243,0.8448511025915034,0.5725123778919452
2023-09-01,0.6104683980416599,1.087450264046883,0.47698186600522324,0.6543228542188619,0.852886264838529,0.5667488255954288
2023-09-05,0.5476978804639347,0.9822137834834793,0.4345159030195446,0.6362916101053833,0.8326476870453207,0.6102368651030684
2023-09-06,0.5334918772324999,0.990450679898188,0.45695880266568817,0.638705752761078,0.8345976403345922,0.5932563345978737
2023-09-07,0.5076046450539206,0.9644273445892402,0.4568226995353196,0.6577919938909444,0.8328646409074338,0.5919465164150874
2023-09-08,0.5511356537001378,1.0062518105145415,0.45511615681440365,0.6956891396984461,0.8438014398567074,0.5837314035205575
2023-09-11,0.5647004605713022,1.0283647815509998,0.46366432097969756,0.7035873373763972,0.8428080295529587,0.5768616969253569
2023-09-12,0.5484730588442465,1.0078926414711464,0.45941958262689997,0.6791676299543471,0.8414129767158172,0.584408095141963
2023-09-13,0.5415548684534353,0.9998103032930147,0.4582554348395795,0.6746209907299043,0.8372196664614022,0.5847400549306647
2023-09-14,0.4942784664017101,0.957183070530502,0.4629046041287919,0.6801541960879647,0.8396640170742601,0.5854216416443494
2023-09-15,0.5016990847975493,0.9965429795500825,0.4948438947525332,0.707185464593614,0.852601541279869,0.5621058383205954
2023-09-18,0.5484857620352257,1.0012419368980086,0.4527561748627829,0.6946397427554587,0.8441100640880232,0.5978121173285793
2023-09-19,0.5332595910486955,0.9941127457129084,0.460853154664213,0.6959511665945334,0.8455404149559794,0.5963191621325642
2023-09-20,0.49807674619904846,0.9641800952454095,0.466103349046361,0.670429849153249,0.8395885744997736,0.6155031222521948
2023-09-21,0.4976376490729595,0.9671008632409951,0.4694632141680356,0.6776445527588186,0.8362407893517366,0.6024442569472922
2023-09-22,0.4919419539190707,1.0014230688591437,0.509481114940073,0.7149702687005732,0.8592893212014163,0.570867241304498
2023-09-25,0.4874111742197299,1.0025512733557178,0.5151400991359879,0.7098531322450994,0.8579676194787736,0.5795731962517193
2023-09-26,0.5037019644254923,1.0064376168973925,0.5027356524719002,0.7310469080129549,0.8616186716747847,0.5663360996515067
2023-09-27,0.5002811569911911,1.0359124593674405,0.5356313023762493,0.7833932674643103,0.8798784396709842,0.5306616331949024
2023-09-28,0.5005131177135234,1.0346569820931748,0.5341438643796514,0.7851099092044465,0.8792477588671445,0.5313210716684976
2023-09-29,0.5112692279189784,1.0190896527560651,0.5078204248370867,0.7650294890674809,0.8760295875180735,0.5429391266599746
2023-10-02,0.5766003036444963,1.0448009421611886,0.46820063851669225,0.7953934695559737,0.8787659562380602,0.5541528978310634
2023-10-03,0.55956371391181,1.0316626968322227,0.47209898292041264,0.7904228020241302,0.874686136835227,0.5536384630220091
2023-10-04,0.5873068077843023,1.0684202966928842,0.48111348890858185,0.7636792334031216,0.8656581866604345,0.5589716136819899
2023-10-05,0.5649900499354592,1.0062048230077774,0.44121477307231816,0.7393043760642383,0.8374494627068084,0.585567587192547
2023-10-06,0.5937948500049565,1.0183485695716157,0.4245537195666592,0.7385210256259835,0.8380750461247667,0.5877886549506808
2023-10-09,0.6184067465796369,1.0328328096645891,0.4144260630849522,0.7618491231622528,0.8378000646780825,0.5896412955680094
2023-10-10,0.5844390793392186,1.0038199088978437,0.4193808295586251,0.7398579423883473,0.8338404627471314,0.5860184988617674
2023-10-11,0.5965989246857095,1.0273908995778838,0.4307919748921742,0.7403397019941705,0.8329935965271491,0.5759776640679567
2023-10-12,0.5945113546760361,1.0383244842089805,0.44381312953294444,0.7351092404297561,0.8306410089156462,0.5703373022201794
2023-10-13,0.5888708301436014,1.0455340643105044,0.456663234166903,0.7339538352130812,0.8348396978329552,0.5630650886948466
2023-10-16,0.5877771493522581,1.0428196579139222,0.45504250856166406,0.7250040672282803,0.8384385035499893,0.5683501113897668
2023-10-17,0.532985625020735,1.0063753870931105,0.4733897620723755,0.7030664098037467,0.8377392324182905,0.5578346617422694
2023-10-18,0.5239413472112704,1.000123205253842,0.47618185804257157,0.699268335348499,0.8318004859536872,0.5622622120459869
2023-10-19,0.6655549259308764,1.1087385816583613,0.44318365572748486,0.7367080919446642,0.8497065441039152,0.5382673766981695
2023-10-20,0.6585514740771372,1.0845079927404049,0.4259565186632676,0.720076727808641,0.8390116609992968,0.5432208468568549
2023-10-23,0.545788654575502,1.0080705445835767,0.46228189000807474,0.7010474113681274,0.8230100718591937,0.5388176658145301
2023-10-24,0.5621693146045237,1.0178456686778485,0.4556763540733249,0.7140194569457754,0.8246761778119551,0.537051407107808
2023-10-25,0.5418577743834381,1.0119705759334159,0.47011280154997787,0.7033252139300715,0.8343394685959216,0.5317329784257475
2023-10-26,0.5879131764011262,0.9936996260788056,0.4057864496776794,0.7133062401154012,0.8321316644034067,0.5617883255210095
2023-10-27,0.5600264971753212,0.9699595965511424,0.40993309937582123,0.71159752518515,0.8241186491332304,0.5619250614181701
2023-10-30,0.5674615719540315,0.9843467080421804,0.4168851360881489,0.7156845202768125,0.8291117230311088,0.5505701192442233
2023-10-31,0.6255273330308615,1.0627164813293548,0.43718914829849337,0.7250144812185292,0.843594812494422,0.5255796713311162
2023-11-01,0.627423069338202,1.0808608147451713,0.45343774540696924,0.7792582011577343,0.8538233487308946,0.5027761803699823
2023-11-02,0.5869332866262523,1.0559750013983433,0.469041714772091,0.745594585342896,0.8479804852300578,0.5256258523361321
2023-11-03,0.5757536828073259,1.0581412077187902,0.4823875249114643,0.85819553939123,0.8777844282868265,0.49000317658098963
2023-11-06,0.6372948717724587,1.1048264141977429,0.4675315424252842,0.8967062539205031,0.8818591746021897,0.5040427324985439
2023-11-07,0.6339475465769238,1.1024514046636407,0.4685038580867169,0.8944236706644423,0.8800041763217342,0.501779542194075
2023-11-08,0.6222702765945806,1.095592743616542,0.47332246702196146,0.9122238302857939,0.8789327731202997,0.4956726025601753
2023-11-09,0.6261376060263519,1.0965155717168735,0.4703779656905216,0.9128360034697848,0.877943997845472,0.4962960126419178
2023-11-10,0.6072250419455678,1.1105229988194458,0.503297956873878,0.8826957073324568,0.8796522390630174,0.4928550774368207
2023-11-13,0.6327095131408785,1.1270324050005927,0.4943228918597141,0.8708394350329451,0.873719254586335,0.4872830107931805
2023-11-14,0.6540838227940552,1.1338382733368046,0.47975445054274946,0.8747553504076311,0.8680721713735244,0.5004068333149636
2023-11-15,0.6498647542400227,1.1615218463129546,0.511657092072932,0.8865457786974841,0.8895954794162608,0.49620247670766315
2023-11-16,0.6296025456405397,1.1596948074235514,0.5300922617830116,0.8641662299665442,0.8945951897656299,0.4924946300336201
2023-11-17,0.6303592420009911,1.1626341324793472,0.5322748904783561,0.863891729065136,0.8947222971747231,0.49203988429133755
2023-11-20,0.611992370941078,1.1595914552278674,0.5475990842867895,0.8816588730403683,0.9014296429476999,0.48181876202909574
2023-11-21,0.6177316710486014,1.1588591831854032,0.5411275121368018,0.887393147916278,0.8987410850087988,0.4782283574892285
2023-11-22,0.6271917768473394,1.1578199946774275,0.5306282178300881,0.9150248078811456,0.9020564711051483,0.47909416029636276
2023-11-24,0.6478667398838948,1.1802326743434874,0.5323659344595927,0.8965241611992829,0.9022958306425205,0.48082112000028887
2023-11-27,0.6557147368932527,1.1804059545642889,0.5246912176710362,0.8785456757238148,0.900879303263748,0.4864832495752222
2023-11-28,0.6609213905128588,1.1845915364858741,0.5236701459730153,0.8681293359351966,0.8991840721916344,0.48483611960243755
2023-11-29,0.6649663864624209,1.1933246205749617,0.5283582341125408,0.8737157042915675,0.8982233164242281,0.47975527176708077
2023-11-30,0.6494380632512631,1.179945761535604,0.5305076982843409,0.8655779079087602,0.8989851468921803,0.48032213063145907
2023-12-01,0.6754408199974395,1.2135342368565871,0.5380934168591476,0.8759186241040781,0.9018542571333794,0.47558321564665246
2023-12-04,0.685267465028475,1.2297572771618555,0.5444898121333804,0.8778146939681768,0.9030460063324272,0.47712533978448735
2023-12-05,0.6953083400249574,1.2158539560543014,0.5205456160293439,0.8561139698572598,0.8981616013518325,0.4833052536652494
2023-12-06,0.7334999766993988,1.2368505853000271,0.5033506086006283,0.8447289493663206,0.899899154115037,0.4828953636516059
2023-12-07,0.7186908493515615,1.2285956025041453,0.5099047531525839,0.8231204019170157,0.8989212159627867,0.480479249659628
2023-12-08,0.7207720199199997,1.2205584604688529,0.49978644054885313,0.8191672168419253,0.8955804534002637,0.49348871266739686
2023-12-11,0.7229207647016554,1.2348121017322686,0.5118913370306132,0.8407805195718668,0.8969875643675878,0.4901315993937215
2023-12-12,0.7062964268666844,1.247682659620304,0.5413862327536195,0.8470683389196478,0.9044555854745501,0.48635357414929486
2023-12-13,0.7106706823323514,1.2483696239209325,0.5376989415885811,0.8471002397859644,0.9020014645846351,0.4875591292719824
2023-12-14,0.7175605277339207,1.2544501580374285,0.5368896303035079,0.896161748620032,0.9057282684359714,0.48146958682824
2023-12-15,0.7497724132982083,1.2736618210444735,0.5238894077462651,0.8919855030814583,0.914652497793947,0.48669769359732623
2023-12-18,0.7472324413930519,1.2718174888903229,0.524585047497271,0.8897385869075589,0.9151495566285217,0.48582685938899495
2023-12-19,0.736982994609982,1.2565628232636201,0.5195798286536382,0.880689252470334,0.9117960181714264,0.48269277710706476
2023-12-20,0.7542293969651936,1.2547657029389503,0.5005363059737566,0.8717152796686425,0.9200312192030982,0.4774128609883836
2023-12-21,0.7308074382797045,1.2489915003278456,0.518184062048141,0.8758872206166233,0.9173390833145055,0.46256134892041817
2023-12-22,0.6907750514310177,1.2177567465631163,0.5269816951320986,0.8726974163368904,0.912483424389744,0.4573545175341693
2023-12-26,0.690715824396815,1.2210174942419016,0.5303016698450866,0.8716079146602693,0.9132929437797407,0.45816876913288446
2023-12-27,0.70489941252297,1.240975681847564,0.536076269324594,0.8310491012850157,0.9147409731953913,0.4746921943997483
2023-12-28,0.7101976465376868,1.2413942318766527,0.5311965853389659,0.8300542577417507,0.9132082668496094,0.47522188590452075
2023-12-29,0.7082331545153399,1.2436078039319072,0.5353746494165673,0.8346854858214147,0.9146699954237021,0.47182136635045174
2024-01-02,0.7122155651344293,1.239864134411358,0.5276485692769286,0.8565316597423864,0.9161117287911841,0.47914948339975827
2024-01-03,0.7591794863466438,1.2343137356203466,0.47513424927370285,0.8728646782498041,0.8964711276035792,0.4970991044807772
2024-01-04,0.7437029895841093,1.2159775007088518,0.4722745111247425,0.9264497707009274,0.9019808049570346,0.5086271109380406
2024-01-05,0.7100300162267297,1.218731364273663,0.5087013480469333,0.9287142239899934,0.9121390137696698,0.4923889100160262
2024-01-08,0.7195797711859129,1.2196755741382734,0.5000958029523606,0.9337297431167217,0.9110463288586483,0.49412677155862295
2024-01-09,0.7363043154892422,1.2247450517270633,0.488440736237821,0.8987009512345154,0.8981897586641026,0.5044222584519239
2024-01-10,0.7608770728068814,1.2392062199731475,0.47832914716626607,0.9107616151477209,0.8998845246503333,0.5128081581393084
2024-01-11,0.7620842499356699,1.2283607878262308,0.46627653789056095,0.8932543207826562,0.8949126214513311,0.5120113994262977
2024-01-12,0.7572622111622911,1.242319090464701,0.48505687930240987,0.8886162897369119,0.9008941680347292,0.509014786159071
2024-01-16,0.7654535058868925,1.2452813079358527,0.4798278020489601,0.8816564710803598,0.8949338444942773,0.5160283631248808
2024-01-17,0.7757869524501766,1.233087371882148,0.45730041943197136,0.8947365892400949,0.909228359250734,0.4916272135219267
2024-01-18,0.7721346957807066,1.2260949935137115,0.45396029773300495,0.9159145721482493,0.9146146283368825,0.5000600218411334
2024-01-19,0.7805070482977928,1.2319456860925386,0.4514386377947458,0.8976481060636168,0.9054984832436825,0.4944699728964682
2024-01-22,0.7153433795269999,1.2225495681489453,0.5072061886219454,0.8715844497490699,0.89199177528703,0.48373584965593136
2024-01-23,0.6678923505673009,1.221022761190692,0.5531304106233912,0.8954299942649642,0.9043110467079349,0.4778101302613908
2024-01-24,0.7446489510908859,1.2533319280115862,0.5086829769207003,0.8990268012306428,0.9200433472224964,0.4896332664678282
2024-01-25,0.7443549466232979,1.239655547258652,0.495300600635354,0.8829718066905138,0.9158265545516637,0.48980607407807925
2024-01-26,0.7285626824602303,1.2615730300841788,0.5330103476239485,0.8812874424520966,0.9133313700636914,0.4882012449779389
2024-01-29,0.7086844282813978,1.2698748314598602,0.5611904031784625,0.9351811050261362,0.9153734569383185,0.4655139298674559
2024-01-30,0.6996755684988055,1.2445708850551815,0.544895316556376,0.9666151085463773,0.9445018620242205,0.4681985389917988
2024-01-31,0.7562218814401964,1.2576323602684705,0.501410478828274,0.9073764348820295,0.9186194197638872,0.4946003917997903
2024-02-01,0.7114026370741738,1.2258143317328716,0.5144116946586977,0.9672713394981967,0.8872312865928494,0.5085226448824343
2024-02-02,0.7420035381720015,1.2480424434378004,0.5060389052657989,0.9449273853050644,0.879953199580583,0.49683276015239886
2024-02-05,0.744044431975337,1.2275894572403914,0.4835450252650544,0.8809872121919144,0.8699095211809608,0.5026109873698389
2024-02-06,0.727764776154681,1.1608871998091344,0.4331224236544533,0.8646739636204801,0.8466960840675184,0.533614427330702
2024-02-07,0.7132729147815764,1.147748392169254,0.43447547738767756,0.8506025495358778,0.839893400734996,0.5301303619086347
2024-02-08,0.7006789510821148,1.1296299128430904,0.42895096176097575,0.834125214449969,0.8311529522793223,0.5292577794458426
2024-02-09,0.6997437167430586,1.1304546786795435,0.43071096193648495,0.8363915240864647,0.8317075243408337,0.5290233713589579
2024-02-12,0.7157415662203871,1.131401817885654,0.4156602516652669,0.8397391363443466,0.822843131102331,0.5352099403781732
2024-02-13,0.7077027489318923,1.1033531850813758,0.3956504361494835,0.8231744926618925,0.8099880769405347,0.5420742993914552
2024-02-14,0.7542497886944302,1.1823343035177714,0.42808451482334126,0.8095052574535337,0.8401428521328579,0.523114556844183
2024-02-15,0.7332507498242791,1.1527351203277325,0.41948437050345344,0.827746101669149,0.8395465882873754,0.527240199314166
2024-02-16,0.6669081402422975,1.0640390080377302,0.3971308677954327,0.7272192142987974,0.8077412677546006,0.5255171971010248
2024-02-20,0.6609157836741936,1.0653563043882053,0.4044405207140117,0.730243095425658,0.8055181568086346,0.5268595103005844
2024-02-21,0.6799883009051972,1.0554680492583215,0.37547974835312425,0.7290084982524347,0.7987949943801578,0.5438879972740474
2024-02-22,0.6809406853538146,1.0551787743412961,0.37423808898748157,0.7296717515477769,0.7983755183878292,0.5444019663365934
2024-02-23,0.6248296208699502,0.9453095318824964,0.3204799110125462,0.6525115582134834,0.7609704880545236,0.6149683438181066
2024-02-26,0.6003807329620268,0.9298552048211945,0.3294744718591678,0.6497066428645086,0.7623962860915314,0.613560104547249
2024-02-27,0.6186925809300325,0.9494494687141162,0.33075688778408363,0.6616151532822673,0.7674532769980704,0.6051857060530672
2024-02-28,0.6180086316475404,0.9497077976847883,0.33169916603724786,0.6633514337704294,0.7680155975261383,0.6036941587491889
2024-02-29,0.6317218910099612,0.9610669732756576,0.32934508226569637,0.665235987636035,0.7652529137969518,0.6086820518891736
2024-03-01,0.6398403909195878,0.9601036175664664,0.3202632266468787,0.6610551678169517,0.7664935837547128,0.6172984339247862
2024-03-04,0.6339744759624586,0.9523794110471002,0.3184049350846416,0.6845228684521266,0.7642299754788764,0.6258561011082114
2024-03-05,0.6367430937399241,0.9576671827399746,0.3209240890000506,0.6698874053905489,0.7612015290721869,0.6300603303365894
2024-03-06,0.6063738840847921,0.916182432894345,0.3098085488095529,0.6025425955004274,0.749391288580296,0.6306521410841817
2024-03-07,0.6140047750062174,0.9257137896219464,0.3117090146157289,0.6614283991071548,0.7515654159084999,0.6193282648954512
2024-03-08,0.6241646752089278,0.9378489455370022,0.31368427032807433,0.6394238251776259,0.7421979005809108,0.6192293146842639
2024-03-11,0.6190933215383612,0.8966181480297648,0.27752482649140364,0.6346391025969749,0.730077420000172,0.6258768698997665
2024-03-12,0.6476909594346782,0.93129250456248,0.2836015451278017,0.6311273341070625,0.7282144071362051,0.6239915907497535
2024-03-13,0.6437233399669194,0.9066294888956543,0.2629061489287349,0.6000726449914491,0.7149275059297402,0.6336725871434257
2024-03-14,0.6389188396615622,0.8967506888616913,0.2578318492001291,0.6116740663919293,0.7123359812014965,0.6408078611887853
2024-03-15,0.6455219169311328,0.9138469286688475,0.26832501173771467,0.6395467456322012,0.7200133435743118,0.6421568006769284
2024-03-18,0.5793048951076626,0.8402942752737959,0.26098938016613327,0.5500906557291692,0.6942842422929062,0.6716900125323577
2024-03-19,0.5841443504265491,0.8424793238862454,0.2583349734596963,0.5376149854863225,0.692281125319436,0.6714082172295769
2024-03-20,0.5977112146686193,0.8469961993599607,0.24928498469134142,0.5434982036754654,0.6913331707727042,0.6637017816662317
2024-03-21,0.6104721294281443,0.8635032511765286,0.2530311217483843,0.547879527853007,0.6949666790359997,0.6526042110831146
2024-03-22,0.6322541769890047,0.871626537651413,0.23937236066240833,0.5461552899389832,0.6895614665747084,0.6570826562410755
2024-03-25,0.6965167338203266,0.8760788561782724,0.17956212235794572,0.5378543784382526,0.667859049959161,0.6950317975476249
2024-03-26,0.7009139317795814,0.8828450308028782,0.1819310990232968,0.5395976560926417,0.6605355724765616,0.7060731644783514
2024-03-27,0.7052200705782049,0.889766701751435,0.18454663117323009,0.5291971536194537,0.6644030303032904,0.7069736633648379
2024-03-28,0.7360683161171075,0.9283507492539991,0.19228243313689158,0.565788326984046,0.6822614351409289,0.6786469664359193
2024-04-01,0.7358786616282383,0.9292723010871982,0.19339363945895982,0.5658692561846836,0.6821419133107197,0.6792124672604366
2024-04-02,0.7359389776760987,0.9346436950943924,0.1987047174182936,0.574904737112094,0.6846044895143757,0.673613546418789
2024-04-03,0.7447906933706653,0.9452098844239295,0.20041919105326422,0.5867638288831971,0.6862356398489207,0.6652518705234818
2024-04-04,0.6880664258598459,0.9222702951173598,0.23420386925751385,0.6160361070696205,0.7026574609401423,0.6405369484174843
2024-04-05,0.6227879284292324,0.883980229639629,0.2611923012103966,0.6315022074053658,0.710502687269398,0.6333823718337704
2024-04-08,0.6674106489988444,0.9116442539620728,0.24423360496322843,0.6236087938335143,0.7092946289629433,0.6381267688605469
2024-04-09,0.6680193589321074,0.9119816926555313,0.24396233372342394,0.6252938976835307,0.7090171124611998,0.638323112549328
2024-04-10,0.6889740759431868,0.9204066726426773,0.23143259669949046,0.6435532368837189,0.7166087098928575,0.6195730325436417
2024-04-11,0.6953472037241859,0.955996377667742,0.26064917394355613,0.663386800507935,0.7320556769919282,0.5974708777211599
2024-04-12,0.6788209746321899,0.9426858593058532,0.2638648846736633,0.6479017601892348,0.7253728186934487,0.601960622504077
2024-04-15,0.6531293829178548,0.9458109217507487,0.29268153883289383,0.6318619073513911,0.7378708599697655,0.5862523625878764
2024-04-16,0.639364670249733,0.9431188337198424,0.3037541634701094,0.5907457848708342,0.7337638488418871,0.5908612963760118
2024-04-17,0.663202444633596,0.9521817129366014,0.2889792683030053,0.5985180367123142,0.7295798232381185,0.6024461259225099
2024-04-18,0.6849052101114695,0.9504329774160991,0.26552776730462957,0.5750130415412436,0.717425264578892,0.6233591854041222
2024-04-19,0.6524003568236856,0.9454465398261368,0.2930461830024512,0.5611151065980234,0.7202407320968571,0.6276715526146168
2024-04-22,0.6711486037550494,0.9141714758607626,0.24302287210571327,0.5190477318019904,0.7006744931605255,0.6650584190825886
2024-04-23,0.67795422297362,0.9208560058607106,0.2429017828870906,0.5246172486773188,0.7015192911769874,0.663637101120298
2024-04-24,0.7252744109262506,0.9621461815405844,0.23687177061433382,0.5173303276011961,0.7120179309126881,0.6716105068779276
2024-04-25,0.726363645101605,0.9634596280834249,0.2370959829818199,0.5174903754466076,0.7120775183059872,0.6717789507777076
2024-04-26,0.7462402902723797,0.9683155299882149,0.22207523971583523,0.5010403648558654,0.7105209185320747,0.6771158293777753
2024-04-29,0.7606984144349511,0.9692989154711004,0.2086005010361493,0.49061182701166445,0.7048066761665519,0.6844670540956299
2024-04-30,0.7523222276175323,0.9694203239891785,0.2170980963716463,0.4829715328010496,0.7076906591133244,0.6832743654292066
2024-05-01,0.693155332208176,0.9532848512531436,0.2601295190449675,0.48037068029581864,0.7202840068385796,0.6527498479234534
2024-05-02,0.6604220837679321,0.9337165684339086,0.2732944846659765,0.48795935139758717,0.720304850614822,0.671602439662773
2024-05-03,0.6667129595735084,0.9347183235166373,0.26800536394312896,0.5260264593236041,0.72015185640261,0.6881320349457692
2024-05-06,0.7052963854482861,0.9776772291656075,0.2723808437173214,0.5596670936237591,0.7230098578604858,0.6483974546208328
2024-05-07,0.7095754393301799,0.9513192593568416,0.24174382002666167,0.5324030299995737,0.7131001829305573,0.6579824959449908
2024-05-08,0.7119445112645886,0.9481900312180475,0.23624551995345885,0.5114750459837607,0.7111065818071377,0.6602797185645103
2024-05-09,0.70343300369947,0.9467894727886147,0.2433564690891446,0.5206232364023048,0.7164273948407002,0.6592468567105018
2024-05-10,0.7120345183589656,0.9617294243400931,0.24969490598112748,0.5419272436838873,0.7206169932016855,0.6504684027214015
2024-05-13,0.7087184494049652,0.9695382222977889,0.2608197728928236,0.5479242196169944,0.7279230209332866,0.6440974845022782
2024-05-14,0.7093493717192119,0.9748490495555937,0.26549967783638184,0.5446560137683816,0.7296035088280755,0.6427269966069008
2024-05-15,0.7402277653903635,0.9489803944206359,0.2087526290302724,0.508124515291499,0.7098692313110166,0.6826825684558997
2024-05-16,0.7353190293492098,0.9749319330422406,0.23961290369303084,0.4866514983466457,0.7069755865858944,0.6705919903374895
2024-05-17,0.7599633529031228,0.9740254598641538,0.21406210696103103,0.48979628039817696,0.6930579616164653,0.6822712675531145
2024-05-20,0.7569376808675405,0.9736205841899397,0.2166829033223991,0.4765675633906249,0.6934786008286817,0.6853439301581532
2024-05-21,0.7580952223700288,0.991208739916133,0.2331135175461042,0.4902908889391431,0.6962791216136459,0.6750312948192636
2024-05-22,0.7673001174655733,0.9975907147496734,0.2302905972841002,0.4903541427387922,0.6964436757977056,0.6751251498825538
2024-05-23,0.816312788903382,1.0543040337006242,0.23799124479724218,0.5006298343509066,0.722850125426292,0.605322008011494
2024-05-24,0.8044396266890499,1.084300040892229,0.2798604142031791,0.568280340271781,0.7465549143592162,0.5745033455054913
2024-05-28,0.8032831582660682,1.0918719863697692,0.28858882810370096,0.5788286936640361,0.7397687809843456,0.5871517025577552
2024-05-29,0.8025952831173295,1.0909309185772704,0.28833563545994095,0.5766745546195204,0.7398229918631242,0.5855410726837971
2024-05-30,0.756509484527546,1.067495171926001,0.3109856873984551,0.5923765636211202,0.7539289666376724,0.571974468951271
2024-05-31,0.7726567664897357,1.0584465451508025,0.28578977866106675,0.5484440428342601,0.7413213768387519,0.5808820073541928
2024-06-03,0.7162262673499638,1.0811605360540493,0.3649342687040855,0.5820229032925455,0.7706644210390107,0.547217795249209
2024-06-04,0.7126405581367221,1.072966716621428,0.36032615848470595,0.5845376235756778,0.7700258926101318,0.5488510959958469
2024-06-05,0.6552116938420274,1.0336557953582004,0.37844410151617297,0.5872927352798538,0.7789221911924324,0.5471926313571733
2024-06-06,0.714183293548364,1.0536935799503504,0.33951028640198644,0.5488135181336147,0.7570574786626665,0.5647693288836488
2024-06-07,0.7319508682293389,1.0730291892682104,0.3410783210388716,0.5525748546267597,0.7647771665435632,0.5603595454193245
2024-06-10,0.7238409781024155,1.091073144321639,0.36723216621922355,0.6047509865325635,0.7803109046538077,0.5539486400425504
2024-06-11,0.7213125915260381,1.0899607795358068,0.3686481880097688,0.6054962117988925,0.7812078238582019,0.5476224927371337
2024-06-12,0.7797296805244718,1.1451613759299906,0.3654316954055188,0.6473933824592923,0.7937704949007068,0.542054702486426
2024-06-13,0.8249819540538154,1.1687356877784794,0.343753733724664,0.6408927791645416,0.7745779084438987,0.5498073637939027
2024-06-14,0.8306524453764976,1.1649097439801968,0.33425729860369907,0.6313065023764486,0.7688024602608584,0.5466099698400044
2024-06-17,0.8574759910182382,1.195790570806258,0.3383145797880197,0.6454661008465065,0.7741497075400628,0.5553277723678456
2024-06-18,0.8793415030983218,1.1908457541443647,0.31150425104604285,0.6075240722952067,0.7663107428247359,0.5527536791012535
2024-06-20,0.8862867796530574,1.1870261679008296,0.3007393882477722,0.5858503964345861,0.7652513860813401,0.5608535212629032
2024-06-21,0.8673510004222831,1.1534828350175463,0.28613183459526326,0.5544128470078213,0.7527720920015262,0.567412082821785
2024-06-24,0.8596782699657227,1.1428538408693982,0.2831755709036755,0.5638329286015292,0.7497510011804306,0.5679587720189058
2024-06-25,0.8692513430175708,1.129772458374217,0.26052111535664624,0.5459194449772174,0.7352305620799208,0.5822231014468922
2024-06-26,0.8704521529293892,1.1385863483470544,0.2681341954176652,0.5403684305846082,0.7289561520954977,0.5889774316923179
2024-06-27,0.8954397008292954,1.1534384924553565,0.25799879162606115,0.5199282695842159,0.7265791091934759,0.590897073817306
2024-06-28,0.9170026118573416,1.1365229013403044,0.21952028948296293,0.4793764571962153,0.703724171358679,0.6204187223475198
2024-07-01,0.8923990877709064,1.1079613195548714,0.21556223178396502,0.5378211672099432,0.7050219300746328,0.6151370743251696
2024-07-02,0.8749752571332376,1.091915567726042,0.21694031059280425,0.5433580017850628,0.7025666340946254,0.6195063652738582
2024-07-03,0.8936069618980799,1.1126797320795447,0.2190727701814649,0.5680834795357308,0.7012160912055658,0.630216866251271
2024-07-05,0.8934679928501619,1.102293777376481,0.208825784526319,0.5701425162954417,0.7008424335086468,0.6339626030295228
2024-07-08,0.942529326213929,1.0928441101614998,0.15031478394757078,0.5807653407408978,0.692799665248355,0.6480425119336022
2024-07-09,0.9283596573333261,1.0767790780048119,0.14841942067148567,0.5874323669128642,0.6931125209777564,0.6488136721168817
2024-07-10,0.9222728837763845,1.073254748526409,0.1509818647500245,0.588941805929432,0.6934311524190192,0.6493936216695894
2024-07-11,0.8924489438035444,1.0605458567745458,0.1680969129710014,0.5813756060815207,0.7036807213509904,0.6313108946760793
2024-07-12,0.9004446289999557,1.00902677251462,0.10858214351466439,0.45014970165421125,0.6483906445762397,0.7076208771389232
2024-07-15,0.8572106233523077,0.9816429741398098,0.12443235078750217,0.4669916403994929,0.6557354722504698,0.692689325131407
2024-07-16,0.9052759167177418,0.9798832941851312,0.07460737746738938,0.39605064769661935,0.6249954147000305,0.7415467234011864
2024-07-17,0.9148414426678362,0.9983877690788245,0.08354632641098834,0.40406455405138064,0.6416053815283818,0.7181714138350022
2024-07-18,0.9324608272382131,0.9174513274630811,-0.015009499775132003,0.3356200121641435,0.5752890688806586,0.8089581525401325
2024-07-19,0.9831277136448566,1.0347014528194665,0.05157373917460978,0.35641879482880723,0.6022024109986874,0.7636044825723154
2024-07-22,0.9792387943534172,1.0111809793615318,0.03194218500811459,0.3450216832916516,0.6068525332826906,0.7554584278847544
2024-07-23,1.0178352947075664,1.085478392256079,0.06764309754851258,0.3393279848410884,0.6129159498031421,0.7193490863177936
2024-07-24,0.9565408518658114,1.008493670085291,0.051952818219479474,0.35148309406696887,0.6142222704613783,0.7209517522204125
2024-07-25,0.9136911973614822,0.893468724583608,-0.020222472777874194,0.23563583257672355,0.5455710809972485,0.8039129738699944
2024-07-26,0.8665367503551878,0.8590259428292232,-0.007510807525964707,0.23355167065093685,0.5385697797894433,0.8022956942282125
2024-07-29,0.8305662200156472,0.8781805578521793,0.047614337836532114,0.27326351075584765,0.5603870198269091,0.7845748016480278
2024-07-30,0.8210945442877017,0.8981942926215855,0.07709974833388379,0.2746594325923434,0.5641716431601863,0.782448907410303
2024-07-31,0.807622300910826,0.8510806087110749,0.043458307800248966,0.24646167778585948,0.5504789853487245,0.7871558494498908
2024-08-01,0.9045321231027521,0.8444903475354706,-0.06004177556728151,0.2139919635382602,0.5032828014713038,0.8565176940366045
2024-08-02,1.039872610356009,0.9877683991431454,-0.052104211212863544,0.2838530766747607,0.5022585197215779,0.8730929253841059
2024-08-05,1.1485786000348077,1.0340554704690081,-0.11452312956579946,0.3505780006192913,0.5206007927956137,0.8637714005807893
2024-08-06,0.8892437826957884,0.9866877616186144,0.09744397892282594,0.46392826542741283,0.5961814308354892,0.6957482417087443
2024-08-07,0.9066879372229676,0.975205279703388,0.06851734248042039,0.5053855051144177,0.5946358120011089,0.6868399276857811
2024-08-08,0.9162850853563634,0.9754636265273657,0.05917854117100227,0.4902403433838478,0.5948795330202471,0.6912460751735432
2024-08-09,0.917328191337745,1.0057608441807526,0.08843265284300764,0.47830994663768195,0.6051016078658014,0.6762186588754306
2024-08-12,0.9226820356661782,0.9920713936520756,0.06938935798589738,0.4733936275386981,0.5991874694876792,0.6825982505640003
2024-08-13,0.9239248837801881,0.9913494504947246,0.0674245667145365,0.4718133351630964,0.5993206422332139,0.6832326571226548
2024-08-14,0.9012125380817795,0.9993627774609202,0.09815023937914066,0.530937741187711,0.6152695284991094,0.690296653313913
2024-08-15,0.905912215345222,1.005476751149379,0.09956453580415693,0.5429955312791074,0.6157243319375989,0.686754047039472
2024-08-16,0.9719271071264063,1.0317022530430848,0.0597751459166785,0.5531801568906887,0.6199810185002891,0.7076866470851327
2024-08-19,0.9759287667071713,1.034273986810759,0.0583452201035878,0.5603321801286603,0.6223835536120708,0.7077879967467954
2024-08-20,0.9581345786548175,1.0352995874251645,0.07716500877034695,0.5655679208654761,0.6255659857694449,0.7053782043123425
2024-08-21,0.953118998874205,1.0321114998943393,0.07899250102013422,0.5640100596082332,0.626744610948609,0.7058451589839901
2024-08-22,0.9427836319184633,1.0227651004301157,0.07998146851165247,0.5627614624227566,0.6257952369130346,0.7039348491782664
2024-08-23,0.9204284224873314,1.011177222631034,0.09074880014370265,0.5690442217604081,0.624212640646144,0.7082356084525578
2024-08-26,0.9504464175785908,1.0302313975579243,0.07978497997933344,0.5382669921337224,0.6169185331870847,0.7218158685052332
2024-08-27,0.9665013127848703,1.0277158557866475,0.06121454300177725,0.5367238687679163,0.6153570635120315,0.7218846484015538
2024-08-28,0.9653982757213083,1.0256871576965234,0.06028888197521512,0.5347050371319949,0.6145730034854615,0.7230574724393939
2024-08-29,0.9878849254054881,1.0256889629210215,0.037804037515533434,0.5183499394442328,0.6072813864802511,0.7358720611886
2024-08-30,0.980193369426125,1.0126823707453194,0.03248900131919444,0.5287924290891203,0.6122533917092677,0.7319034570706401
2024-09-03,0.9703682837479287,0.9789726480203225,0.008604364272393777,0.5227689101474382,0.600888950623679,0.7428872787764884
2024-09-04,0.9582174716775895,1.018950376780051,0.060732905102461446,0.5296466044171521,0.6074129760939398,0.7558646950127172
2024-09-05,0.9635040443762417,1.0197682394878034,0.05626419511156164,0.5274351389750469,0.6069047486972557,0.7546995706434383
2024-09-06,0.9597765625898473,1.027171785994178,0.06739522340433074,0.5092987045360448,0.617044037953296,0.7480422122923683
2024-09-09,0.9848223031694765,1.043200459791033,0.05837815662155638,0.4767075298066238,0.623145522642351,0.7497974779044537
2024-09-10,0.9578186580681565,1.0126312383235627,0.05481258025540621,0.5019309507135146,0.6309733276066852,0.7422677045227642
2024-09-11,0.9500994379247412,1.0078539496575203,0.05775451173277911,0.49631144047970555,0.6306213350429434,0.7435297099466267
2024-09-12,0.9475083729814638,0.9996565773356431,0.05214820435417925,0.4812443421810165,0.6245724623843427,0.7547170332932768
2024-09-13,0.9220069176142995,0.9958530980373208,0.0738461804230213,0.4899500732010845,0.6332477483610273,0.7492809784271088
2024-09-16,0.9188786575998278,0.9998647689711749,0.08098611137134713,0.501416598915244,0.6358220043832744,0.7459123144786858
2024-09-17,0.9179732499933062,1.0013645417617874,0.08339129176848112,0.5021099580142578,0.636147579825433,0.7453262214364004
2024-09-18,0.9031645323772919,0.9969103658766388,0.09374583349934698,0.5059196747093591,0.6397637578733097,0.7425694149329943
2024-09-19,0.9079785304534078,0.9985389640368253,0.09056043358341745,0.5026097554750597,0.6415731166790887,0.7412996061206983
2024-09-20,0.9743989342520024,1.045681079861798,0.07128214560979555,0.508780201987304,0.6437287544601324,0.7530866096202845
2024-09-23,0.9687891205211228,1.0414340663480224,0.07264494582689965,0.5136149492464197,0.6439045794635369,0.7533738109011658
2024-09-24,0.9713081157010385,1.0528489014218816,0.08154078572084314,0.5266843603150702,0.6488072848348891,0.7495732831859546
2024-09-25,0.9719413709818217,1.053145262844681,0.08120389186285926,0.531550461541483,0.6528231926839543,0.7472384669976059
2024-09-26,0.9734072670191312,1.0558961011276362,0.082488834108505,0.5418925812530417,0.6545494628437148,0.7441709101914221
2024-09-27,0.985971540168242,1.0637369709419846,0.07776543077374269,0.546146158295488,0.6543409070951521,0.7449911106984418
2024-09-30,1.0269502197934477,1.0785713025952093,0.051621082801761656,0.5421383662981036,0.6515231972391924,0.7475851335506243
2024-10-01,1.0269893996232586,1.0702824616491204,0.043293062025861785,0.5500523488149363,0.6523140291631389,0.744131058181168
2024-10-02,1.0173072636811606,1.058780956616798,0.04147369293563745,0.5829623708462123,0.6482947588762892,0.73826423198684
2024-10-03,1.0136996861425562,1.0589777061812087,0.045278020038652514,0.5847890619753834,0.6493460268661622,0.7355033447718873
2024-10-04,1.0214724080551254,1.0691825201470675,0.04771011209194199,0.5917083563584469,0.6516746599082782,0.734762223396013
2024-10-07,1.0551832974323327,1.09257501622545,0.037391718793117104,0.5854941778092699,0.6538563486298182,0.7416651865690518
2024-10-08,1.0290346755219701,1.0797622851890263,0.05072760966705624,0.5820377522878144,0.6590155491365687,0.728740481458015
2024-10-09,1.0410450342578692,1.0796924803781813,0.03864744612031214,0.5791525850716948,0.6497910908848182,0.7353172381584314
2024-10-10,1.032999089778364,1.0983205221733103,0.06532143239494625,0.6033462723646149,0.6589713677804069,0.7141093055490642
2024-10-11,1.0323201184063253,1.1044795224427117,0.07215940403638633,0.6041507762479175,0.6620544783041618,0.7164565937765753
2024-10-14,1.0366661284659628,1.1120203950284795,0.07535426656251658,0.606314758677563,0.6659344622407928,0.7108173984316312
2024-10-15,1.0182966279698689,1.1050059124410343,0.08670928447116547,0.5979905592729192,0.6570609057051732,0.7097361354947497
2024-10-16,0.9706254704770699,1.115744804650408,0.14511933417333803,0.6297540965850542,0.675765552428521,0.6898577769525197
2024-10-17,0.9592144848109492,1.0970925723446894,0.1378780875337402,0.610139096197974,0.6718764064743522,0.6988574977427451
2024-10-18,0.9575023725873943,1.1042075290554818,0.1467051564680875,0.6157275288137171,0.6726553181661981,0.7003137626223218
2024-10-21,0.9204950726278877,1.0978126009659355,0.1773175283380478,0.6348873841666949,0.6815794205455036,0.6939536509322409
2024-10-22,0.9266498490871735,1.1024002574380083,0.17575040835083475,0.6291505033066396,0.6828521374321597,0.6921937125423349
2024-10-23,0.8093477594251118,1.0687661116736287,0.25941835224851684,0.6791542966007797,0.7147718536565854,0.6518797856353108
2024-10-24,0.8496997865735278,1.0957709094559749,0.24607112288244698,0.6898780381486858,0.7146896744647155,0.6558611263125574
2024-10-25,0.850824479921789,1.074080571486376,0.22325609156458698,0.6588667317982313,0.7032361565736848,0.6676722588890559
2024-10-28,0.85024507507065,1.0728067291763677,0.22256165410571768,0.6609415742994236,0.704702973818756,0.6659526548232028
2024-10-29,0.8390500848825102,1.077288441551062,0.2382383566685517,0.6855783788387926,0.7115331501743559,0.6611903018787384
2024-10-30,0.8650144518657532,1.104819279102914,0.23980482723716087,0.69272647945678,0.7244529186948412,0.6481061880497364
2024-10-31,0.8835016188529908,1.1259815643036546,0.24247994545066373,0.6792829217121433,0.7357338689582763,0.613740934023065
2024-11-01,0.7840476918118005,1.060509475018665,0.27646178320686454,0.6318332493912302,0.7043247237539426,0.5948836861926337
2024-11-04,0.9405799330250912,1.1201871285448124,0.17960719551972115,0.6018218834170656,0.6704296571044177,0.7083169190292388
2024-11-05,0.9365280006247321,1.1246712895993436,0.18814328897461147,0.628521685442573,0.6750490315509905,0.7193762804588388
2024-11-06,0.9137810300434197,1.1231433559697077,0.20936232592628795,0.6071037538770148,0.6763763362911048,0.7043304588784476
2024-11-07,0.9993597466605834,1.1282417016713042,0.12888195501072086,0.5085012578965667,0.6947210796988325,0.7887174032797039
2024-11-08,1.006514938867437,1.1284970032735357,0.12198206440609868,0.5159727725318518,0.6890753870886134,0.7871402729697793
2024-11-11,1.0079102791472836,1.1327322062174552,0.12482192707017162,0.5191339872009717,0.691163286812791,0.7862560874743364
2024-11-12,0.9968991574164264,1.1387500604451555,0.14185090302872908,0.49156769457032046,0.6790342757936495,0.7915167507833601
2024-11-13,0.9857428906611749,1.1368391629619197,0.1510962723007448,0.5001545244768215,0.6845896309607806,0.792521249410671
2024-11-14,1.0684780359832777,1.1648214102981367,0.09634337431485897,0.4787304226016153,0.6804103464274894,0.7981812476693976
2024-11-15,1.0821935368185363,1.1763852234388559,0.09419168662031953,0.4620350393056013,0.6804810924645017,0.7970056026192051
2024-11-18,1.114617079695797,1.1969499510302273,0.08233287133443026,0.49791524256183944,0.656560300310863,0.7790130543471051
2024-11-19,1.114531904350169,1.192196759144392,0.0776648547942231,0.5044147046217403,0.6569807834847287,0.7766623789884405
2024-11-20,1.1232321962971006,1.2005518428787787,0.07731964658167806,0.5067876404951479,0.6555821192261931,0.7802412802979802
2024-11-21,1.1112765965214995,1.1930345789888286,0.08175798246732917,0.5024446803004806,0.6560309732519296,0.7795985978244833
2024-11-22,1.1559718695106505,1.205780735619543,0.04980886610889251,0.49674100120373116,0.648230368251978,0.7846445860166739
2024-11-25,1.1407984094587738,1.2109994350619007,0.07020102560312685,0.516328118136588,0.655286551697777,0.7781557109381416
2024-11-26,1.1296837888098223,1.2039006786488624,0.07421688983903998,0.5118718305773589,0.6565256441548815,0.7749331230548435
2024-11-27,1.1145815655452627,1.1933011785648069,0.07871961301954425,0.4760205187465879,0.6513803248071584,0.7714197694079299
2024-11-29,1.1504074937673097,1.2298648956723923,0.07945740190508259,0.47072392343008485,0.6476616776440822,0.7745837539487401
2024-12-02,1.1684590727517796,1.244618019032538,0.07615894628075842,0.4478306812264695,0.6444644708743833,0.7832869846391306
2024-12-03,1.1355572439050892,1.261357871049055,0.1258006271439657,0.40319900472171066,0.6382249084039948,0.7789427744472869
2024-12-04,1.1311430556575333,1.2605146947759969,0.12937163911846353,0.4022039716747595,0.6403347409874445,0.7817237605100542
2024-12-05,1.1353029339932426,1.239658325042035,0.10435539104879253,0.3894512443106158,0.6319648394414094,0.7951223273861975
2024-12-06,1.1577666931876898,1.217117649820965,0.05935095663327532,0.44153571439948364,0.6207036102599914,0.7889073727959518
2024-12-09,1.1513642954847025,1.1822081097066708,0.03084381422196826,0.4203610823835663,0.6028812732078228,0.8133587154932188
2024-12-10,1.169891008329534,1.2154978213909926,0.04560681306145864,0.38674695828136973,0.6093475917613491,0.8190757696254688
2024-12-11,1.2005983882168325,1.2515142518834244,0.05091586366659187,0.36262371433050067,0.6268422045354741,0.8166977981915883
2024-12-12,1.239402954698539,1.2724522402451788,0.0330492855466397,0.35388013845136135,0.6180157644031256,0.832030556299354
2024-12-13,1.2688974084241142,1.260487903960588,-0.00840950446352625,0.33274980657869513,0.6158756327474764,0.8344495054819572
2024-12-16,1.267715476480652,1.262885704720012,-0.004829771760639996,0.33288115705686233,0.6165525660459111,0.8354542389495475
2024-12-17,1.2717486915473193,1.267601692576699,-0.004146998970620202,0.33348102632526866,0.6100171265529755,0.8419111078743391
2024-12-18,1.2705797236033036,1.2492708856528711,-0.021308837950432567,0.34179820022688323,0.6070060662199782,0.8446026216589859
2024-12-19,1.129234349509765,1.2279611166771818,0.0987267671674167,0.4455114792227013,0.6604036530994513,0.7060553459672044
2024-12-20,1.0936852450268948,1.220925039188692,0.12723979416179737,0.44736150051805273,0.6622602957866868,0.7025004529736137
2024-12-23,1.0535690024219013,1.1865546573542618,0.1329856549323605,0.47510605049457444,0.6683180507485571,0.6803585069928606
2024-12-24,1.0734997007688718,1.2004617364466263,0.12696203567775455,0.4677605243060208,0.6676944546733924,0.6757556469082103
2024-12-26,1.0583196412108216,1.1958708390128077,0.13755119780198619,0.4739127806802643,0.6738699388651987,0.6738474383822752
2024-12-27,1.0663594735828508,1.1975019490040901,0.13114247542123933,0.45404063939111416,0.6731863580183289,0.673779486948394
2024-12-30,1.0389163269480775,1.1743542934784972,0.1354379665304197,0.4472085706091975,0.6709094657757533,0.6708448580394887
